CRASH_RECORD_ID,CRASH_DATE_EST_I,CRASH_DATE,POSTED_SPEED_LIMIT,TRAFFIC_CONTROL_DEVICE,DEVICE_CONDITION,WEATHER_CONDITION,LIGHTING_CONDITION,FIRST_CRASH_TYPE,TRAFFICWAY_TYPE,LANE_CNT,ALIGNMENT,ROADWAY_SURFACE_COND,ROAD_DEFECT,REPORT_TYPE,CRASH_TYPE,INTERSECTION_RELATED_I,NOT_RIGHT_OF_WAY_I,HIT_AND_RUN_I,DAMAGE,DATE_POLICE_NOTIFIED,PRIM_CONTRIBUTORY_CAUSE,SEC_CONTRIBUTORY_CAUSE,STREET_NO,STREET_DIRECTION,STREET_NAME,BEAT_OF_OCCURRENCE,PHOTOS_TAKEN_I,STATEMENTS_TAKEN_I,DOORING_I,WORK_ZONE_I,WORK_ZONE_TYPE,WORKERS_PRESENT_I,NUM_UNITS,MOST_SEVERE_INJURY,INJURIES_TOTAL,INJURIES_FATAL,INJURIES_INCAPACITATING,INJURIES_NON_INCAPACITATING,INJURIES_REPORTED_NOT_EVIDENT,INJURIES_UNKNOWN,INJURIES_NO_INDICATION,CRASH_HOUR,CRASH_DAY_OF_WEEK,CRASH_MONTH,LATITUDE,LONGITUDE,LOCATION
01899c88bfacb4c1d761438da0a71b9b1101af45dbeaa7537e045ccecf338afab6fad0baa222d3b8198597fbe6ee17228a2ad06eb6c3eb82f1fb70080ac67a8d,,02/05/2025 09:00:00 PM,30,TRAFFIC SIGNAL,FUNCTIONING PROPERLY,CLOUDY/OVERCAST,"DARKNESS, LIGHTED ROAD",TURNING,DIVIDED - W/MEDIAN (NOT RAISED),,STRAIGHT AND LEVEL,ICE,NO DEFECTS,NOT ON SCENE (DESK REPORT),INJURY AND / OR TOW DUE TO CRASH,Y,,,"OVER $1,500",02/06/2025 06:28:00 PM,UNABLE TO DETERMINE,UNABLE TO DETERMINE,60,W,75TH ST,731,,,,,,,2,NO INDICATION OF INJURY,0,0,0,0,0,0,2,21,4,2,41.758300924,-87.6270860211,POINT (-87.627086021088 41.758300923986)
c92babd9df26c64fb51e42a73bb546218506d741a4be42c5046742047171d587cfd2b273f524670adfca17f50269ffd899d9808e0bdff37ee7b9273a7b70049e,,02/05/2025 11:46:00 AM,30,TRAFFIC SIGNAL,FUNCTIONING PROPERLY,CLEAR,DAYLIGHT,SIDESWIPE SAME DIRECTION,DIVIDED - W/MEDIAN (NOT RAISED),,STRAIGHT AND LEVEL,DRY,UNKNOWN,NOT ON SCENE (DESK REPORT),NO INJURY / DRIVE AWAY,,,,"OVER $1,500",02/05/2025 01:25:00 PM,IMPROPER OVERTAKING/PASSING,NOT APPLICABLE,3150,W,26TH ST,1033,,,,,,,2,NO INDICATION OF INJURY,0,0,0,0,0,0,3,11,4,2,41.8446304832,-87.7046403299,POINT (-87.704640329891 41.844630483223)
488697a12f296f2ffc1507c17c49d69da5d7854cd7a50dd0a870ad56af40e22fe4f9a801b12027be24354370b7003e82c1949d7f164bd60082dddb7cd569586c,,02/05/2025 07:35:00 AM,20,NO CONTROLS,NO CONTROLS,UNKNOWN,DAYLIGHT,ANGLE,ONE-WAY,,STRAIGHT AND LEVEL,ICE,UNKNOWN,NOT ON SCENE (DESK REPORT),NO INJURY / DRIVE AWAY,,,,"OVER $1,500",02/11/2025 12:00:00 PM,FAILING TO YIELD RIGHT-OF-WAY,WEATHER,3216,N,MENARD AVE,1633,,,,,,,2,NO INDICATION OF INJURY,0,0,0,0,0,0,3,7,4,2,41.9390601077,-87.7715237438,POINT (-87.771523743785 41.939060107713)
7020e015d0619b5b6acb872f5d24d8fab4e64a2560f438ac5fdbc07b0bc5e12bc2becc3728be44c4d0fc5bc06816e65b70093f7253ae34495de23b3511b5fe23,,02/04/2025 08:40:00 AM,30,TRAFFIC SIGNAL,FUNCTIONING PROPERLY,CLEAR,DAYLIGHT,SIDESWIPE SAME DIRECTION,ONE-WAY,,STRAIGHT AND LEVEL,DRY,NO DEFECTS,NOT ON SCENE (DESK REPORT),NO INJURY / DRIVE AWAY,,,,"OVER $1,500",02/04/2025 08:55:00 AM,UNABLE TO DETERMINE,UNABLE TO DETERMINE,3605,N,ST LOUIS AVE,1732,,,,,,,2,NO INDICATION OF INJURY,0,0,0,0,0,0,2,8,3,2,41.9467354423,-87.7150247188,POINT (-87.71502471879 41.946735442254)
17a95240c012fae3f0daa830439b2bd13d08b1aeedd754de21984b8a49a9e1eacb875cb5f76573b229d3a22d5927c2ccb452d3db45422a1029e8b700c4c96aad,,02/03/2025 07:30:00 AM,30,TRAFFIC SIGNAL,FUNCTIONING PROPERLY,CLOUDY/OVERCAST,DAYLIGHT,TURNING,NOT DIVIDED,,STRAIGHT AND LEVEL,DRY,NO DEFECTS,NOT ON SCENE (DESK REPORT),NO INJURY / DRIVE AWAY,,,Y,"OVER $1,500",02/03/2025 05:49:00 PM,FAILING TO YIELD RIGHT-OF-WAY,NOT APPLICABLE,2401,W,MARQUETTE RD,832,,,,,,,2,NO INDICATION OF INJURY,0,0,0,0,0,0,2,7,2,2,41.7718667445,-87.6835015645,POINT (-87.683501564514 41.771866744474)
824f7a61480d975147f1b700db0751e3bf51c38d8b7d5451684cb839c4c29c0930e83eebcb220a6466a0a91c263780ccb7badb90691cb4db8c661ac055f2c549,,02/01/2025 03:21:00 PM,30,NO CONTROLS,NO CONTROLS,CLEAR,DAYLIGHT,PARKED MOTOR VEHICLE,ONE-WAY,,STRAIGHT AND LEVEL,DRY,NO DEFECTS,ON SCENE,NO INJURY / DRIVE AWAY,,,Y,"OVER $1,500",02/08/2025 02:14:00 PM,FOLLOWING TOO CLOSELY,NOT APPLICABLE,4920,W,ST PAUL AVE,2533,,,,,,,2,NO INDICATION OF INJURY,0,0,0,0,0,0,1,15,7,2,41.9124293786,-87.7501025281,POINT (-87.750102528089 41.912429378566)
0038949789ad359e86a923905af1830cccba63bb11b846e43196fd845f320a858e624c7b700ab3102decfbdd2174ee2135e33bf84294dbf97f971493aaeed48a,,01/31/2025 04:35:00 PM,20,TRAFFIC SIGNAL,FUNCTIONING PROPERLY,CLOUDY/OVERCAST,DAYLIGHT,REAR END,NOT DIVIDED,,STRAIGHT AND LEVEL,WET,NO DEFECTS,ON SCENE,INJURY AND / OR TOW DUE TO CRASH,,,,"OVER $1,500",01/31/2025 04:38:00 PM,UNABLE TO DETERMINE,NOT APPLICABLE,2631,W,ADDISON ST,1921,,,,,,,2,NO INDICATION OF INJURY,0,0,0,0,0,0,2,16,6,1,41.9466012053,-87.6940903028,POINT (-87.694090302787 41.946601205261)
713071f4d665dbfb952a63f97b60724293a9daa62ab03ba39a2f821329cb700301e4f8c291aff1dc74324e9fa942d63aebf54f04caedc16a2b22eee3972badec,,01/29/2025 07:45:00 AM,15,NO CONTROLS,NO CONTROLS,CLEAR,DAYLIGHT,SIDESWIPE SAME DIRECTION,ONE-WAY,,STRAIGHT AND LEVEL,DRY,NO DEFECTS,ON SCENE,INJURY AND / OR TOW DUE TO CRASH,,,,"OVER $1,500",01/29/2025 07:45:00 AM,UNABLE TO DETERMINE,UNABLE TO DETERMINE,3105,N,MARMORA AVE,2514,,,,,,,2,NO INDICATION OF INJURY,0,0,0,0,0,0,5,7,4,1,41.9368612169,-87.7735839614,POINT (-87.773583961398 41.936861216882)
7f0648c66f113c9f7f911453812b80a6363e123bc297d3ff03ac296fee09ccbc1edd65811c0f92db98d53a8b700838a6ca5bf2d381aed776528523b7b347c649,,01/28/2025 10:15:00 AM,30,NO CONTROLS,NO CONTROLS,CLEAR,DAYLIGHT,PARKED MOTOR VEHICLE,NOT DIVIDED,,STRAIGHT AND LEVEL,DRY,NO DEFECTS,NOT ON SCENE (DESK REPORT),NO INJURY / DRIVE AWAY,,,,"$501 - $1,500",01/30/2025 11:00:00 AM,IMPROPER BACKING,NOT APPLICABLE,125,S,WACKER DR,122,,,,,,,2,NO INDICATION OF INJURY,0,0,0,0,0,0,3,10,3,1,41.8800134271,-87.6365723845,POINT (-87.636572384507 41.880013427132)
ff8068c85a8e25782a3a6397b5178b3a2305007213499872fddfaaface18adca141bcb09ae916882ada19ac067b37d14bb6c62d9dbbd974b700166037cdfa798,,01/26/2025 05:50:00 PM,30,TRAFFIC SIGNAL,FUNCTIONING PROPERLY,CLEAR,"DARKNESS, LIGHTED ROAD",REAR END,NOT DIVIDED,,STRAIGHT AND LEVEL,DRY,NO DEFECTS,ON SCENE,NO INJURY / DRIVE AWAY,,,,"$501 - $1,500",01/26/2025 06:01:00 PM,UNABLE TO DETERMINE,NOT APPLICABLE,5747,N,ASHLAND AVE,2012,,,,,,,2,NO INDICATION OF INJURY,0,0,0,0,0,0,3,17,1,1,41.9867193398,-87.669447295,POINT (-87.669447294976 41.98671933983)
8935608e67cddfaf1de9ebf33a123c40db700f9904322fa360c636ea23e80a950eee1c0fefad261033898126acddf95ddd74e97efa3b2a6cd094909a5f9a6938,,01/25/2025 09:01:00 AM,30,NO CONTROLS,NO CONTROLS,CLEAR,DAYLIGHT,REAR END,NOT DIVIDED,,STRAIGHT AND LEVEL,DRY,UNKNOWN,NOT ON SCENE (DESK REPORT),NO INJURY / DRIVE AWAY,,,,"OVER $1,500",01/25/2025 09:25:00 AM,UNABLE TO DETERMINE,UNABLE TO DETERMINE,2432,W,73RD ST,832,,,,,,,2,NO INDICATION OF INJURY,0,0,0,0,0,0,2,9,7,1,41.7611415237,-87.6844300181,POINT (-87.684430018051 41.761141523728)
944b7008d40422ca68d98aaa66128ca5e0a95822ffd5d6485991b9207d4c16209f840a1becb19bb0ba79a4882b8802293a3c78a990ee5ee4e5d1f44c5fb86acf,,01/24/2025 02:52:00 PM,30,TRAFFIC SIGNAL,FUNCTIONING PROPERLY,CLEAR,DAYLIGHT,TURNING,NOT DIVIDED,,STRAIGHT AND LEVEL,DRY,NO DEFECTS,ON SCENE,INJURY AND / OR TOW DUE TO CRASH,Y,,,"OVER $1,500",01/24/2025 02:55:00 PM,DISREGARDING TRAFFIC SIGNALS,NOT APPLICABLE,701,S,COLUMBUS DR,114,,,,,,,2,NONINCAPACITATING INJURY,1,0,0,1,0,0,1,14,6,1,41.8731503686,-87.6204451473,POINT (-87.620445147329 41.873150368624)
e592948bf34890beab845e660f209070ec0c26cc6cdb79672db7003d7f3f1572f924a7a4b57240e9ec01873553cbe2f18358ec064155c49fa21d0a61736d01e6,,01/24/2025 09:00:00 AM,25,NO CONTROLS,NO CONTROLS,CLEAR,DAYLIGHT,SIDESWIPE SAME DIRECTION,ONE-WAY,,STRAIGHT AND LEVEL,UNKNOWN,UNKNOWN,NOT ON SCENE (DESK REPORT),NO INJURY / DRIVE AWAY,,,,"$501 - $1,500",01/24/2025 10:54:00 AM,IMPROPER OVERTAKING/PASSING,UNABLE TO DETERMINE,4856,N,PAULINA ST,2032,,,,,,,2,NO INDICATION OF INJURY,0,0,0,0,0,0,3,9,6,1,41.9705357742,-87.6712129481,POINT (-87.671212948052 41.970535774186)
2ac11e9d7b7ac48b700e16ea19352d445b792ca63af4a6387c2ea181fb881e97205f657ee15761aee78873876e4a03bbe1a7e1a096f0fb25aca4733c14ec375a,,01/22/2025 12:53:00 PM,30,NO CONTROLS,NO CONTROLS,SNOW,DAYLIGHT,TURNING,DIVIDED - W/MEDIAN (NOT RAISED),,STRAIGHT AND LEVEL,WET,NO DEFECTS,NOT ON SCENE (DESK REPORT),NO INJURY / DRIVE AWAY,,,Y,"OVER $1,500",01/22/2025 01:45:00 PM,IMPROPER TURNING/NO SIGNAL,UNABLE TO DETERMINE,4018,N,KEDZIE AVE,1724,,,,,,,2,NO INDICATION OF INJURY,0,0,0,0,0,0,3,12,4,1,41.9545156753,-87.7081801805,POINT (-87.70818018048 41.954515675257)
448cec319828b2ada86a200081a5a7fdfebdbed65ca64d556bde177f8ad8a5d048229e7ebbf4eef29d587bcd62b9f89ba1b977b700b72b1f199d599fef9b6ec3,,01/18/2025 09:20:00 PM,15,NO CONTROLS,NO CONTROLS,CLEAR,"DARKNESS, LIGHTED ROAD",SIDESWIPE SAME DIRECTION,ONE-WAY,,STRAIGHT AND LEVEL,DRY,"RUT, HOLES",ON SCENE,NO INJURY / DRIVE AWAY,,,,"OVER $1,500",01/18/2025 09:34:00 PM,UNABLE TO DETERMINE,NOT APPLICABLE,8630,W,SUMMERDALE AVE,1614,,,,,,,2,NO INDICATION OF INJURY,0,0,0,0,0,0,3,21,7,1,41.9761349079,-87.8427980575,POINT (-87.842798057545 41.976134907901)
083bc3204ca6f05804c1bbcb2a7ff70d6b316152984a2f023e9009a75e157c4e235a336815cdb70025caa8aaf55a1331f3950b1863dbc9f01cb399fccbf3628d,,01/17/2025 11:00:00 AM,30,NO CONTROLS,NO CONTROLS,CLEAR,DAYLIGHT,SIDESWIPE SAME DIRECTION,NOT DIVIDED,,STRAIGHT AND LEVEL,DRY,NO DEFECTS,ON SCENE,NO INJURY / DRIVE AWAY,,,,"$501 - $1,500",01/17/2025 11:09:00 AM,RELATED TO BUS STOP,UNABLE TO DETERMINE,4310,W,IRVING PARK RD,1722,,,,,,,2,NO INDICATION OF INJURY,0,0,0,0,0,0,3,11,6,1,41.9536605038,-87.7359440619,POINT (-87.735944061911 41.95366050379)
c09adf2be91c4354f1813a0c39bb9bc14adcbeeb48a361e9a821717ba9044934d2cd093db6a7e2ba85d1afd0bea3f30faef616d48364ed427b7007f8f288bfa7,,01/16/2025 01:00:00 PM,30,TRAFFIC SIGNAL,UNKNOWN,CLEAR,DAYLIGHT,REAR END,NOT DIVIDED,,STRAIGHT AND LEVEL,UNKNOWN,UNKNOWN,NOT ON SCENE (DESK REPORT),NO INJURY / DRIVE AWAY,,,,"$501 - $1,500",01/16/2025 02:00:00 PM,UNABLE TO DETERMINE,NOT APPLICABLE,9501,S,WESTERN AVE,2213,,,,,,,2,NO INDICATION OF INJURY,0,0,0,0,0,0,2,13,5,1,41.7208489266,-87.6819151126,POINT (-87.681915112556 41.720848926601)
17c770e813c240672a15d74a9908de36bc6b514e829113353f306a4d939c0faacc9300a5f1a51c49f3bc896d4b518394825e9f09a8fa5b6a89287dd7db700371,,01/16/2025 08:55:00 AM,30,UNKNOWN,UNKNOWN,CLEAR,DAYLIGHT,TURNING,UNKNOWN,,STRAIGHT AND LEVEL,UNKNOWN,NO DEFECTS,NOT ON SCENE (DESK REPORT),INJURY AND / OR TOW DUE TO CRASH,Y,,,"OVER $1,500",01/16/2025 08:55:00 AM,UNABLE TO DETERMINE,NOT APPLICABLE,4032,W,NORTH AVE,2534,N,N,,,,,2,NONINCAPACITATING INJURY,2,0,0,2,0,0,1,8,5,1,41.9099791794,-87.7275676245,POINT (-87.727567624525 41.909979179408)
b81130ae3a0aa721b97d2646c553532dae364ec0ccc9c10787b9e12153c3979c9a07974dd8bba3f9929628b659b700b8848bc75dae324f9c89b279b2e48536a6,,01/15/2025 08:00:00 PM,35,NO CONTROLS,NO CONTROLS,CLEAR,"DARKNESS, LIGHTED ROAD",PARKED MOTOR VEHICLE,NOT DIVIDED,,STRAIGHT AND LEVEL,DRY,NO DEFECTS,NOT ON SCENE (DESK REPORT),NO INJURY / DRIVE AWAY,,,,"OVER $1,500",01/15/2025 09:00:00 PM,UNABLE TO DETERMINE,UNABLE TO DETERMINE,915,N,STATE ST,1833,,,,,,,2,NO INDICATION OF INJURY,0,0,0,0,0,0,2,20,4,1,41.8996844037,-87.6281350935,POINT (-87.628135093505 41.899684403673)
1d0ea0f88d5e411af70ba44870b700530ab70344654f29f7998191d4894531897110a4be538146ab8c38bd538bd671356111106e7574824b7f8c54d974f6335d,,01/15/2025 07:40:00 PM,35,NO CONTROLS,NO CONTROLS,CLEAR,"DARKNESS, LIGHTED ROAD",SIDESWIPE OPPOSITE DIRECTION,DIVIDED - W/MEDIAN BARRIER,,"CURVE, LEVEL",WET,NO DEFECTS,ON SCENE,INJURY AND / OR TOW DUE TO CRASH,,,,"$501 - $1,500",01/15/2025 07:43:00 PM,DRIVING SKILLS/KNOWLEDGE/EXPERIENCE,NOT APPLICABLE,10300,W,BALMORAL AVE,1654,,,,,,,3,NONINCAPACITATING INJURY,2,0,0,2,0,0,2,19,4,1,,,
3d412b7725c0640ce02d126d66c9e87898ff7abf3e59b884cb700c29921cded0ed06522e6391d37c8910b06d0eaa839588572e577ea3f484331a8f17f193114a,,01/14/2025 11:45:00 PM,20,NO CONTROLS,NO CONTROLS,CLEAR,DARKNESS,PARKED MOTOR VEHICLE,ONE-WAY,,STRAIGHT AND LEVEL,UNKNOWN,UNKNOWN,NOT ON SCENE (DESK REPORT),INJURY AND / OR TOW DUE TO CRASH,,,Y,"OVER $1,500",01/15/2025 04:00:00 PM,UNABLE TO DETERMINE,UNABLE TO DETERMINE,4203,W,GLADYS AVE,1132,,,,,,,2,NO INDICATION OF INJURY,0,0,0,0,0,0,1,23,3,1,41.8760040351,-87.7306135975,POINT (-87.730613597527 41.87600403511)
d2e0b705e329739dade61dfb7009b32a4c7e07814b2dd39ebbb46be9394da909f133c247afbb2c8ccd9761dac1bf50613994a81ea3e1946b4c5e45a05e9291ed,Y,01/14/2025 10:00:00 AM,25,NO CONTROLS,NO CONTROLS,SNOW,UNKNOWN,PARKED MOTOR VEHICLE,ONE-WAY,,STRAIGHT AND LEVEL,WET,NO DEFECTS,ON SCENE,NO INJURY / DRIVE AWAY,,,Y,"OVER $1,500",01/14/2025 10:19:00 AM,UNABLE TO DETERMINE,UNABLE TO DETERMINE,2637,W,24TH PL,1034,,,,,,,2,NO INDICATION OF INJURY,0,0,0,0,0,0,1,10,3,1,41.8475812356,-87.6918251165,POINT (-87.691825116533 41.847581235579)
41d33709ac13e3997f813fc029de3c80e787903a475de4b1bd89402ae9757dfa596806f0195b700d1b04c77cbf1b53d65985b78a0183c3cf3f5dafc1cad27b16,,01/14/2025 02:00:00 AM,30,NO CONTROLS,NO CONTROLS,CLOUDY/OVERCAST,"DARKNESS, LIGHTED ROAD",PARKED MOTOR VEHICLE,ONE-WAY,,STRAIGHT AND LEVEL,SNOW OR SLUSH,NO DEFECTS,NOT ON SCENE (DESK REPORT),NO INJURY / DRIVE AWAY,,,Y,"OVER $1,500",01/14/2025 06:30:00 PM,UNABLE TO DETERMINE,UNABLE TO DETERMINE,6650,S,ST LAWRENCE AVE,321,,,,,,,2,NO INDICATION OF INJURY,0,0,0,0,0,0,1,2,3,1,41.7733710312,-87.6107919226,POINT (-87.610791922608 41.773371031182)
0e44d25738d589f0d0429c5368203b5cb7371ece98d73e54a29d0cd5d7509dc2d85a9cf61c810390b7163dded7ff91c3e5078bbf65bb7008afede75b1599ccce,,01/13/2025 07:40:00 AM,30,TRAFFIC SIGNAL,FUNCTIONING PROPERLY,CLEAR,DAYLIGHT,REAR END,DIVIDED - W/MEDIAN (NOT RAISED),,STRAIGHT AND LEVEL,ICE,NO DEFECTS,ON SCENE,NO INJURY / DRIVE AWAY,,,,"OVER $1,500",01/13/2025 07:42:00 AM,WEATHER,WEATHER,7148,W,GRAND AVE,2512,,Y,,,,,2,NO INDICATION OF INJURY,0,0,0,0,0,0,2,7,2,1,41.9238417201,-87.8044620451,POINT (-87.804462045066 41.923841720065)
d1efc4e36f3ad27dfe9e0d544354d8a10e0bc2d0ba2b2a6fc73b5fe8744252071fb6daa7dbafea552b81c763a0ed40554aa2434acb7005264ea468909c79364b,,01/12/2025 08:40:00 PM,30,TRAFFIC SIGNAL,FUNCTIONING PROPERLY,CLEAR,DARKNESS,REAR END,DIVIDED - W/MEDIAN (NOT RAISED),,STRAIGHT AND LEVEL,DRY,NO DEFECTS,NOT ON SCENE (DESK REPORT),NO INJURY / DRIVE AWAY,,,,"OVER $1,500",01/12/2025 09:28:00 PM,DISREGARDING TRAFFIC SIGNALS,FOLLOWING TOO CLOSELY,1150,N,CICERO AVE,1531,,,,,,,2,NO INDICATION OF INJURY,0,0,0,0,0,0,2,20,1,1,41.9020284377,-87.7461170556,POINT (-87.746117055647 41.902028437703)
3a315402ef57df93cb4da9eb770ec7f2e40f03f957895d62e9401b50460cc48b700091cea6f6264f7283e9967859370a399dc18210aec6df5cd6af52c2275634,,01/11/2025 01:00:00 PM,30,NO CONTROLS,NO CONTROLS,CLEAR,DAYLIGHT,REAR END,DIVIDED - W/MEDIAN (NOT RAISED),,STRAIGHT AND LEVEL,WET,NO DEFECTS,NOT ON SCENE (DESK REPORT),NO INJURY / DRIVE AWAY,,,,"$501 - $1,500",01/11/2025 01:55:00 PM,UNABLE TO DETERMINE,NOT APPLICABLE,2946,N,WESTERN AVE,1411,,,,,,,2,NO INDICATION OF INJURY,0,0,0,0,0,0,3,13,7,1,41.9355305877,-87.6881188797,POINT (-87.688118879738 41.935530587746)
16c3ecb936890a1a2252217e89f2febdb8a4477ad615783b700158f78c1a9a14329f60b06f585ebb6a8661361fa603dda60e2fb486a7756ed9f1a0b6515ec475,,01/07/2025 10:51:00 PM,30,TRAFFIC SIGNAL,FUNCTIONING PROPERLY,CLEAR,"DARKNESS, LIGHTED ROAD",ANGLE,FOUR WAY,,STRAIGHT ON GRADE,DRY,NO DEFECTS,ON SCENE,INJURY AND / OR TOW DUE TO CRASH,Y,,,"OVER $1,500",01/07/2025 10:51:00 PM,UNDER THE INFLUENCE OF ALCOHOL/DRUGS (USE WHEN ARREST IS EFFECTED),DISREGARDING TRAFFIC SIGNALS,2100,W,47TH ST,924,,,,,,,2,NONINCAPACITATING INJURY,1,0,0,1,0,0,2,22,3,1,41.8086106807,-87.6772361792,POINT (-87.677236179215 41.808610680668)
a9284496d85c7ab1af6aa76fb7006cc60befefb1d17d2301565da3a8d7c8c3b2e7c3a3ea1fd0b880e06fcc85872c7bb471821ce73a824fad89f288b11aac65f7,,12/30/2024 06:00:00 PM,30,NO CONTROLS,NO CONTROLS,CLEAR,"DARKNESS, LIGHTED ROAD",ANGLE,ALLEY,,STRAIGHT AND LEVEL,DRY,NO DEFECTS,ON SCENE,NO INJURY / DRIVE AWAY,,,,"OVER $1,500",12/30/2024 06:00:00 PM,FAILING TO YIELD RIGHT-OF-WAY,FAILING TO YIELD RIGHT-OF-WAY,5045,S,ROCKWELL ST,923,,,,,,,3,NO INDICATION OF INJURY,0,0,0,0,0,0,2,18,2,12,41.8015621192,-87.6889862889,POINT (-87.688986288886 41.801562119184)
6ae3f55be5432743cb667e07651decae2802fd358f01af99596b700063282ae91bb0c3d0b9b4c68d10fe853a774901acdac76f13cb2ce0f128369d220c3daf9c,,12/29/2024 03:56:00 AM,30,TRAFFIC SIGNAL,FUNCTIONING PROPERLY,RAIN,"DARKNESS, LIGHTED ROAD",REAR END,NOT DIVIDED,,STRAIGHT AND LEVEL,WET,NO DEFECTS,ON SCENE,INJURY AND / OR TOW DUE TO CRASH,,,Y,$500 OR LESS,12/29/2024 04:00:00 AM,"OPERATING VEHICLE IN ERRATIC, RECKLESS, CARELESS, NEGLIGENT OR AGGRESSIVE MANNER",NOT APPLICABLE,3500,S,PULASKI RD,1031,,Y,,,,,2,NONINCAPACITATING INJURY,2,0,0,2,0,0,5,3,1,12,41.830223541,-87.7243519545,POINT (-87.724351954456 41.830223541014)
aef4462b7c82ded6b7004cd022919f7cb26601e195cc00aa4b27b64223a7ebdc775b913f9872012c059f056f66dc7ac3fbf5ffd7a4acc1a70645d43348e9a290,,12/26/2024 11:00:00 PM,30,NO CONTROLS,NO CONTROLS,RAIN,DUSK,PARKED MOTOR VEHICLE,ONE-WAY,,STRAIGHT AND LEVEL,WET,NO DEFECTS,ON SCENE,INJURY AND / OR TOW DUE TO CRASH,,,Y,"OVER $1,500",12/26/2024 11:05:00 PM,UNABLE TO DETERMINE,PHYSICAL CONDITION OF DRIVER,1427,N,MASSASOIT AVE,2531,,,,,,,2,NO INDICATION OF INJURY,0,0,0,0,0,0,1,23,5,12,41.9065336152,-87.7693021771,POINT (-87.769302177139 41.906533615214)
66c130183dcf5df3b7a44ffa62a2b6182d850a77ff744281efdb4390714956cf02aad6264b96c8ee8a42d921fdccd39f1b53fa57e12b9cb700c31665f6b2f6d3,,12/21/2024 12:06:00 PM,30,TRAFFIC SIGNAL,FUNCTIONING PROPERLY,CLEAR,DAYLIGHT,TURNING,ONE-WAY,,STRAIGHT AND LEVEL,DRY,NO DEFECTS,NOT ON SCENE (DESK REPORT),NO INJURY / DRIVE AWAY,Y,,,"OVER $1,500",12/21/2024 04:01:00 PM,IMPROPER OVERTAKING/PASSING,IMPROPER OVERTAKING/PASSING,630,W,RANDOLPH ST,121,,,,,,,2,NO INDICATION OF INJURY,0,0,0,0,0,0,2,12,7,12,41.8845380426,-87.6441327462,POINT (-87.644132746185 41.884538042597)
2a5f817b46c97d45145587deead1edb7003560f1243d7e4510e7e4371beb97bea785491ef7e0734405fd7fac7ad2a8b74e34dc9e3d101b6aa594d76010611177,,12/20/2024 12:20:00 PM,30,NO CONTROLS,NO CONTROLS,CLEAR,DAYLIGHT,PARKED MOTOR VEHICLE,ONE-WAY,,STRAIGHT AND LEVEL,SNOW OR SLUSH,UNKNOWN,ON SCENE,INJURY AND / OR TOW DUE TO CRASH,,,Y,"OVER $1,500",12/20/2024 12:55:00 PM,UNABLE TO DETERMINE,UNABLE TO DETERMINE,4348,S,INDIANA AVE,215,,,,,,,3,NO INDICATION OF INJURY,0,0,0,0,0,0,1,12,6,12,41.8151213332,-87.6215150737,POINT (-87.621515073666 41.815121333196)
ec3b5ccfdd984508cec4236e66697b7005ae51b8d53c73f424fc5ee5060dfb8feab5f8c817b2f60df35ac2aa81118ecf984f071c8fde21c9246ad263ce08a581,Y,12/17/2024 09:00:00 AM,0,NO CONTROLS,NO CONTROLS,CLEAR,DARKNESS,PARKED MOTOR VEHICLE,OTHER,,STRAIGHT AND LEVEL,DRY,UNKNOWN,ON SCENE,NO INJURY / DRIVE AWAY,,,Y,"OVER $1,500",12/17/2024 06:10:00 PM,UNABLE TO DETERMINE,UNABLE TO DETERMINE,5700,S,ELIZABETH ST,713,,,,,,,2,NO INDICATION OF INJURY,0,0,0,0,0,0,1,9,3,12,41.7904147207,-87.6561393195,POINT (-87.656139319542 41.790414720673)
8c3b549c36792ce4c7511fac1e13b5b249b3ed016c2dec7ef8d3a7d3ccfce66f1500f2ada9656482675643cfef63017d21b700f8a3f43bab8f91e626151687fc,,12/15/2024 01:03:00 AM,30,NO CONTROLS,NO CONTROLS,RAIN,"DARKNESS, LIGHTED ROAD",SIDESWIPE SAME DIRECTION,NOT DIVIDED,,STRAIGHT AND LEVEL,WET,UNKNOWN,NOT ON SCENE (DESK REPORT),NO INJURY / DRIVE AWAY,,,Y,"OVER $1,500",12/15/2024 01:25:00 AM,IMPROPER OVERTAKING/PASSING,FAILING TO YIELD RIGHT-OF-WAY,3300,W,GLENLAKE AVE,1711,,,,,,,2,NO INDICATION OF INJURY,0,0,0,0,0,0,2,1,1,12,41.9921835474,-87.711454626,POINT (-87.711454625976 41.992183547423)
6540e82743f0ec8b1db962b700e23f29324ed106d31f2ac51f99d1484bda31c1f5513712c608b0217b4ce291ce8fa9ee8ab8eeccbdbd1c5d6f6edad564927d19,,12/14/2024 09:00:00 PM,30,NO CONTROLS,NO CONTROLS,UNKNOWN,"DARKNESS, LIGHTED ROAD",SIDESWIPE SAME DIRECTION,NOT DIVIDED,,STRAIGHT AND LEVEL,UNKNOWN,NO DEFECTS,NOT ON SCENE (DESK REPORT),INJURY AND / OR TOW DUE TO CRASH,,,,"OVER $1,500",01/08/2025 08:30:00 PM,IMPROPER OVERTAKING/PASSING,NOT APPLICABLE,6742,W,ARCHER AVE,811,,,,,,,2,NO INDICATION OF INJURY,0,0,0,0,0,0,2,21,7,12,41.7922807188,-87.7908414342,POINT (-87.790841434156 41.792280718781)