CRASH_RECORD_ID,CRASH_DATE_EST_I,CRASH_DATE,POSTED_SPEED_LIMIT,TRAFFIC_CONTROL_DEVICE,DEVICE_CONDITION,WEATHER_CONDITION,LIGHTING_CONDITION,FIRST_CRASH_TYPE,TRAFFICWAY_TYPE,LANE_CNT,ALIGNMENT,ROADWAY_SURFACE_COND,ROAD_DEFECT,REPORT_TYPE,CRASH_TYPE,INTERSECTION_RELATED_I,NOT_RIGHT_OF_WAY_I,HIT_AND_RUN_I,DAMAGE,DATE_POLICE_NOTIFIED,PRIM_CONTRIBUTORY_CAUSE,SEC_CONTRIBUTORY_CAUSE,STREET_NO,STREET_DIRECTION,STREET_NAME,BEAT_OF_OCCURRENCE,PHOTOS_TAKEN_I,STATEMENTS_TAKEN_I,DOORING_I,WORK_ZONE_I,WORK_ZONE_TYPE,WORKERS_PRESENT_I,NUM_UNITS,MOST_SEVERE_INJURY,INJURIES_TOTAL,INJURIES_FATAL,INJURIES_INCAPACITATING,INJURIES_NON_INCAPACITATING,INJURIES_REPORTED_NOT_EVIDENT,INJURIES_UNKNOWN,INJURIES_NO_INDICATION,CRASH_HOUR,CRASH_DAY_OF_WEEK,CRASH_MONTH,LATITUDE,LONGITUDE,LOCATION
679ee52e3406582461d815a272c2c041c30731ce00e173efd6662a65db70099d1675be0f9d8ccd7dba0119397577c1bdf2f9c778dd91237a4e56c0f2b4782ab2,,12/14/2024 03:00:00 PM,30,NO CONTROLS,NO CONTROLS,CLEAR,DAYLIGHT,PARKED MOTOR VEHICLE,ONE-WAY,,STRAIGHT AND LEVEL,DRY,UNKNOWN,NOT ON SCENE (DESK REPORT),NO INJURY / DRIVE AWAY,,,Y,"$501 - $1,500",12/17/2024 06:20:00 PM,UNABLE TO DETERMINE,NOT APPLICABLE,3246,N,ALBANY AVE,1733,N,,,,,,2,NO INDICATION OF INJURY,0,0,0,0,0,0,1,15,7,12,41.9407381999,-87.7053565234,POINT (-87.705356523435 41.940738199908)
6e61cb10fdc866b19bb3a52f923f20b7003610a5cc4652f6caf5cfb3c10df5070ea156178f8168fd95084d2fba8fdf0e91c6dc2ceb05d9774a3609ceea4ff8a3,,12/14/2024 11:35:00 AM,10,NO CONTROLS,NO CONTROLS,CLEAR,DAYLIGHT,PARKED MOTOR VEHICLE,PARKING LOT,,STRAIGHT AND LEVEL,DRY,NO DEFECTS,ON SCENE,NO INJURY / DRIVE AWAY,,Y,Y,"OVER $1,500",12/14/2024 11:43:00 AM,UNABLE TO DETERMINE,NOT APPLICABLE,2427,W,CHICAGO AVE,1221,,,,,,,2,NO INDICATION OF INJURY,0,0,0,0,0,0,1,11,7,12,41.8956199525,-87.6879583907,POINT (-87.687958390749 41.895619952492)
fe6c521b7daf1d48b0b7002457a22d280c83fe3bb6e57181e3d364d476f940ed53fd16c844843bfe64976a19d19b7fb2dd5adadb7eed6a89b2111e06af1aea06,,12/13/2024 04:05:00 PM,30,NO CONTROLS,NO CONTROLS,CLEAR,DUSK,SIDESWIPE SAME DIRECTION,DIVIDED - W/MEDIAN (NOT RAISED),,STRAIGHT AND LEVEL,DRY,NO DEFECTS,NOT ON SCENE (DESK REPORT),NO INJURY / DRIVE AWAY,,,,"OVER $1,500",12/13/2024 04:40:00 PM,FAILING TO YIELD RIGHT-OF-WAY,FAILING TO YIELD RIGHT-OF-WAY,4238,W,NORTH AVE,2534,,,,,,,2,NO INDICATION OF INJURY,0,0,0,0,0,0,2,16,6,12,41.9099087546,-87.7328497382,POINT (-87.732849738164 41.909908754554)
c51ee85e8bf8ee61e96c16f5c898bf582f2a701e26e80f9ddd56c1302908b716e1715fde663982ea05df46df2428d80bf33aa7e5d21faf9ab700160535efad96,,12/13/2024 11:57:00 AM,15,NO CONTROLS,NO CONTROLS,CLEAR,DAYLIGHT,OTHER OBJECT,ALLEY,,STRAIGHT AND LEVEL,WET,NO DEFECTS,ON SCENE,NO INJURY / DRIVE AWAY,,Y,,"OVER $1,500",12/13/2024 11:59:00 AM,NOT APPLICABLE,NOT APPLICABLE,2040,E,80TH ST,414,,,,,,,1,NO INDICATION OF INJURY,0,0,0,0,0,0,1,11,6,12,41.7499193074,-87.5743356718,POINT (-87.574335671778 41.749919307383)
c993cfb573729bbbe2511aa6b1f6580d9e025535e57996294061b7004312704e24ada71cbaa61463910d01dd38933845ee27cc5048b48b572ff7e19f87c35d3c,,12/12/2024 03:54:00 AM,30,NO CONTROLS,NO CONTROLS,CLEAR,"DARKNESS, LIGHTED ROAD",PARKED MOTOR VEHICLE,ONE-WAY,,STRAIGHT AND LEVEL,DRY,NO DEFECTS,ON SCENE,INJURY AND / OR TOW DUE TO CRASH,,,Y,"OVER $1,500",12/12/2024 03:54:00 AM,UNABLE TO DETERMINE,NOT APPLICABLE,6157,S,PARKSIDE AVE,812,,,,,,,3,NO INDICATION OF INJURY,0,0,0,0,0,0,1,3,5,12,41.780016366,-87.7628798575,POINT (-87.762879857472 41.780016366023)
250391c9b4f50efb700a73802a5947f4208f8a7823972b8e001a4836d34a0ad694037c212cb4b58f9d5d5e8537a123e60d4f6d4995a92ce1f4716f41ab6900e1,,12/11/2024 03:00:00 PM,25,NO CONTROLS,NO CONTROLS,UNKNOWN,DAYLIGHT,PARKED MOTOR VEHICLE,DIVIDED - W/MEDIAN (NOT RAISED),,STRAIGHT AND LEVEL,UNKNOWN,UNKNOWN,NOT ON SCENE (DESK REPORT),NO INJURY / DRIVE AWAY,,,Y,"OVER $1,500",12/11/2024 04:07:00 PM,FAILING TO REDUCE SPEED TO AVOID CRASH,NOT APPLICABLE,2321,W,DEVON AVE,2413,,,,,,,2,NO INDICATION OF INJURY,0,0,0,0,0,0,1,15,4,12,41.997645671,-87.6883453786,POINT (-87.688345378628 41.997645670961)
1da362ca3e434ee98d54d90f3fd3c5de07b276d1c05bfb1876765e52676dbdde1d8ff0e744f88818d01a7586b79d20cb6cd853ddc96050f2b700d28193420929,,12/05/2024 03:45:00 PM,30,TRAFFIC SIGNAL,FUNCTIONING PROPERLY,CLEAR,DAYLIGHT,TURNING,T-INTERSECTION,,STRAIGHT AND LEVEL,DRY,NO DEFECTS,NOT ON SCENE (DESK REPORT),NO INJURY / DRIVE AWAY,Y,,Y,"$501 - $1,500",12/13/2024 09:00:00 AM,IMPROPER TURNING/NO SIGNAL,NOT APPLICABLE,400,E,LOWER WACKER DR,114,,,,,,,2,NO INDICATION OF INJURY,0,0,0,0,0,0,2,15,5,12,41.8875511317,-87.6173560083,POINT (-87.617356008287 41.8875511317)
c7b02872a5a9de635735839c7d177bca431134e2ee61e85c73b90999d6d332257d9993a9b7060e1eb700d3f66e5c8332260a401a3704ef0886e6962c05ed4c0e,,12/05/2024 09:00:00 AM,30,TRAFFIC SIGNAL,FUNCTIONING PROPERLY,CLEAR,DAYLIGHT,REAR END,FOUR WAY,,STRAIGHT AND LEVEL,DRY,NO DEFECTS,NOT ON SCENE (DESK REPORT),NO INJURY / DRIVE AWAY,Y,,,"$501 - $1,500",12/05/2024 10:00:00 AM,FOLLOWING TOO CLOSELY,NOT APPLICABLE,2401,W,79TH ST,835,,,,,,,2,NO INDICATION OF INJURY,0,0,0,0,0,0,2,9,5,12,41.7499851829,-87.6828207753,POINT (-87.682820775329 41.749985182854)
a666c797f246af88a303b3f7a72ae492b6a9ff642da9dd1ae06b1d188da124c4c4f9e6461a4f8b700727a80bb26f003828efab2f0224a0f338d0cb3d51b6f00a,,12/03/2024 03:05:00 PM,30,NO CONTROLS,NO CONTROLS,CLEAR,DAYLIGHT,TURNING,UNKNOWN,,STRAIGHT AND LEVEL,DRY,NO DEFECTS,NOT ON SCENE (DESK REPORT),NO INJURY / DRIVE AWAY,,,Y,"OVER $1,500",12/03/2024 03:50:00 PM,UNABLE TO DETERMINE,NOT APPLICABLE,7748,S,HALSTED ST,621,,,,,,,2,NO INDICATION OF INJURY,0,0,0,0,0,0,2,15,3,12,41.7528254835,-87.6442436272,POINT (-87.644243627231 41.75282548346)
34897b7eecaba7a117255c76494eb89d0b3ca5aa8a5bc765a122a405eb794e36043a09a537a4b700279bfeb3411976825bff6f910db3fe280adb4dd7566121fd,,12/02/2024 03:00:00 PM,30,NO CONTROLS,NO CONTROLS,CLEAR,DAYLIGHT,SIDESWIPE OPPOSITE DIRECTION,ONE-WAY,,STRAIGHT AND LEVEL,DRY,NO DEFECTS,NOT ON SCENE (DESK REPORT),NO INJURY / DRIVE AWAY,,,,"OVER $1,500",12/03/2024 02:50:00 PM,IMPROPER OVERTAKING/PASSING,NOT APPLICABLE,2843,N,BURLING ST,1934,,,,,,,2,NO INDICATION OF INJURY,0,0,0,0,0,0,2,15,2,12,41.9339714631,-87.647563561,POINT (-87.647563561034 41.933971463137)
3c147928b9aab1ecb815aa3753c520e957164e9227909863483251f9a431a2c1a82f4d9576978df4a0e47ae702687c2cacda8e945f8349db12a7ab7005c138fa,,12/02/2024 12:30:00 PM,30,NO CONTROLS,NO CONTROLS,CLEAR,DAYLIGHT,ANGLE,NOT DIVIDED,,STRAIGHT AND LEVEL,DRY,NO DEFECTS,NOT ON SCENE (DESK REPORT),NO INJURY / DRIVE AWAY,,,N,"$501 - $1,500",12/02/2024 08:05:00 PM,FAILING TO YIELD RIGHT-OF-WAY,NOT APPLICABLE,298,W,GARFIELD BLVD,935,,,,,,,2,NO INDICATION OF INJURY,0,0,0,0,0,0,3,12,2,12,41.7946257177,-87.6329422736,POINT (-87.632942273645 41.794625717721)
f9e4af36c05d9b700a09dc98437fcd090a6fdc31fb0e9289afbea12cc27a5f16762de2f1e16be526023cc8b2d84d209728f103da2e949ec2130e8e5f8eba7b02,,11/28/2024 06:30:00 PM,30,NO CONTROLS,NO CONTROLS,CLEAR,"DARKNESS, LIGHTED ROAD",PARKED MOTOR VEHICLE,ONE-WAY,,STRAIGHT AND LEVEL,DRY,NO DEFECTS,NOT ON SCENE (DESK REPORT),NO INJURY / DRIVE AWAY,,,Y,"OVER $1,500",11/29/2024 01:10:00 PM,UNABLE TO DETERMINE,UNABLE TO DETERMINE,6064,S,CENTRAL PARK AVE,823,,,,,,,2,NO INDICATION OF INJURY,0,0,0,0,0,0,1,18,5,11,41.7824942676,-87.7134141653,POINT (-87.713414165302 41.782494267612)
2e89ec660bb9dc1e349e6d3b93e23db9a41fb7009bea5d1fa8e2009ce61265f4170dd54a8e28ac115a23eb2708f5b9102cd850b5b985229efc65a1c30972cdd8,,11/25/2024 10:22:00 AM,10,NO CONTROLS,NO CONTROLS,CLEAR,DAYLIGHT,PARKED MOTOR VEHICLE,PARKING LOT,,STRAIGHT AND LEVEL,DRY,NO DEFECTS,ON SCENE,NO INJURY / DRIVE AWAY,,,Y,$500 OR LESS,11/25/2024 10:22:00 AM,NOT APPLICABLE,NOT APPLICABLE,901,N,ASHLAND AVE,1213,,,,,,,2,NO INDICATION OF INJURY,0,0,0,0,0,0,1,10,2,11,41.8979241523,-87.66719596,POINT (-87.667195959966 41.897924152312)
bd9d183ea1cd0880dbee2578adfc29e8ef59018d82a0d94c83d13ea7d2bef26564536b9ba5ee7053f8943d6cfa55c29b700e0e767d8b740a52f2ec58cfa7783e,,11/23/2024 02:15:00 PM,30,NO CONTROLS,NO CONTROLS,CLEAR,DAYLIGHT,REAR END,DIVIDED - W/MEDIAN (NOT RAISED),,STRAIGHT AND LEVEL,UNKNOWN,UNKNOWN,NOT ON SCENE (DESK REPORT),NO INJURY / DRIVE AWAY,,,,"$501 - $1,500",11/23/2024 03:45:00 PM,UNABLE TO DETERMINE,NOT APPLICABLE,5631,W,BELMONT AVE,2514,,,,,,,2,NO INDICATION OF INJURY,0,0,0,0,0,0,2,14,7,11,41.9384498205,-87.7677705158,POINT (-87.767770515779 41.938449820454)
402731a5a7d80113b90a2c75713f385b700346c78a7172bd018150d31f49da52ba4be9b99b29dd936e4c101851420dbb9ba7684ec28e76d5771153d92d24bb69,,11/23/2024 01:35:00 PM,10,NO CONTROLS,NO CONTROLS,CLEAR,DAYLIGHT,FIXED OBJECT,ALLEY,,STRAIGHT AND LEVEL,DRY,NO DEFECTS,ON SCENE,NO INJURY / DRIVE AWAY,,,Y,"OVER $1,500",11/23/2024 01:40:00 PM,UNABLE TO DETERMINE,UNABLE TO DETERMINE,8740,S,BENNETT AVE,412,,,,,,,1,NO INDICATION OF INJURY,0,0,0,0,0,0,1,13,7,11,41.7357968532,-87.5782673306,POINT (-87.578267330611 41.735796853199)
3614b70004478002cb5fbeba6cb472bd346c7837763ef41c196e25b681eb72652d62955a6d0fbb4d53f4b0ad84b91b029ec46aced50db743d8798e65fb263c0f,,11/21/2024 09:52:00 AM,35,TRAFFIC SIGNAL,UNKNOWN,SNOW,DAYLIGHT,REAR END,FOUR WAY,,STRAIGHT AND LEVEL,WET,UNKNOWN,ON SCENE,NO INJURY / DRIVE AWAY,Y,,,"OVER $1,500",11/21/2024 09:58:00 AM,FAILING TO REDUCE SPEED TO AVOID CRASH,FAILING TO YIELD RIGHT-OF-WAY,1600,W,ROOSEVELT RD,1231,,,,,,,2,NO INDICATION OF INJURY,0,0,0,0,0,0,2,9,5,11,41.8669711164,-87.6665097438,POINT (-87.666509743796 41.86697111645)
8b700e34380c7dd8f25b48a32a459b6b3b1fb9f83fe5ba0dd497780ab2879d8c08c087f30c6132407857a77ff592977b93d3f4b4fe0bc7eb67921d5308e477cc,,11/13/2024 10:55:00 PM,30,NO CONTROLS,NO CONTROLS,UNKNOWN,DARKNESS,PARKED MOTOR VEHICLE,NOT DIVIDED,,STRAIGHT AND LEVEL,UNKNOWN,UNKNOWN,NOT ON SCENE (DESK REPORT),NO INJURY / DRIVE AWAY,,,Y,"OVER $1,500",11/15/2024 11:00:00 AM,UNABLE TO DETERMINE,UNABLE TO DETERMINE,4539,S,CALIFORNIA AVE,922,,,,,,,2,NO INDICATION OF INJURY,0,0,0,0,0,0,1,22,4,11,41.8107444622,-87.6941320303,POINT (-87.694132030344 41.810744462238)
88a71eb1d753b700f8da4bd4c9b13113a09f09fc7f05fa3827e504dd24a9f114fd9b45ea8f13405c5649d0c0762a2d54afe2fd5a825282aebe8894388f3cfbbb,,11/09/2024 10:57:00 PM,30,TRAFFIC SIGNAL,FUNCTIONING PROPERLY,RAIN,"DARKNESS, LIGHTED ROAD",TURNING,NOT DIVIDED,,STRAIGHT AND LEVEL,WET,NO DEFECTS,NOT ON SCENE (DESK REPORT),NO INJURY / DRIVE AWAY,Y,,,"OVER $1,500",11/10/2024 12:00:00 AM,UNABLE TO DETERMINE,DRIVING SKILLS/KNOWLEDGE/EXPERIENCE,2400,N,HALSTED ST,1935,,,,,,,2,NO INDICATION OF INJURY,0,0,0,0,0,0,2,22,7,11,41.9255403154,-87.6489121555,POINT (-87.648912155512 41.925540315432)
7670e6d278d88ec1cb16a9ae165b88009029495a59714b09d727a09e9c82e31e20dfdc91bc2c8c1f31fb5167afa1c1ccb8fa5b7002e5ca5be683efabe9b792c7,,11/08/2024 02:50:00 PM,25,UNKNOWN,UNKNOWN,CLEAR,DAYLIGHT,REAR END,UNKNOWN,,STRAIGHT AND LEVEL,DRY,UNKNOWN,NOT ON SCENE (DESK REPORT),NO INJURY / DRIVE AWAY,,,,"OVER $1,500",11/08/2024 04:39:00 PM,FOLLOWING TOO CLOSELY,NOT APPLICABLE,532,E,87TH ST,632,,,,,,,2,NO INDICATION OF INJURY,0,0,0,0,0,0,2,14,6,11,41.7366698665,-87.6107479846,POINT (-87.610747984625 41.736669866503)
2e6394ca5c592b444f28793e643dbfabd455f983d3ec9cc1ccef755f093fc82f6a44824d8756ac1426a7ce76029cccfadad0b636b700a0d067ce661d425dee85,,11/08/2024 08:15:00 AM,30,STOP SIGN/FLASHER,FUNCTIONING PROPERLY,CLEAR,DAYLIGHT,REAR END,NOT DIVIDED,,STRAIGHT AND LEVEL,DRY,NO DEFECTS,NOT ON SCENE (DESK REPORT),INJURY AND / OR TOW DUE TO CRASH,,,Y,"OVER $1,500",11/08/2024 08:45:00 AM,FOLLOWING TOO CLOSELY,NOT APPLICABLE,1437,E,HYDE PARK BLVD,234,,,,,,,2,NONINCAPACITATING INJURY,1,0,0,1,0,0,1,8,6,11,41.8023297337,-87.5902853832,POINT (-87.590285383233 41.802329733701)
374d33a7e290e157c716f881133ed92126f4cf66dcb956edc3cd3480903b25c1620f2af9999789f170520e66ec423f65c5d0b72b7000e0d22e07d9e8ab051aee,,11/07/2024 03:15:00 PM,15,NO CONTROLS,NO CONTROLS,CLEAR,DAYLIGHT,PARKED MOTOR VEHICLE,PARKING LOT,,STRAIGHT AND LEVEL,DRY,NO DEFECTS,ON SCENE,NO INJURY / DRIVE AWAY,,N,,"OVER $1,500",11/11/2024 09:00:00 AM,IMPROPER BACKING,NOT APPLICABLE,5424,N,OKETO AVE,1613,,,,,,,2,NO INDICATION OF INJURY,0,0,0,0,0,0,1,15,5,11,41.9785150122,-87.812090569,POINT (-87.812090569013 41.978515012202)
eedecc6299eea32146c1cd276ad152b7002c32191510da263d699cb6f74aa82a5b6526c1086ad72e845d2afe1ce14c7e23f9245496499e2b0c33b27b435e805a,,11/06/2024 11:08:00 AM,30,NO CONTROLS,NO CONTROLS,CLEAR,DAYLIGHT,REAR END,NOT DIVIDED,,STRAIGHT AND LEVEL,DRY,NO DEFECTS,ON SCENE,NO INJURY / DRIVE AWAY,,,,"OVER $1,500",11/06/2024 11:10:00 AM,FOLLOWING TOO CLOSELY,NOT APPLICABLE,6700,S,WOOD ST,726,,,,,,,2,NO INDICATION OF INJURY,0,0,0,0,0,0,2,11,4,11,41.7720303329,-87.6690190252,POINT (-87.669019025177 41.77203033286)
93d5fbf4420f73044119347a6ca0e404a05f4dc959b6a0b0098e6488585d9641629e43eb42568c541c4342df7c55041de52b8b700c3242a5ba3d1ec5f791be44,,11/03/2024 03:45:00 PM,20,NO CONTROLS,NO CONTROLS,CLEAR,DAYLIGHT,PARKED MOTOR VEHICLE,ONE-WAY,,STRAIGHT AND LEVEL,WET,NO DEFECTS,ON SCENE,NO INJURY / DRIVE AWAY,,,Y,"OVER $1,500",11/03/2024 03:47:00 PM,UNABLE TO DETERMINE,UNABLE TO DETERMINE,2828,N,PINE GROVE AVE,1934,,,,,,,2,NO INDICATION OF INJURY,0,0,0,0,0,0,2,15,1,11,41.9337258496,-87.6415192071,POINT (-87.641519207104 41.933725849551)
1f63de9e7f82823e12aa023eb51a5cc77a7fe8c3687b267448767f3d030156fdb70045b058abe14218b7c11b38ff9e80bd30c1f54f6bda34ff356a5b3f6c3512,,11/03/2024 01:35:00 PM,30,NO CONTROLS,NO CONTROLS,CLEAR,DAYLIGHT,REAR END,NOT DIVIDED,,STRAIGHT AND LEVEL,DRY,NO DEFECTS,NOT ON SCENE (DESK REPORT),NO INJURY / DRIVE AWAY,,,,"OVER $1,500",11/03/2024 03:35:00 PM,FOLLOWING TOO CLOSELY,NOT APPLICABLE,12,E,CERMAK RD,131,,,,,,,2,NO INDICATION OF INJURY,0,0,0,0,0,0,2,13,1,11,41.8529496093,-87.626552693,POINT (-87.62655269302 41.852949609335)
faedaec1c02a64685e614d26858b88b700bd104026ae75f1d319c5b03c3de9791d8482b4c31df82808773e5986f7b3aac5260928fd72a7ac1e2c961f14f6affa,Y,11/03/2024 12:30:00 PM,30,UNKNOWN,UNKNOWN,UNKNOWN,UNKNOWN,OTHER OBJECT,PARKING LOT,,STRAIGHT AND LEVEL,UNKNOWN,UNKNOWN,NOT ON SCENE (DESK REPORT),NO INJURY / DRIVE AWAY,,,Y,"OVER $1,500",11/03/2024 01:55:00 PM,UNABLE TO DETERMINE,NOT APPLICABLE,2,E,8TH ST,123,,,,,,,1,NO INDICATION OF INJURY,0,0,0,0,0,0,1,12,1,11,41.8719172146,-87.627492761,POINT (-87.627492760975 41.871917214589)
f4a3c1f186293d43a91098514e5acc7e069ae2cabaf93846784762004a6c0775de1e9c7455dcb700a68ef73a80efee94b2a896813704da6328493061bc448fdc,,10/31/2024 04:57:00 PM,30,TRAFFIC SIGNAL,FUNCTIONING PROPERLY,CLEAR,DAYLIGHT,REAR END,FOUR WAY,,STRAIGHT AND LEVEL,DRY,UNKNOWN,ON SCENE,INJURY AND / OR TOW DUE TO CRASH,,,,"OVER $1,500",10/31/2024 04:58:00 PM,UNABLE TO DETERMINE,UNABLE TO DETERMINE,6212,S,LAKE SHORE DR,331,,,,,,,2,NO INDICATION OF INJURY,0,0,0,0,0,0,3,16,5,10,41.7821256112,-87.5756762504,POINT (-87.57567625044 41.782125611178)
f86fea4f8f1c8df094f033d7f83b213ed1d4fec9c455223d63cae4fb73425d0de0b700e705be482efd3bb3567caabaf121e83e1c1745d96b93c2aeaa0da0c49c,,10/31/2024 03:00:00 PM,15,NO CONTROLS,NO CONTROLS,CLEAR,DAYLIGHT,PARKED MOTOR VEHICLE,PARKING LOT,,STRAIGHT AND LEVEL,DRY,NO DEFECTS,NOT ON SCENE (DESK REPORT),NO INJURY / DRIVE AWAY,,,Y,"OVER $1,500",10/31/2024 06:30:00 PM,UNABLE TO DETERMINE,UNABLE TO DETERMINE,12600,S,TORRENCE AVE,433,,,,,,,2,NO INDICATION OF INJURY,0,0,0,0,0,0,1,15,5,10,41.6661129912,-87.5590030803,POINT (-87.559003080261 41.666112991211)
8f3b2192ccbcf196de86c308b689d843f9835d05604db700b173dcf9b575c3477b079d1c464d42920ab58b7c0a17d671e845a60685a10e5bc681bcaf1396a58c,,10/31/2024 09:50:00 AM,30,NO CONTROLS,NO CONTROLS,CLEAR,DAYLIGHT,TURNING,NOT DIVIDED,,STRAIGHT AND LEVEL,UNKNOWN,UNKNOWN,,NO INJURY / DRIVE AWAY,,,,"OVER $1,500",10/31/2024 10:15:00 AM,UNABLE TO DETERMINE,UNABLE TO DETERMINE,6232,W,HIGGINS AVE,1622,,,,,,,2,NO INDICATION OF INJURY,0,0,0,0,0,0,2,9,5,10,41.9752351195,-87.784245859,POINT (-87.784245858979 41.975235119481)
a1efef68ea3273c4edbeca78d0b27a15d3d6dc8a40fb70055a041a14c9ea6132200c56807284264ba30327f61ba5e53900bd8e4c069a7d9f9a562242b5696ffa,,10/27/2024 10:39:00 AM,30,UNKNOWN,UNKNOWN,CLEAR,DAYLIGHT,PARKED MOTOR VEHICLE,OTHER,,STRAIGHT AND LEVEL,DRY,UNKNOWN,NOT ON SCENE (DESK REPORT),NO INJURY / DRIVE AWAY,,,,"OVER $1,500",10/27/2024 11:00:00 AM,DRIVING SKILLS/KNOWLEDGE/EXPERIENCE,DRIVING SKILLS/KNOWLEDGE/EXPERIENCE,5306,N,LEAMINGTON AVE,1623,,,,,,,2,NO INDICATION OF INJURY,0,0,0,0,0,0,1,10,1,10,41.9772784486,-87.7567321088,POINT (-87.756732108825 41.977278448639)
24736f07743918e38090c245690bf3fd2ab409d7d11206b346549641016ecf29bb7004e04e726e60cc33a2d47f885affa40a1b4bc73f8a0f23e2039a6ea883cd,,10/27/2024 04:44:00 AM,30,NO CONTROLS,NO CONTROLS,CLEAR,"DARKNESS, LIGHTED ROAD",PARKED MOTOR VEHICLE,NOT DIVIDED,,STRAIGHT AND LEVEL,DRY,UNKNOWN,ON SCENE,INJURY AND / OR TOW DUE TO CRASH,,,Y,$500 OR LESS,10/27/2024 04:55:00 AM,DRIVING SKILLS/KNOWLEDGE/EXPERIENCE,UNABLE TO DETERMINE,1025,N,AUSTIN BLVD,1511,,,,,,,4,NO INDICATION OF INJURY,0,0,0,0,0,0,1,4,1,10,41.8991253849,-87.7751224406,POINT (-87.775122440567 41.899125384877)
3bc661583eadb176d4b8cd938feea3fa9a46c255b700be0a7009b460431eba25bd28876c6c33433ceb96c4be8eaf5b4a34244383572286e1632c96b6df0292ec,,10/26/2024 06:00:00 PM,30,TRAFFIC SIGNAL,FUNCTIONING PROPERLY,CLEAR,"DARKNESS, LIGHTED ROAD",REAR END,NOT DIVIDED,,STRAIGHT AND LEVEL,DRY,UNKNOWN,ON SCENE,NO INJURY / DRIVE AWAY,Y,,,"OVER $1,500",10/26/2024 06:13:00 PM,UNABLE TO DETERMINE,UNABLE TO DETERMINE,4399,W,CONGRESS PKWY,1131,,Y,,,,,2,NO INDICATION OF INJURY,0,0,0,0,0,0,2,18,7,10,41.8741213252,-87.7352042133,POINT (-87.735204213262 41.874121325199)
f5ef7c00b39b700a65294ab590508a153d57fca8a0ffd3b42f9bd5cae82d5ecdfef7592aec60fe0f7d69745763b3082c3f43e10b4ec523c3d34cf1cb7be826c0,,10/25/2024 04:35:00 PM,30,STOP SIGN/FLASHER,FUNCTIONING PROPERLY,CLEAR,DAYLIGHT,SIDESWIPE SAME DIRECTION,T-INTERSECTION,,STRAIGHT AND LEVEL,DRY,NO DEFECTS,NOT ON SCENE (DESK REPORT),NO INJURY / DRIVE AWAY,Y,,,"OVER $1,500",10/27/2024 11:40:00 AM,FAILING TO YIELD RIGHT-OF-WAY,IMPROPER LANE USAGE,555,N,HOYNE AVE,1221,,,,,,,2,NO INDICATION OF INJURY,0,0,0,0,0,0,2,16,6,10,41.8921966506,-87.6792472695,POINT (-87.679247269529 41.892196650599)
5b7468d388196d727fba7c2285db2bd9cabbb339b700b5dc1155fc0a2a4661cea1ed38804d7867a7b289c5b9f3a97764fafb740fc8ffcb6a61261fc8dac32d2c,,10/25/2024 02:56:00 PM,10,NO CONTROLS,NO CONTROLS,CLEAR,DAYLIGHT,SIDESWIPE SAME DIRECTION,PARKING LOT,,STRAIGHT AND LEVEL,DRY,NO DEFECTS,ON SCENE,NO INJURY / DRIVE AWAY,,Y,,"$501 - $1,500",10/25/2024 03:03:00 PM,UNABLE TO DETERMINE,UNABLE TO DETERMINE,524,W,OHARE ST,1654,,,,,,,2,NO INDICATION OF INJURY,0,0,0,0,0,0,2,14,6,10,,,
32ac5ff8ccadfdf16f4786f463170e8097c8281beba26c6c1b80759923736e0fbaacac8039166d142d511b7009a28722319d2ee8be818550341b4eafcac39d90,,10/23/2024 07:55:00 PM,30,TRAFFIC SIGNAL,FUNCTIONING PROPERLY,CLEAR,DARKNESS,PEDALCYCLIST,FOUR WAY,,STRAIGHT AND LEVEL,DRY,UNKNOWN,ON SCENE,INJURY AND / OR TOW DUE TO CRASH,Y,,,"OVER $1,500",10/23/2024 08:05:00 PM,FAILING TO REDUCE SPEED TO AVOID CRASH,UNABLE TO DETERMINE,800,W,LAKE ST,1214,,,,,,,2,NONINCAPACITATING INJURY,1,0,0,1,0,0,1,19,4,10,41.8857732835,-87.6475356917,POINT (-87.647535691736 41.885773283507)
d6fdc173a8651593cb3f2685dc343ab7009dc066f707bf605f9da8f1efbe2edc6f40b0ba5a8c88cbdb6710fc5fcfa4dd29101b20adfed2acaad07f82e5b17f31,,10/23/2024 05:51:00 PM,35,TRAFFIC SIGNAL,UNKNOWN,CLEAR,DUSK,SIDESWIPE SAME DIRECTION,DIVIDED - W/MEDIAN BARRIER,,STRAIGHT AND LEVEL,DRY,NO DEFECTS,NOT ON SCENE (DESK REPORT),NO INJURY / DRIVE AWAY,,,Y,$500 OR LESS,10/23/2024 05:51:00 PM,UNABLE TO DETERMINE,NOT APPLICABLE,1000,S,ASHLAND AVE,1231,,,,,,,2,NO INDICATION OF INJURY,0,0,0,0,0,0,3,17,4,10,41.8692201639,-87.6666066762,POINT (-87.666606676226 41.869220163861)