CRASH_RECORD_ID,CRASH_DATE_EST_I,CRASH_DATE,POSTED_SPEED_LIMIT,TRAFFIC_CONTROL_DEVICE,DEVICE_CONDITION,WEATHER_CONDITION,LIGHTING_CONDITION,FIRST_CRASH_TYPE,TRAFFICWAY_TYPE,LANE_CNT,ALIGNMENT,ROADWAY_SURFACE_COND,ROAD_DEFECT,REPORT_TYPE,CRASH_TYPE,INTERSECTION_RELATED_I,NOT_RIGHT_OF_WAY_I,HIT_AND_RUN_I,DAMAGE,DATE_POLICE_NOTIFIED,PRIM_CONTRIBUTORY_CAUSE,SEC_CONTRIBUTORY_CAUSE,STREET_NO,STREET_DIRECTION,STREET_NAME,BEAT_OF_OCCURRENCE,PHOTOS_TAKEN_I,STATEMENTS_TAKEN_I,DOORING_I,WORK_ZONE_I,WORK_ZONE_TYPE,WORKERS_PRESENT_I,NUM_UNITS,MOST_SEVERE_INJURY,INJURIES_TOTAL,INJURIES_FATAL,INJURIES_INCAPACITATING,INJURIES_NON_INCAPACITATING,INJURIES_REPORTED_NOT_EVIDENT,INJURIES_UNKNOWN,INJURIES_NO_INDICATION,CRASH_HOUR,CRASH_DAY_OF_WEEK,CRASH_MONTH,LATITUDE,LONGITUDE,LOCATION
d6dc06bcd1c94c55f64bf0c4f5c87e19b9bd0ef1ebaf7c00e020eab7a5ab55eb7009f31f3f3d93f5c5cf1d5c8cff51de0068790a82b25271b90a7f7ae17d3bbc,,10/23/2024 08:15:00 AM,30,UNKNOWN,UNKNOWN,CLEAR,DAYLIGHT,TURNING,DIVIDED - W/MEDIAN (NOT RAISED),,STRAIGHT AND LEVEL,UNKNOWN,UNKNOWN,ON SCENE,NO INJURY / DRIVE AWAY,,,,"OVER $1,500",10/23/2024 08:35:00 AM,IMPROPER TURNING/NO SIGNAL,IMPROPER TURNING/NO SIGNAL,4435,N,WESTERN AVE,1911,,,,,,,2,NO INDICATION OF INJURY,0,0,0,0,0,0,2,8,4,10,41.9623704705,-87.688566389,POINT (-87.688566389043 41.962370470499)
f09f0616df65bcbc427645aaaeb03822ace627f7ba9643595033096723effb42e721e6e38035f6f7e0eb67c4a108ae4a279aced7e5bd3eb7007f5a9f175b1fa6,,10/20/2024 04:30:00 PM,30,NO CONTROLS,NO CONTROLS,CLEAR,DAYLIGHT,PARKED MOTOR VEHICLE,ONE-WAY,,STRAIGHT AND LEVEL,DRY,NO DEFECTS,NOT ON SCENE (DESK REPORT),NO INJURY / DRIVE AWAY,,,Y,"OVER $1,500",10/20/2024 04:50:00 PM,UNABLE TO DETERMINE,NOT APPLICABLE,2727,W,BARRY AVE,1411,,,,,,,2,NO INDICATION OF INJURY,0,0,0,0,0,0,1,16,1,10,41.9374626483,-87.6970644893,POINT (-87.697064489288 41.937462648333)
cc2ecf5f532a36945c69289704dbe35aa7826304daf34b25fb29fec58d572c6da8a4436fc77bdd89fb2df8d94deb0d0e30f5db7005d7bfb5894b27e6210f78b2,,10/20/2024 01:13:00 AM,30,TRAFFIC SIGNAL,FUNCTIONING PROPERLY,CLEAR,"DARKNESS, LIGHTED ROAD",SIDESWIPE OPPOSITE DIRECTION,FOUR WAY,,STRAIGHT AND LEVEL,DRY,UNKNOWN,ON SCENE,INJURY AND / OR TOW DUE TO CRASH,Y,,,"OVER $1,500",10/20/2024 01:13:00 AM,UNABLE TO DETERMINE,NOT APPLICABLE,4801,W,MADISON ST,1533,,,,,,,2,"REPORTED, NOT EVIDENT",1,0,0,0,1,0,1,1,1,10,41.8803867201,-87.7453973802,POINT (-87.745397380161 41.880386720106)
60b5b70014a6c575f8636df77cf94cb6380ae7f53f71b96660918b830d709b01471550e5c0dd17be8f6eda6b9a186a5015b28b6fb3f23780b79f27dba5685d2c,Y,10/19/2024 03:30:00 PM,40,NO CONTROLS,NO CONTROLS,CLEAR,DAYLIGHT,TURNING,DIVIDED - W/MEDIAN BARRIER,,STRAIGHT AND LEVEL,DRY,NO DEFECTS,NOT ON SCENE (DESK REPORT),NO INJURY / DRIVE AWAY,Y,,,"OVER $1,500",10/23/2024 01:00:00 PM,UNABLE TO DETERMINE,NOT APPLICABLE,100,E,OAK ST,1824,,,,,,,2,NO INDICATION OF INJURY,0,0,0,0,0,0,2,15,7,10,41.9009013487,-87.625628848,POINT (-87.625628848015 41.900901348667)
f0c51bb9d966106adb02f68d4ea470ee5ed1bc8e8e2e2516997f8778f41b700456352c00ae8efc9fc74dac3c508bb30299b98f41d3f3f4e9fc20afaf77262b6a,,10/14/2024 08:30:00 AM,15,NO CONTROLS,NO CONTROLS,CLEAR,DAYLIGHT,FIXED OBJECT,NOT DIVIDED,,STRAIGHT AND LEVEL,WET,NO DEFECTS,ON SCENE,INJURY AND / OR TOW DUE TO CRASH,,Y,Y,"OVER $1,500",10/14/2024 08:45:00 AM,UNABLE TO DETERMINE,NOT APPLICABLE,5228,S,MEADE AVE,811,,,,,,,1,NO INDICATION OF INJURY,0,0,0,0,0,0,2,8,2,10,41.7971199868,-87.7747831735,POINT (-87.774783173539 41.797119986777)
482b1fafefbf4c497ee7046daad3cce41fdcdb71bf87eae2106c1db921d65b700dc7f1bcd5be77f755a7ebcb45edf42588675d0bcc862a0a1a1d236f76bac6ba,,10/13/2024 03:00:00 AM,30,TRAFFIC SIGNAL,UNKNOWN,CLEAR,"DARKNESS, LIGHTED ROAD",REAR END,FOUR WAY,,STRAIGHT AND LEVEL,DRY,UNKNOWN,NOT ON SCENE (DESK REPORT),INJURY AND / OR TOW DUE TO CRASH,Y,,N,"$501 - $1,500",10/13/2024 03:15:00 AM,FAILING TO REDUCE SPEED TO AVOID CRASH,NOT APPLICABLE,119,N,AUSTIN BLVD,1512,,,,,,,3,NONINCAPACITATING INJURY,3,0,0,3,0,0,0,3,1,10,41.882730098,-87.774595285,POINT (-87.774595284983 41.882730098039)
4e57e40de393f4751dc9716f42407a442d79835136da1b700142bcaa4d2413e30be742737d2cff29a6a16829d3ea86ffcef74d3053579da88d6c463f16a0c792,,10/12/2024 05:00:00 PM,35,NO CONTROLS,NO CONTROLS,CLEAR,DAYLIGHT,FIXED OBJECT,NOT DIVIDED,,STRAIGHT AND LEVEL,DRY,NO DEFECTS,ON SCENE,INJURY AND / OR TOW DUE TO CRASH,,,,"OVER $1,500",10/12/2024 05:00:00 PM,UNABLE TO DETERMINE,UNABLE TO DETERMINE,2336,W,59TH ST,824,,N,,,,,1,INCAPACITATING INJURY,1,0,1,0,0,0,0,17,7,10,41.7866330203,-87.6825095577,POINT (-87.682509557726 41.786633020277)
b699cb95c235aefca77f01cf34d670cf6f562fdec6a30d6fdeeff969ef7102a75b51fb78501993f9aaeaf1e3d7db13cc7ce5fcf0b40d1938f7bbcdedffe9b700,,10/11/2024 08:10:00 PM,35,TRAFFIC SIGNAL,FUNCTIONING PROPERLY,CLEAR,"DARKNESS, LIGHTED ROAD",SIDESWIPE SAME DIRECTION,"FIVE POINT, OR MORE",,STRAIGHT AND LEVEL,DRY,NO DEFECTS,NOT ON SCENE (DESK REPORT),NO INJURY / DRIVE AWAY,Y,,Y,"OVER $1,500",10/11/2024 09:30:00 PM,IMPROPER OVERTAKING/PASSING,DRIVING SKILLS/KNOWLEDGE/EXPERIENCE,628,N,ORLEANS ST,1831,,,,,,,2,NO INDICATION OF INJURY,0,0,0,0,0,0,3,20,6,10,41.8931839222,-87.637227397,POINT (-87.637227397038 41.893183922173)
81490b894d278a9ddfcbeb4098ff3b6c6a09934e297b7a226789b14c2eda813f8d217da04c4dd45383aa880f937121691480c778660dba4d2ddeb9b7002359fb,,10/09/2024 05:35:00 PM,30,UNKNOWN,UNKNOWN,UNKNOWN,UNKNOWN,SIDESWIPE SAME DIRECTION,DIVIDED - W/MEDIAN BARRIER,,STRAIGHT AND LEVEL,UNKNOWN,UNKNOWN,NOT ON SCENE (DESK REPORT),NO INJURY / DRIVE AWAY,,,,"$501 - $1,500",10/09/2024 07:10:00 PM,UNABLE TO DETERMINE,UNABLE TO DETERMINE,6075,N,LINCOLN AVE,1711,,,,,,,2,NO INDICATION OF INJURY,0,0,0,0,0,0,2,17,4,10,41.9923449025,-87.7103231013,POINT (-87.71032310131 41.992344902465)
7f308230a51cb32560f13ae4887868b12efb70085964364863a39c83f4601825ed0e09cc349b990a730abdd41ee9c3f6480ec93d6d7b2d7a101533a684f45f9f,,10/09/2024 07:20:00 AM,30,PEDESTRIAN CROSSING SIGN,FUNCTIONING PROPERLY,CLEAR,DAYLIGHT,REAR END,DIVIDED - W/MEDIAN (NOT RAISED),,STRAIGHT AND LEVEL,DRY,NO DEFECTS,NOT ON SCENE (DESK REPORT),NO INJURY / DRIVE AWAY,,,,$500 OR LESS,10/09/2024 08:20:00 AM,UNABLE TO DETERMINE,UNABLE TO DETERMINE,4636,N,KEDZIE AVE,1713,,,,,,,3,NO INDICATION OF INJURY,0,0,0,0,0,0,3,7,4,10,41.965761789,-87.7085390034,POINT (-87.708539003415 41.965761789022)
4fcf84d1d7c184563c74b3cdfa0d58a2d228082abf8de558a33bd3a965ad3e36d3731046a07a8e20004c09b96496d77715f75fc648153b700705a6d343893cf5,,10/03/2024 11:04:00 PM,30,TRAFFIC SIGNAL,FUNCTIONING PROPERLY,CLEAR,DARKNESS,SIDESWIPE SAME DIRECTION,DIVIDED - W/MEDIAN (NOT RAISED),,STRAIGHT AND LEVEL,DRY,NO DEFECTS,NOT ON SCENE (DESK REPORT),NO INJURY / DRIVE AWAY,,,,"OVER $1,500",10/03/2024 11:40:00 PM,UNABLE TO DETERMINE,IMPROPER OVERTAKING/PASSING,1251,S,HALSTED ST,1232,Y,,,,,,2,NO INDICATION OF INJURY,0,0,0,0,0,0,3,23,5,10,41.8656649789,-87.6467259771,POINT (-87.64672597712 41.865664978871)
ff2c7cfc44920c0d4b9e8623de19afc9ccc1ab8ef965b4da803bc925bd428eb700589a10de140e638a7c2eaf14ef19ad4699673c3bd880ddda86fda7a2b8acad,,10/02/2024 02:51:00 PM,20,NO CONTROLS,NO CONTROLS,CLEAR,DAYLIGHT,PARKED MOTOR VEHICLE,ONE-WAY,,STRAIGHT AND LEVEL,DRY,NO DEFECTS,ON SCENE,INJURY AND / OR TOW DUE TO CRASH,,,Y,"$501 - $1,500",10/02/2024 03:23:00 PM,UNABLE TO DETERMINE,UNABLE TO DETERMINE,3202,N,PIONEER AVE,1631,Y,Y,,,,,2,NO INDICATION OF INJURY,0,0,0,0,0,0,1,14,4,10,41.9377924766,-87.8313946763,POINT (-87.831394676293 41.93779247658)
e6735880b52860842b174778176f7341811995370e5bedbbb6c4e7ea3932409a221b7701a53f1a674874b26bb5d006e34c9b700776ca8255b23b43dafa610102,,10/02/2024 11:35:00 AM,30,TRAFFIC SIGNAL,FUNCTIONING PROPERLY,CLEAR,DAYLIGHT,TURNING,T-INTERSECTION,,STRAIGHT AND LEVEL,DRY,NO DEFECTS,ON SCENE,NO INJURY / DRIVE AWAY,Y,,,"$501 - $1,500",10/02/2024 11:45:00 AM,UNABLE TO DETERMINE,UNABLE TO DETERMINE,4000,W,ANN LURIE PL,815,,,,,,,2,NO INDICATION OF INJURY,0,0,0,0,0,0,2,11,4,10,41.8164703973,-87.7240105255,POINT (-87.72401052549 41.816470397252)
744cfcac0c9085479ced811a755ca730086b496288fdd6f9d425cdf2397ac05760c348a878d2461546b15d8a9208d0f82e3a5945aaf37b700b358afdccc50ac3,,10/02/2024 08:20:00 AM,30,NO CONTROLS,NO CONTROLS,CLEAR,DAYLIGHT,REAR END,DIVIDED - W/MEDIAN BARRIER,,STRAIGHT AND LEVEL,DRY,NO DEFECTS,ON SCENE,NO INJURY / DRIVE AWAY,,,Y,"$501 - $1,500",10/02/2024 08:30:00 AM,UNABLE TO DETERMINE,UNABLE TO DETERMINE,711,E,71ST ST,323,,,,,,,2,NO INDICATION OF INJURY,0,0,0,0,0,0,2,8,4,10,41.7657312395,-87.6075616136,POINT (-87.607561613568 41.765731239513)
0817d0ae04de02c76343b9b2fa7e31b95477696c246b7007d01c4cb9c6a34a9bb8fd3c46644e60c4e57a07e43dd375ba3db7b0f3adcb091a661a983fdcdb91e5,,10/01/2024 06:44:00 PM,30,NO CONTROLS,NO CONTROLS,CLEAR,"DARKNESS, LIGHTED ROAD",REAR END,NOT DIVIDED,,STRAIGHT AND LEVEL,DRY,OTHER,ON SCENE,NO INJURY / DRIVE AWAY,,,,"$501 - $1,500",10/01/2024 06:50:00 PM,DISTRACTION - FROM INSIDE VEHICLE,NOT APPLICABLE,2450,N,CENTRAL AVE,2515,,,,,,,3,NO INDICATION OF INJURY,0,0,0,0,0,0,7,18,3,10,41.9254841887,-87.7661910356,POINT (-87.76619103559 41.925484188678)
36fb310133d912f2940323473b7003820ce101c0060223a7b4ced1caa7fad6fb394d16f567eb7641de145fb4edc56748ad634617cb5cd625d0f83a0d546306ff,Y,09/29/2024 02:50:00 AM,30,TRAFFIC SIGNAL,FUNCTIONING PROPERLY,CLEAR,"DARKNESS, LIGHTED ROAD",FIXED OBJECT,NOT DIVIDED,,STRAIGHT AND LEVEL,DRY,NO DEFECTS,ON SCENE,INJURY AND / OR TOW DUE TO CRASH,,,Y,"OVER $1,500",09/29/2024 02:53:00 AM,UNABLE TO DETERMINE,UNABLE TO DETERMINE,4402,W,DIVISION ST,2533,,,,,,,1,,,,,,,,,2,1,9,41.9026176226,-87.7363468852,POINT (-87.736346885194 41.90261762264)
ca76bf277c9e7635991eee41f141778e53def2ab911f6407eb926bd1d6fb9fdab700bfca1c9bc6a98e263c199f4bebbfeef747b2c330188239a41861d9e2dedb,,09/28/2024 12:20:00 AM,30,STOP SIGN/FLASHER,FUNCTIONING PROPERLY,CLEAR,"DARKNESS, LIGHTED ROAD",PARKED MOTOR VEHICLE,NOT DIVIDED,,STRAIGHT AND LEVEL,DRY,NO DEFECTS,ON SCENE,INJURY AND / OR TOW DUE TO CRASH,,,Y,"OVER $1,500",09/28/2024 12:25:00 AM,UNABLE TO DETERMINE,DISREGARDING STOP SIGN,3000,S,CANAL ST,914,,,,,,,6,NO INDICATION OF INJURY,0,0,0,0,0,0,2,0,7,9,41.8398861667,-87.6379443189,POINT (-87.637944318942 41.839886166699)
f0e722713a03ea10455bc7bac7bf82b5ef7b7b700885b87136163d8ba67c4d9b0e53bb0ff20f4998c1213328b5c3f395df4afa378dc2c5c5e67d788260621723,,09/22/2024 01:44:00 PM,30,STOP SIGN/FLASHER,FUNCTIONING PROPERLY,RAIN,DAYLIGHT,ANGLE,FOUR WAY,,STRAIGHT AND LEVEL,WET,NO DEFECTS,ON SCENE,NO INJURY / DRIVE AWAY,Y,,,"OVER $1,500",09/22/2024 02:42:00 PM,DISREGARDING STOP SIGN,WEATHER,6602,S,CAMPBELL AVE,832,,,,,,,2,NO INDICATION OF INJURY,0,0,0,0,0,0,6,13,1,9,41.7736111284,-87.6860755873,POINT (-87.686075587306 41.773611128434)
a7bdcdb0353d0ac858d78e0906dc3c67799c4d8bb1af702f75ccf4b0232b6b9b0d39ae76f926a9e50e1a52942a9931046b84b70003a750e390e6ab033b13f142,,09/22/2024 09:12:00 AM,30,TRAFFIC SIGNAL,FUNCTIONING PROPERLY,RAIN,UNKNOWN,REAR END,NOT DIVIDED,,STRAIGHT AND LEVEL,WET,UNKNOWN,NOT ON SCENE (DESK REPORT),NO INJURY / DRIVE AWAY,,,,"$501 - $1,500",09/22/2024 12:20:00 PM,UNABLE TO DETERMINE,NOT APPLICABLE,3711,W,MARQUETTE RD,833,,,,,,,2,NO INDICATION OF INJURY,0,0,0,0,0,0,3,9,1,9,41.7713689099,-87.7157226218,POINT (-87.71572262177 41.771368909895)
4365fa8bd2575adb55a64fbad3f19fcee0bed2757de873b4d53634b1f199d0bfb5b7ac1f23a267a261a38b44eef985dadf0bf2d627c1e03b7007540422a2940c,,09/21/2024 09:46:00 PM,30,NO CONTROLS,NO CONTROLS,CLEAR,"DARKNESS, LIGHTED ROAD",OTHER OBJECT,NOT DIVIDED,,STRAIGHT AND LEVEL,DRY,NO DEFECTS,ON SCENE,INJURY AND / OR TOW DUE TO CRASH,,,,"OVER $1,500",09/21/2024 09:47:00 PM,DRIVING SKILLS/KNOWLEDGE/EXPERIENCE,NOT APPLICABLE,51,W,51ST ST,225,,,,,,,1,NONINCAPACITATING INJURY,1,0,0,1,0,0,0,21,7,9,41.8018022156,-87.627952393,POINT (-87.627952393048 41.801802215553)
feb8dd958eee0bfd1637853982c53fbb289284b264da1b15ee8dda80892b0e1ccc69bb7001bdb83fe06392cb172533b45b3b9855ac839f21e1f6e1b9be49cb81,,09/19/2024 08:45:00 AM,30,TRAFFIC SIGNAL,FUNCTIONING PROPERLY,CLEAR,DAYLIGHT,REAR END,DIVIDED - W/MEDIAN BARRIER,,STRAIGHT AND LEVEL,DRY,NO DEFECTS,NOT ON SCENE (DESK REPORT),NO INJURY / DRIVE AWAY,,,,"OVER $1,500",09/19/2024 09:32:00 AM,FOLLOWING TOO CLOSELY,FOLLOWING TOO CLOSELY,3619,W,IRVING PARK RD,1732,,,,,,,2,NO INDICATION OF INJURY,0,0,0,0,0,0,3,8,5,9,41.9536388211,-87.7186611081,POINT (-87.7186611081 41.953638821073)
9d49c2d7fedf791562719d590cb6ba80e62362e6c7b4125248a7fabe05f11f2cd4f72d56ec7a56a070098039e775e89c4b7001c0b4c368ed52e748ed226721d6,,09/18/2024 06:30:00 PM,30,NO CONTROLS,NO CONTROLS,CLEAR,DAYLIGHT,TURNING,NOT DIVIDED,,STRAIGHT AND LEVEL,DRY,NO DEFECTS,NOT ON SCENE (DESK REPORT),NO INJURY / DRIVE AWAY,N,,,"OVER $1,500",09/19/2024 04:00:00 PM,FAILING TO YIELD RIGHT-OF-WAY,NOT APPLICABLE,2639,N,JONES ST,1432,,,,,,,2,NO INDICATION OF INJURY,0,0,0,0,0,0,2,18,4,9,41.929329777,-87.6870626062,POINT (-87.687062606249 41.929329776993)
0b700fe0908c21b4b28110f6a4c193f51ad5675d25a448c4adbcf19e7b4f67090eaf002ca0e0785631f396ce2e9f8afc7a5a5a90dab080268f5d8f7f279734b4,,09/16/2024 02:40:00 PM,30,NO CONTROLS,NO CONTROLS,CLEAR,DAYLIGHT,SIDESWIPE SAME DIRECTION,NOT DIVIDED,,STRAIGHT AND LEVEL,DRY,NO DEFECTS,NOT ON SCENE (DESK REPORT),NO INJURY / DRIVE AWAY,,,Y,"OVER $1,500",09/16/2024 04:30:00 PM,FAILING TO YIELD RIGHT-OF-WAY,NOT APPLICABLE,5744,S,KEDZIE AVE,822,,,,,,,2,NO INDICATION OF INJURY,0,0,0,0,0,0,2,14,2,9,41.7885480406,-87.7035634853,POINT (-87.703563485252 41.788548040634)
a66a4f9e7b398dbac73f61cdc909ad8ae3802a35abeff7637e37b70019ebd0124b098a6825d006e82977bfb33702342874f61751e833c2c71219bf91ce7208c1,,09/12/2024 08:30:00 AM,30,NO CONTROLS,NO CONTROLS,CLEAR,DAYLIGHT,TURNING,NOT DIVIDED,,STRAIGHT AND LEVEL,DRY,NO DEFECTS,ON SCENE,NO INJURY / DRIVE AWAY,,,,"OVER $1,500",09/12/2024 09:03:00 AM,IMPROPER OVERTAKING/PASSING,UNABLE TO DETERMINE,7325,W,IRVING PARK RD,1631,,,,,,,2,NO INDICATION OF INJURY,0,0,0,0,0,0,2,8,5,9,41.9525699434,-87.8111136953,POINT (-87.811113695321 41.952569943367)
a20e02fac9b2176228398e3f495ae37ed52df62d6e57a687ad0a7dfe949ab7003477541f3753987b68aa34fcf5b404980ee05ccbd1710c7d0891788929f39a06,,09/11/2024 03:45:00 PM,30,TRAFFIC SIGNAL,FUNCTIONING PROPERLY,CLEAR,DAYLIGHT,REAR TO SIDE,FOUR WAY,,STRAIGHT AND LEVEL,DRY,NO DEFECTS,ON SCENE,NO INJURY / DRIVE AWAY,Y,,Y,"OVER $1,500",09/11/2024 03:55:00 PM,UNABLE TO DETERMINE,UNABLE TO DETERMINE,342,N,CICERO AVE,1532,,,,,,,2,NO INDICATION OF INJURY,0,0,0,0,0,0,2,15,4,9,41.8865896099,-87.7456441585,POINT (-87.745644158533 41.886589609947)
47354ce5101319a29d2ad01bc92baa67e38b328468dba8c949386a664eb700a4ee1ec9539b4ca4b8221806327134976c913a24ffc299ec2f1cd2f68a412f0cc4,,09/10/2024 12:00:00 PM,10,NO CONTROLS,NO CONTROLS,CLEAR,DAYLIGHT,SIDESWIPE SAME DIRECTION,PARKING LOT,,STRAIGHT AND LEVEL,DRY,NO DEFECTS,ON SCENE,NO INJURY / DRIVE AWAY,,,,"$501 - $1,500",09/10/2024 12:05:00 PM,DRIVING SKILLS/KNOWLEDGE/EXPERIENCE,NOT APPLICABLE,10000,W,OHARE ST,1651,,,,,,,2,NO INDICATION OF INJURY,0,0,0,0,0,0,2,12,3,9,41.976201139,-87.9053091251,POINT (-87.905309125103 41.976201139024)
15c422edffc8ad3908b342c984a5cb700e48b3b211e1e0dc62d0b4a9bd84e189f7fce256aef20e767363597fe70a533d5b4fab333334682424abd50084a52fdf,,09/10/2024 09:49:00 AM,30,NO CONTROLS,NO CONTROLS,CLEAR,DAYLIGHT,PARKED MOTOR VEHICLE,ONE-WAY,,STRAIGHT AND LEVEL,DRY,NO DEFECTS,ON SCENE,INJURY AND / OR TOW DUE TO CRASH,,N,,"OVER $1,500",09/10/2024 09:55:00 AM,UNABLE TO DETERMINE,UNABLE TO DETERMINE,5532,N,MENARD AVE,1622,,,,,,,2,NONINCAPACITATING INJURY,1,0,0,1,0,0,0,9,3,9,41.9818752687,-87.7733549387,POINT (-87.773354938661 41.981875268653)
80d29ea7c7816e945d732c8d3a70be362b808d05e04f15d85ae23c45b5e82bbd17c680bb700fd241cdd5ee3a879520ba6282b592c7b0a1fd8565ed82f8e4a7dc,,09/06/2024 07:45:00 PM,30,NO CONTROLS,NO CONTROLS,CLEAR,"DARKNESS, LIGHTED ROAD",PARKED MOTOR VEHICLE,DIVIDED - W/MEDIAN (NOT RAISED),,STRAIGHT AND LEVEL,DRY,NO DEFECTS,NOT ON SCENE (DESK REPORT),NO INJURY / DRIVE AWAY,,,,"OVER $1,500",09/07/2024 12:00:00 PM,IMPROPER BACKING,IMPROPER BACKING,3146,S,SHIELDS AVE,915,,,,,,,2,NO INDICATION OF INJURY,0,0,0,0,0,0,1,19,6,9,41.8367950383,-87.6354299515,POINT (-87.635429951514 41.836795038268)
d072a8aeb61186d3b1f339b7000bb32ec068920a50cb5a466d73fd308a285327bcff61295ef713f5e0e436bb38b0519c106eed908469ea8c955fb94379d9acff,,09/04/2024 05:45:00 AM,30,TRAFFIC SIGNAL,FUNCTIONING PROPERLY,CLEAR,DAYLIGHT,REAR END,NOT DIVIDED,,STRAIGHT AND LEVEL,UNKNOWN,NO DEFECTS,NOT ON SCENE (DESK REPORT),NO INJURY / DRIVE AWAY,,,Y,"OVER $1,500",09/10/2024 01:36:00 PM,UNABLE TO DETERMINE,UNABLE TO DETERMINE,6300,S,RACINE AVE,724,,,,,,,3,NO INDICATION OF INJURY,0,0,0,0,0,0,3,5,4,9,41.779516038,-87.6546468737,POINT (-87.654646873699 41.779516037968)
0b7003b9baa968cf5022417c65951d92a43ef1f45fd98639be0f9963732816bdf02a3e88905b7bb2afde138198332d8b88f3ff5fe80022f87c2890245eeb1380,Y,09/04/2024 05:30:00 AM,30,TRAFFIC SIGNAL,FUNCTIONING PROPERLY,CLEAR,DAYLIGHT,TURNING,CENTER TURN LANE,,STRAIGHT AND LEVEL,DRY,NO DEFECTS,ON SCENE,INJURY AND / OR TOW DUE TO CRASH,Y,,,"OVER $1,500",09/04/2024 02:00:00 PM,FAILING TO YIELD RIGHT-OF-WAY,NOT APPLICABLE,3200,N,KIMBALL AVE,1732,,,,,,,2,NO INDICATION OF INJURY,0,0,0,0,0,0,2,5,4,9,41.9393196632,-87.7126412851,POINT (-87.712641285082 41.939319663188)
59f069a4dff8b50b91da4f970d6662cb9fb700131e90b9809e1fb06508efe59b04414f55dd722643b99ab498bce93cda4d103cb8009d23e2add3cf6ad2a432ea,,09/01/2024 06:30:00 PM,30,NO CONTROLS,NO CONTROLS,CLEAR,DAYLIGHT,SIDESWIPE SAME DIRECTION,NOT DIVIDED,,STRAIGHT AND LEVEL,DRY,UNKNOWN,NOT ON SCENE (DESK REPORT),NO INJURY / DRIVE AWAY,,,,"OVER $1,500",09/03/2024 07:22:00 PM,IMPROPER TURNING/NO SIGNAL,IMPROPER TURNING/NO SIGNAL,1333,S,SPECIAL OLYMPICS DR,132,,,,,,,2,NO INDICATION OF INJURY,0,0,0,0,0,0,3,18,1,9,,,
50ecfecd86809c0b700380eadd073e9dc0eba27229d7ee47fde47ce93fae12709066155774061e643ef143563df91e7ad1aeaa96991a5c2d603604d4eb0dcd2b,,09/01/2024 04:27:00 AM,25,UNKNOWN,UNKNOWN,CLEAR,DUSK,FIXED OBJECT,DIVIDED - W/MEDIAN (NOT RAISED),,STRAIGHT AND LEVEL,DRY,UNKNOWN,ON SCENE,INJURY AND / OR TOW DUE TO CRASH,Y,,,"OVER $1,500",09/01/2024 04:27:00 AM,UNABLE TO DETERMINE,NOT APPLICABLE,1300,S,PULASKI RD,1011,Y,,,,,,2,NO INDICATION OF INJURY,0,0,0,0,0,0,1,4,1,9,41.864251194,-87.7252627897,POINT (-87.725262789691 41.864251193953)
9388520d7d8ceca56b70062703faf270e1191407c4a60926905c4d276289555dc17945c52213f81b429cbf44f3a675119aef1d0ad1683d42ab72599d625478c9,,08/30/2024 04:30:00 PM,30,TRAFFIC SIGNAL,FUNCTIONING PROPERLY,CLEAR,DAYLIGHT,SIDESWIPE SAME DIRECTION,FOUR WAY,,STRAIGHT AND LEVEL,DRY,NO DEFECTS,NOT ON SCENE (DESK REPORT),INJURY AND / OR TOW DUE TO CRASH,,,Y,"OVER $1,500",08/30/2024 07:30:00 PM,IMPROPER OVERTAKING/PASSING,UNABLE TO DETERMINE,1299,W,NORTH AVE,1433,,,,,,,2,NO INDICATION OF INJURY,0,0,0,0,0,0,2,16,6,8,41.9106345419,-87.6603323308,POINT (-87.6603323308 41.910634541916)
cc7ce556ed1ab6d3ec21830ff1058f0b71d4cee276cd20e7702de5106146562651d9c792b7001834ecf4b9b905135ccb619f8766928a48869b0c03760b4f446b,,08/30/2024 07:11:00 AM,30,NO CONTROLS,NO CONTROLS,RAIN,DAYLIGHT,ANGLE,NOT DIVIDED,,STRAIGHT AND LEVEL,WET,NO DEFECTS,ON SCENE,INJURY AND / OR TOW DUE TO CRASH,Y,,,"OVER $1,500",08/30/2024 07:13:00 AM,DISREGARDING TRAFFIC SIGNALS,WEATHER,3900,S,UNION AVE,925,,,,,,,2,NONINCAPACITATING INJURY,2,0,0,2,0,0,0,7,6,8,41.8233982682,-87.643633642,POINT (-87.643633641975 41.823398268155)
bdf6b6452cb5bd7077c2088160e0df0c3e7f4ce7bcf92ca36d04eb3e10da97070b01a5b4e2bec9e8e08956d8994cced2b92b0ab7005cb7ecc87e1d05eb044b7b,,08/29/2024 10:00:00 PM,30,NO CONTROLS,NO CONTROLS,CLEAR,DARKNESS,REAR END,NOT DIVIDED,,STRAIGHT AND LEVEL,DRY,NO DEFECTS,NOT ON SCENE (DESK REPORT),NO INJURY / DRIVE AWAY,,,,"$501 - $1,500",09/07/2024 03:00:00 PM,FOLLOWING TOO CLOSELY,FOLLOWING TOO CLOSELY,5015,W,MONTROSE AVE,1624,,,,,,,2,NO INDICATION OF INJURY,0,0,0,0,0,0,2,22,5,8,41.9605361838,-87.7530564337,POINT (-87.753056433699 41.960536183811)