CRASH_RECORD_ID,CRASH_DATE_EST_I,CRASH_DATE,POSTED_SPEED_LIMIT,TRAFFIC_CONTROL_DEVICE,DEVICE_CONDITION,WEATHER_CONDITION,LIGHTING_CONDITION,FIRST_CRASH_TYPE,TRAFFICWAY_TYPE,LANE_CNT,ALIGNMENT,ROADWAY_SURFACE_COND,ROAD_DEFECT,REPORT_TYPE,CRASH_TYPE,INTERSECTION_RELATED_I,NOT_RIGHT_OF_WAY_I,HIT_AND_RUN_I,DAMAGE,DATE_POLICE_NOTIFIED,PRIM_CONTRIBUTORY_CAUSE,SEC_CONTRIBUTORY_CAUSE,STREET_NO,STREET_DIRECTION,STREET_NAME,BEAT_OF_OCCURRENCE,PHOTOS_TAKEN_I,STATEMENTS_TAKEN_I,DOORING_I,WORK_ZONE_I,WORK_ZONE_TYPE,WORKERS_PRESENT_I,NUM_UNITS,MOST_SEVERE_INJURY,INJURIES_TOTAL,INJURIES_FATAL,INJURIES_INCAPACITATING,INJURIES_NON_INCAPACITATING,INJURIES_REPORTED_NOT_EVIDENT,INJURIES_UNKNOWN,INJURIES_NO_INDICATION,CRASH_HOUR,CRASH_DAY_OF_WEEK,CRASH_MONTH,LATITUDE,LONGITUDE,LOCATION
c8454fbdc9b52605d792e6feb7fc392bfc3777dedf023e2f4b398428ef79587b745386297c3af28d8f26a3329cb04eb0827d85f3fd160900f373bfb7000906a3,,08/24/2024 11:29:00 PM,30,TRAFFIC SIGNAL,FUNCTIONING PROPERLY,CLEAR,"DARKNESS, LIGHTED ROAD",REAR END,FOUR WAY,,STRAIGHT AND LEVEL,DRY,NO DEFECTS,ON SCENE,INJURY AND / OR TOW DUE TO CRASH,Y,,,"OVER $1,500",08/24/2024 11:40:00 PM,UNDER THE INFLUENCE OF ALCOHOL/DRUGS (USE WHEN ARREST IS EFFECTED),FAILING TO REDUCE SPEED TO AVOID CRASH,1200,N,ELSTON AVE,1433,,,,,,,2,NONINCAPACITATING INJURY,2,0,0,2,0,0,2,23,7,8,41.9034697978,-87.6585224002,POINT (-87.658522400154 41.903469797829)
142687ae58f93707cc3d51be8ff20586458332b410a42a5448574785e3210c1e7b8eb1102baa775631c6f2f1cb6cd331e9cd6acd208515e3959cb700bbdf29da,,08/22/2024 09:47:00 AM,35,STOP SIGN/FLASHER,FUNCTIONING PROPERLY,CLEAR,DAYLIGHT,ANGLE,DIVIDED - W/MEDIAN (NOT RAISED),,STRAIGHT AND LEVEL,DRY,NO DEFECTS,ON SCENE,INJURY AND / OR TOW DUE TO CRASH,Y,,Y,"OVER $1,500",08/22/2024 09:50:00 AM,UNABLE TO DETERMINE,NOT APPLICABLE,201,W,75TH ST,623,,,,,,,2,NO INDICATION OF INJURY,0,0,0,0,0,0,2,9,5,8,41.7580435767,-87.6297076249,POINT (-87.629707624892 41.758043576704)
3b0bb403b12c2a88eadcde83009ca19fb174743de637202fc38d42603cefe34683b85efd1264b6e4c6a07fb482259ecd66b700384f2489f2d432665bda098dbc,Y,08/18/2024 12:00:00 PM,30,NO CONTROLS,NO CONTROLS,CLEAR,DAYLIGHT,SIDESWIPE SAME DIRECTION,UNKNOWN,,STRAIGHT AND LEVEL,UNKNOWN,UNKNOWN,NOT ON SCENE (DESK REPORT),NO INJURY / DRIVE AWAY,,,,$500 OR LESS,08/19/2024 01:20:00 PM,UNABLE TO DETERMINE,NOT APPLICABLE,1358,W,TAYLOR ST,1231,,,,,,,2,NO INDICATION OF INJURY,0,0,0,0,0,0,2,12,1,8,41.869450387,-87.661567854,POINT (-87.66156785402 41.869450387007)
d4d15c9f15a977fd8d12e5996acfe494a292da28e3987e29e25687ad6fdd33441590cd18a16969c666affb5b04f8d2f6fa7b3b9ddb163b700956d4d7c2ff23fd,,08/18/2024 03:00:00 AM,30,NO CONTROLS,NO CONTROLS,CLEAR,DARKNESS,PARKED MOTOR VEHICLE,ONE-WAY,,STRAIGHT AND LEVEL,DRY,NO DEFECTS,NOT ON SCENE (DESK REPORT),NO INJURY / DRIVE AWAY,,,,"OVER $1,500",08/18/2024 11:25:00 AM,DISREGARDING OTHER TRAFFIC SIGNS,NOT APPLICABLE,7000,S,HALSTED ST,733,,,,,,,2,NO INDICATION OF INJURY,0,0,0,0,0,0,1,3,1,8,41.7669224351,-87.6446024474,POINT (-87.644602447367 41.766922435101)
87a52cd837324c0ba674b74a02565f2546a347526d063e944ecf6437153554d2d4a7eed44bc415dffcd17d913b700e0f244b0ad1814ff3f058fe01ef7a3667eb,,08/17/2024 08:40:00 PM,10,NO CONTROLS,NO CONTROLS,RAIN,"DARKNESS, LIGHTED ROAD",SIDESWIPE SAME DIRECTION,ONE-WAY,,STRAIGHT AND LEVEL,WET,NO DEFECTS,NOT ON SCENE (DESK REPORT),NO INJURY / DRIVE AWAY,,,,"$501 - $1,500",08/17/2024 10:00:00 PM,DRIVING SKILLS/KNOWLEDGE/EXPERIENCE,NOT APPLICABLE,1,W,TERMINAL ST,1651,,,,,,,2,NO INDICATION OF INJURY,0,0,0,0,0,0,2,20,7,8,,,
eb177f5ae045a53b056a155491046861aacceccb7e378a73e3c383ade8386a0ac634b5b3cc3ccc353bbdc5023a5926ccbfd27c9d4c70150ba2b70092aebc73f7,,08/17/2024 10:00:00 AM,30,NO CONTROLS,NO CONTROLS,CLEAR,DAYLIGHT,REAR END,NOT DIVIDED,,STRAIGHT AND LEVEL,DRY,NO DEFECTS,ON SCENE,NO INJURY / DRIVE AWAY,N,,,"$501 - $1,500",08/17/2024 10:03:00 AM,UNABLE TO DETERMINE,UNABLE TO DETERMINE,6399,N,NORTHWEST HWY,1611,,,,,,,2,NO INDICATION OF INJURY,0,0,0,0,0,0,2,10,7,8,41.997020878,-87.8066360252,POINT (-87.806636025195 41.997020877964)
46b6aa5f4c38fd367b7006adbecdf56241dfd94296cef688bf7b1e9352f4c55837dbbe073a6ccf3c5cff4885bb845922642ab4ae47862efd6f632ec4eb856789,,08/16/2024 12:45:00 PM,30,NO CONTROLS,NO CONTROLS,CLEAR,DAYLIGHT,TURNING,NOT DIVIDED,,STRAIGHT AND LEVEL,DRY,NO DEFECTS,ON SCENE,INJURY AND / OR TOW DUE TO CRASH,,,,"OVER $1,500",08/16/2024 12:46:00 PM,UNABLE TO DETERMINE,UNABLE TO DETERMINE,6199,N,MILWAUKEE AVE,1611,,,,,,,2,NO INDICATION OF INJURY,0,0,0,0,0,0,2,12,6,8,41.993782022,-87.7843012102,POINT (-87.78430121016 41.993782021995)
a2f34fdc2a0faf38dfb742d8a45b915e2ab5b76cf8ec8f507f737b8dbb7db941b4d0930eb79d0b7000dd3edb419a5e89c9ff44f386654847f97de49c3c8ea0b0,,08/16/2024 11:38:00 AM,30,NO CONTROLS,UNKNOWN,CLEAR,DAYLIGHT,SIDESWIPE SAME DIRECTION,NOT DIVIDED,,STRAIGHT AND LEVEL,DRY,NO DEFECTS,ON SCENE,INJURY AND / OR TOW DUE TO CRASH,,,Y,"OVER $1,500",08/16/2024 11:39:00 AM,UNABLE TO DETERMINE,UNABLE TO DETERMINE,1740,W,119TH ST,2234,,,,,,,2,NO INDICATION OF INJURY,0,0,0,0,0,0,2,11,6,8,41.6775754506,-87.6654266932,POINT (-87.66542669322 41.67757545058)
5bf907d5bec2d921efc16b1870ba8783d42aeda73c306cb4feeccc8642b63ffe4e584dbb6662435f04b3438b3eeebbf107decd0e8f5efbe374cc2ea2b7008a1d,,08/12/2024 02:39:00 AM,30,UNKNOWN,UNKNOWN,CLEAR,DUSK,PARKED MOTOR VEHICLE,NOT DIVIDED,,STRAIGHT AND LEVEL,DRY,NO DEFECTS,ON SCENE,NO INJURY / DRIVE AWAY,,,Y,"OVER $1,500",08/12/2024 02:39:00 AM,DRIVING SKILLS/KNOWLEDGE/EXPERIENCE,PHYSICAL CONDITION OF DRIVER,3541,W,MONTROSE AVE,1723,,,,,,,2,NO INDICATION OF INJURY,0,0,0,0,0,0,1,2,2,8,41.9609685766,-87.7172635097,POINT (-87.717263509661 41.960968576584)
80eabcb9201fec8349b70030dbe6ad20cccc3b061e1bcc76f09e283fcc77c62947ce0ef39962171581be9e8d418c88916ac8fd205496c3d10f7b2db8d5e208e7,,08/09/2024 04:25:00 PM,30,NO CONTROLS,NO CONTROLS,CLEAR,DAYLIGHT,SIDESWIPE SAME DIRECTION,NOT DIVIDED,,STRAIGHT AND LEVEL,UNKNOWN,UNKNOWN,ON SCENE,NO INJURY / DRIVE AWAY,,,,"OVER $1,500",08/09/2024 04:30:00 PM,FAILING TO REDUCE SPEED TO AVOID CRASH,FAILING TO YIELD RIGHT-OF-WAY,7043,N,WESTERN AVE,2411,,,,,,,2,NO INDICATION OF INJURY,0,0,0,0,0,0,3,16,6,8,42.009851619,-87.6900432236,POINT (-87.690043223649 42.009851618972)
fe6214af52c2a087e835bf486cc2c234c9ec7f5b42379e2d5db2b700b3a848e6085b039d994840260a24a42269cf9833e4e3330bafd40dfaeed9a610c18b06f1,,08/07/2024 10:31:00 AM,30,NO CONTROLS,NO CONTROLS,CLEAR,DAYLIGHT,PARKED MOTOR VEHICLE,NOT DIVIDED,,STRAIGHT AND LEVEL,DRY,UNKNOWN,NOT ON SCENE (DESK REPORT),NO INJURY / DRIVE AWAY,,,Y,"OVER $1,500",08/07/2024 06:12:00 PM,FAILING TO YIELD RIGHT-OF-WAY,FAILING TO YIELD RIGHT-OF-WAY,1312,W,19TH ST,1233,,,,,,,2,NO INDICATION OF INJURY,0,0,0,0,0,0,1,10,4,8,41.8561988778,-87.6593972609,POINT (-87.659397260855 41.856198877797)
106b7009bba3e7c188bb51e64764f73f986e8b732534dd6a0d427d43df3db0dd72a4eda13f543c64663fa7e4e99cb04a4136734576a30e275fde49940100a8da,,08/05/2024 12:05:00 AM,30,TRAFFIC SIGNAL,FUNCTIONING PROPERLY,CLEAR,"DARKNESS, LIGHTED ROAD",ANGLE,FOUR WAY,,STRAIGHT AND LEVEL,DRY,NO DEFECTS,NOT ON SCENE (DESK REPORT),NO INJURY / DRIVE AWAY,,,Y,"OVER $1,500",08/05/2024 01:45:00 AM,DISREGARDING TRAFFIC SIGNALS,NOT APPLICABLE,1146,S,CALIFORNIA AVE,1135,,,,,,,2,NO INDICATION OF INJURY,0,0,0,0,0,0,2,0,2,8,41.8668941929,-87.696059882,POINT (-87.696059882035 41.866894192891)
3b90c9716adab86fbfb93adbf07092b5fc7d26cc3ff1b696579f87f894bff0923cf53b700b989b000f1c97ce7719c754a628ebef446dab5eee30edaf75d0bbb6,,08/02/2024 05:15:00 PM,30,NO CONTROLS,NO CONTROLS,CLEAR,DAYLIGHT,PARKED MOTOR VEHICLE,OTHER,,STRAIGHT AND LEVEL,DRY,NO DEFECTS,NOT ON SCENE (DESK REPORT),NO INJURY / DRIVE AWAY,,Y,Y,$500 OR LESS,08/03/2024 08:00:00 AM,IMPROPER BACKING,NOT APPLICABLE,3648,W,GRAND AVE,2535,,,,,,,2,NO INDICATION OF INJURY,0,0,0,0,0,0,1,17,6,8,41.9030141752,-87.7181796899,POINT (-87.718179689906 41.903014175166)
3aba175735724e7ab4428cda3b6bb08332a5ace4bc88541373f366ec6100fc87de519a280b0bd624d71d08dcec01d38b700b4cf47aa8cbf0f14774bc2fd34974,,08/02/2024 05:05:00 PM,30,NO CONTROLS,NO CONTROLS,CLEAR,DAYLIGHT,REAR END,DIVIDED - W/MEDIAN (NOT RAISED),,STRAIGHT AND LEVEL,DRY,NO DEFECTS,ON SCENE,NO INJURY / DRIVE AWAY,,,,"OVER $1,500",08/02/2024 05:05:00 PM,DRIVING SKILLS/KNOWLEDGE/EXPERIENCE,UNABLE TO DETERMINE,3208,W,31ST ST,1032,,,,,,,2,NO INDICATION OF INJURY,0,0,0,0,0,0,2,17,6,8,41.8373321126,-87.7052542784,POINT (-87.705254278408 41.837332112613)
e919b0f1eb8fb7646d2a3c065f4e0ab66dd9df5b1b5c31eda1e7a4737760c72c38bb7004495ac2aa728f4fa67bb622a51556a39924d35e6e826cbd84b87229b7,,08/01/2024 11:30:00 AM,30,UNKNOWN,UNKNOWN,CLEAR,DAYLIGHT,SIDESWIPE SAME DIRECTION,NOT DIVIDED,,STRAIGHT AND LEVEL,DRY,NO DEFECTS,NOT ON SCENE (DESK REPORT),NO INJURY / DRIVE AWAY,,,Y,"$501 - $1,500",08/01/2024 01:24:00 PM,UNABLE TO DETERMINE,UNABLE TO DETERMINE,162,W,DIVISION ST,1821,,,,,,,2,NO INDICATION OF INJURY,0,0,0,0,0,0,2,11,5,8,41.9039718223,-87.633909344,POINT (-87.633909343959 41.903971822328)
38c6742865c83ff5c72d9ae9798e3d50e5b4f90a70748aa6499af5de76e90beb23a5b515cca8bbbcee0f7c13b700a6273e585e4478b048a0683f0072c70b24a1,,07/30/2024 10:04:00 AM,30,UNKNOWN,UNKNOWN,CLEAR,DAYLIGHT,REAR TO SIDE,PARKING LOT,,STRAIGHT AND LEVEL,UNKNOWN,UNKNOWN,NOT ON SCENE (DESK REPORT),NO INJURY / DRIVE AWAY,,Y,Y,"OVER $1,500",07/30/2024 01:50:00 PM,IMPROPER BACKING,UNABLE TO DETERMINE,2333,W,MADISON ST,1223,,,,,,,2,NO INDICATION OF INJURY,0,0,0,0,0,0,2,10,3,7,41.8810693742,-87.6853075527,POINT (-87.68530755272 41.881069374222)
913d75f942f879b842b700ddc9d8db6d9d714b1c229249be53a3a667338b6a85063333a176c129e6f338f7788c8c14d75fa4050196d46ce7233ae1d0b574eb15,,07/26/2024 04:30:00 PM,30,NO CONTROLS,NO CONTROLS,CLEAR,DAYLIGHT,SIDESWIPE SAME DIRECTION,ONE-WAY,,STRAIGHT AND LEVEL,DRY,NO DEFECTS,NOT ON SCENE (DESK REPORT),NO INJURY / DRIVE AWAY,,,,"$501 - $1,500",07/26/2024 06:25:00 PM,FAILING TO YIELD RIGHT-OF-WAY,NOT APPLICABLE,120,E,DELAWARE PL,1833,,,,,,,2,NO INDICATION OF INJURY,0,0,0,0,0,0,3,16,6,7,41.8993040964,-87.6252364915,POINT (-87.62523649148 41.899304096445)
45f3f2d948287a102bd80262a5c316ef928421baf3d148ac47a4a7157a6bd964d5b700c5140b8957210f4ce06f03c52aae15a14e249c823e5bcdd5840a959c77,,07/25/2024 08:30:00 PM,30,NO CONTROLS,NO CONTROLS,CLEAR,DAYLIGHT,REAR END,DIVIDED - W/MEDIAN BARRIER,,STRAIGHT AND LEVEL,DRY,NO DEFECTS,NOT ON SCENE (DESK REPORT),NO INJURY / DRIVE AWAY,,,Y,"OVER $1,500",07/25/2024 09:40:00 PM,FOLLOWING TOO CLOSELY,UNABLE TO DETERMINE,7601,S,STONY ISLAND AVE,411,,,,,,,2,NO INDICATION OF INJURY,0,0,0,0,0,0,2,20,5,7,41.7569049104,-87.5855428599,POINT (-87.585542859908 41.756904910398)
e5ccbd58c86da14e5944d75df56c216a2aaaeb4fade585c40bf2069582ac3113928823693a53d360daff5cb7008cb7f92ddec8753fc32f83d35b598719e8917e,,07/25/2024 09:00:00 AM,30,STOP SIGN/FLASHER,FUNCTIONING PROPERLY,CLEAR,DAYLIGHT,TURNING,DIVIDED - W/MEDIAN (NOT RAISED),,STRAIGHT AND LEVEL,DRY,NO DEFECTS,ON SCENE,NO INJURY / DRIVE AWAY,,,,"OVER $1,500",07/25/2024 09:00:00 AM,FAILING TO YIELD RIGHT-OF-WAY,UNABLE TO DETERMINE,4500,W,FOSTER AVE,1712,,,,,,,2,NO INDICATION OF INJURY,0,0,0,0,0,0,2,9,5,7,41.9755103448,-87.7407416751,POINT (-87.740741675117 41.9755103448)
6f477e77b00a1d8bf7100fa68eaa34fca89f38541f123cbd3932cc9272dbabc50f8451ed0b700431075fe6a5e9c5a1ce533cdec8aef9f0156d02ba673a947579,,07/24/2024 05:34:00 PM,35,TRAFFIC SIGNAL,FUNCTIONING PROPERLY,CLEAR,DAYLIGHT,PEDALCYCLIST,NOT DIVIDED,,STRAIGHT AND LEVEL,DRY,NO DEFECTS,ON SCENE,INJURY AND / OR TOW DUE TO CRASH,,,Y,"OVER $1,500",07/24/2024 07:34:00 PM,DISREGARDING TRAFFIC SIGNALS,UNABLE TO DETERMINE,3350,W,47TH ST,821,,,,,,,2,NONINCAPACITATING INJURY,1,0,0,1,0,0,1,17,4,7,41.8081726144,-87.70848389,POINT (-87.708483889951 41.808172614433)
d1d6538af141f71bc2fd28dbf537607c43fc49b84ca054399b19355ddfa6f097dc167daebcfbb02c91485d86c56cc7e955ec01b7007c72a2844bbf26f5c3c8fb,,07/21/2024 08:39:00 PM,30,NO CONTROLS,NO CONTROLS,CLEAR,DAYLIGHT,PARKED MOTOR VEHICLE,ONE-WAY,,STRAIGHT AND LEVEL,DRY,NO DEFECTS,NOT ON SCENE (DESK REPORT),NO INJURY / DRIVE AWAY,,,Y,"$501 - $1,500",07/21/2024 08:48:00 PM,"OPERATING VEHICLE IN ERRATIC, RECKLESS, CARELESS, NEGLIGENT OR AGGRESSIVE MANNER",DRIVING ON WRONG SIDE/WRONG WAY,6749,S,ROCKWELL ST,832,,,,,,,2,NO INDICATION OF INJURY,0,0,0,0,0,0,2,20,1,7,41.7704558595,-87.6881449066,POINT (-87.688144906595 41.770455859456)
2a97520930fe61b7003df1e11b39263862e1d3fccb58ec928d0a9384861216e2e2693a8de13d4cb9d10657b7f01d01b62e45302dd0f9520ee85c66706383c7d8,,07/21/2024 10:40:00 AM,30,NO CONTROLS,NO CONTROLS,CLEAR,DAYLIGHT,REAR END,ONE-WAY,,STRAIGHT AND LEVEL,DRY,NO DEFECTS,NOT ON SCENE (DESK REPORT),NO INJURY / DRIVE AWAY,,,,"$501 - $1,500",07/22/2024 04:15:00 PM,UNABLE TO DETERMINE,UNABLE TO DETERMINE,43,E,OHIO ST,1834,,,,,,,2,NO INDICATION OF INJURY,0,0,0,0,0,0,2,10,1,7,41.892394751,-87.6264153354,POINT (-87.626415335436 41.892394750983)
78d4621ba362cd6fdb9ffc9eb67c3c6eb700900f1597bb5a090fc2b1cf78729de447f7573f39377c474af171470f09380547bfce77ab812b27a28ddf03f49764,,07/18/2024 05:25:00 PM,30,UNKNOWN,UNKNOWN,OTHER,UNKNOWN,PARKED MOTOR VEHICLE,NOT DIVIDED,,STRAIGHT AND LEVEL,UNKNOWN,UNKNOWN,NOT ON SCENE (DESK REPORT),NO INJURY / DRIVE AWAY,,,,"OVER $1,500",07/19/2024 05:25:00 PM,UNABLE TO DETERMINE,NOT APPLICABLE,50,W,KINZIE ST,1831,,,,,,,2,NO INDICATION OF INJURY,0,0,0,0,0,0,1,17,5,7,41.8893385093,-87.629839263,POINT (-87.629839262978 41.889338509286)
aeb962e50b9804bcc0af461bb7003c6ef6fdbe5a8c8e296614dd20c94b3905eec2f0d8f43643c5428731c3a0947c52d6f7f0d5812c0390b060bc6964792c4da3,,07/16/2024 05:00:00 PM,30,NO CONTROLS,NO CONTROLS,CLEAR,DAYLIGHT,REAR END,DIVIDED - W/MEDIAN (NOT RAISED),,STRAIGHT AND LEVEL,DRY,NO DEFECTS,NOT ON SCENE (DESK REPORT),NO INJURY / DRIVE AWAY,,,,"OVER $1,500",07/16/2024 07:30:00 PM,UNABLE TO DETERMINE,UNABLE TO DETERMINE,613,N,MC CLURG CT,1834,,,,,,,2,NO INDICATION OF INJURY,0,0,0,0,0,0,2,17,3,7,41.8931191474,-87.6175825017,POINT (-87.617582501665 41.893119147362)
4bcd4e285c88b2134d3dce308e65556f731086d2480b104225de58af234ba4f21a2db700f9538934780fe62ed17ae248fe0fd5902ea327ac3b544b16970609a5,,07/14/2024 12:50:00 PM,20,NO CONTROLS,NO CONTROLS,CLEAR,DAYLIGHT,SIDESWIPE SAME DIRECTION,NOT DIVIDED,,STRAIGHT AND LEVEL,DRY,NO DEFECTS,ON SCENE,NO INJURY / DRIVE AWAY,,,Y,"OVER $1,500",07/14/2024 12:52:00 PM,UNABLE TO DETERMINE,HAD BEEN DRINKING (USE WHEN ARREST IS NOT MADE),4602,N,DAMEN AVE,1911,,,,,,,3,NO INDICATION OF INJURY,0,0,0,0,0,0,3,12,1,7,41.9652080215,-87.6792333528,POINT (-87.679233352837 41.965208021467)
6e2eb3cffa9ed90b7cd99a4802779ec2cacab7001cff0e2d747825958061b859ab9dc8e8a162ab36b423a3d3ceb67c7bcfdb6cdd0168947bd7992ad32df6a2fc,,07/13/2024 08:42:00 AM,25,TRAFFIC SIGNAL,FUNCTIONING PROPERLY,CLEAR,DAYLIGHT,ANGLE,NOT DIVIDED,,STRAIGHT AND LEVEL,DRY,NO DEFECTS,ON SCENE,INJURY AND / OR TOW DUE TO CRASH,Y,,,"OVER $1,500",07/13/2024 08:46:00 AM,DISREGARDING TRAFFIC SIGNALS,FAILING TO REDUCE SPEED TO AVOID CRASH,101,N,AUSTIN BLVD,1512,,,,,,,2,NO INDICATION OF INJURY,0,0,0,0,0,0,2,8,7,7,41.8822030759,-87.7745785087,POINT (-87.774578508667 41.882203075889)
54b47ae21898cd0a4edcbba027c26e43b700acaedc2ac280386892bd9c359d7cbdba6035bb618e95ec57532c66ec73e7d467b32d875b4249d155a055f36334bf,,07/09/2024 06:43:00 PM,30,TRAFFIC SIGNAL,FUNCTIONING PROPERLY,RAIN,DAYLIGHT,SIDESWIPE SAME DIRECTION,FOUR WAY,,STRAIGHT AND LEVEL,WET,NO DEFECTS,ON SCENE,NO INJURY / DRIVE AWAY,Y,,Y,"OVER $1,500",07/09/2024 06:43:00 PM,IMPROPER LANE USAGE,IMPROPER OVERTAKING/PASSING,301,S,HOMAN AVE,1134,,,,,,,2,NO INDICATION OF INJURY,0,0,0,0,0,0,4,18,3,7,41.8772693466,-87.7107386127,POINT (-87.710738612696 41.877269346584)
f06b8f05a070f4a14ec9c46068a40a6c8a99dd96d1b393eb1d5631a0dc8f3fd213ac4e96eaee73ca311465ef7081dee09eb0344180b700c600681f03a4f78c60,,07/08/2024 10:17:00 AM,30,NO CONTROLS,NO CONTROLS,CLEAR,DAYLIGHT,PARKED MOTOR VEHICLE,NOT DIVIDED,,STRAIGHT AND LEVEL,DRY,UNKNOWN,ON SCENE,NO INJURY / DRIVE AWAY,,,,"$501 - $1,500",07/08/2024 10:20:00 AM,UNABLE TO DETERMINE,UNABLE TO DETERMINE,5926,W,DIVISION ST,2531,,Y,,,,,2,NO INDICATION OF INJURY,0,0,0,0,0,0,1,10,2,7,41.9021268371,-87.7740914845,POINT (-87.774091484496 41.902126837144)
b7001d96a26ed38992d84e5010f8fb6e7aeddab7b38b58572cfdb62e5bd5dd260620108e0a9bb62411d170a9973001852f873d5a3a264f69c3f7758c83bc41dc,,07/06/2024 02:03:00 AM,15,NO CONTROLS,NO CONTROLS,CLEAR,"DARKNESS, LIGHTED ROAD",PARKED MOTOR VEHICLE,ONE-WAY,,STRAIGHT AND LEVEL,DRY,NO DEFECTS,ON SCENE,INJURY AND / OR TOW DUE TO CRASH,,,Y,"$501 - $1,500",07/06/2024 02:10:00 AM,UNABLE TO DETERMINE,NOT APPLICABLE,3021,S,ARCH ST,913,,,,,,,2,NO INDICATION OF INJURY,0,0,0,0,0,0,1,2,7,7,41.8383676945,-87.6571097943,POINT (-87.657109794299 41.838367694475)
a26cae4b700d6723a2444cf0a20bd915f9a069621fea09b15f1a8ebce82e145afe4059012199bf904ab99a0ea5485c2d74283275c82cc5d65016e1ae9d819a05,,07/06/2024 01:00:00 AM,30,STOP SIGN/FLASHER,FUNCTIONING PROPERLY,CLEAR,"DARKNESS, LIGHTED ROAD",PARKED MOTOR VEHICLE,ONE-WAY,,STRAIGHT AND LEVEL,DRY,NO DEFECTS,NOT ON SCENE (DESK REPORT),NO INJURY / DRIVE AWAY,,,,"$501 - $1,500",07/07/2024 02:55:00 PM,DRIVING SKILLS/KNOWLEDGE/EXPERIENCE,UNABLE TO DETERMINE,7700,S,INDIANA AVE,623,,,,,,,2,NO INDICATION OF INJURY,0,0,0,0,0,0,3,1,7,7,41.7545844297,-87.6199938148,POINT (-87.619993814763 41.754584429677)
0e44dc0d08078e33be2545b14d45cbed300557eabb0696ecec6b7008a5d5dc87a1e3c3b8b6ae0541f79874a5fc3ff0161ff526645ebe429e791111da65cbd99b,,07/05/2024 09:33:00 PM,30,NO CONTROLS,NO CONTROLS,CLEAR,DARKNESS,PARKED MOTOR VEHICLE,NOT DIVIDED,,STRAIGHT AND LEVEL,UNKNOWN,UNKNOWN,ON SCENE,NO INJURY / DRIVE AWAY,,,Y,"$501 - $1,500",07/05/2024 09:33:00 PM,UNABLE TO DETERMINE,DRIVING SKILLS/KNOWLEDGE/EXPERIENCE,1450,W,WEBSTER AVE,1811,,,,,,,2,NO INDICATION OF INJURY,0,0,0,0,0,0,1,21,6,7,41.9217194988,-87.665019424,POINT (-87.665019423988 41.921719498802)
16d6311a720d5b432425345b0bce7baa10b7003ff10807c24f1a3a169a4402551d8259d5da11efc3d6d7eb44ad9fd4773344864969cac9371c4e4b389fbc2149,,07/03/2024 11:10:00 PM,30,TRAFFIC SIGNAL,FUNCTIONING PROPERLY,CLEAR,"DARKNESS, LIGHTED ROAD",REAR END,ONE-WAY,,STRAIGHT AND LEVEL,DRY,NO DEFECTS,ON SCENE,NO INJURY / DRIVE AWAY,,,,"OVER $1,500",07/03/2024 11:10:00 PM,UNABLE TO DETERMINE,NOT APPLICABLE,5500,S,WELLS ST,711,,,,,,,2,NO INDICATION OF INJURY,0,0,0,0,0,0,3,23,4,7,41.7941994854,-87.6319254825,POINT (-87.631925482492 41.794199485414)
0a375934348434004aeaaaf44790edf5983db881b09b18ca69d624f0f37e9817e6db75ba7502a7f012bc93d408cd5fd13e9dcb700ae1f275ff15a193d4e99ada,N,07/03/2024 05:20:00 AM,30,NO CONTROLS,NO CONTROLS,RAIN,"DARKNESS, LIGHTED ROAD",PARKED MOTOR VEHICLE,NOT DIVIDED,,STRAIGHT AND LEVEL,DRY,NO DEFECTS,ON SCENE,NO INJURY / DRIVE AWAY,,,Y,"OVER $1,500",07/03/2024 06:00:00 AM,UNABLE TO DETERMINE,UNABLE TO DETERMINE,10903,S,MICHIGAN AVE,513,,,,,,,3,NO INDICATION OF INJURY,0,0,0,0,0,0,1,5,4,7,41.6961139176,-87.6206527374,POINT (-87.620652737383 41.696113917642)
c7acd4264c63dc627cf3120a0b238346a0807e0ee6b79abe7fa16072c304f6199983a9ce4b7003821e06b2524bfd6483788bd081cf5bc473375b3b986afcf8a4,,06/29/2024 12:05:00 PM,35,TRAFFIC SIGNAL,FUNCTIONING PROPERLY,CLEAR,DAYLIGHT,SIDESWIPE SAME DIRECTION,CENTER TURN LANE,,STRAIGHT AND LEVEL,DRY,NO DEFECTS,ON SCENE,NO INJURY / DRIVE AWAY,,,,$500 OR LESS,06/29/2024 12:09:00 PM,UNABLE TO DETERMINE,UNABLE TO DETERMINE,6242,S,CICERO AVE,813,,,,,,,2,NO INDICATION OF INJURY,0,0,0,0,0,0,2,12,7,6,41.7789712291,-87.7424581729,POINT (-87.742458172873 41.778971229058)
605f52ce59279588b700e4e75a37bf5412531cdffc0f06ae4377b06875a7fb3668986c5c28ee75d1a3ae6e298b9776c889b2d3e79365b34b798f16e38f2f7dcf,,06/26/2024 03:45:00 PM,20,NO CONTROLS,NO CONTROLS,CLEAR,DAYLIGHT,PARKED MOTOR VEHICLE,ONE-WAY,,STRAIGHT AND LEVEL,DRY,NO DEFECTS,ON SCENE,INJURY AND / OR TOW DUE TO CRASH,,,,"OVER $1,500",06/26/2024 03:45:00 PM,DRIVING SKILLS/KNOWLEDGE/EXPERIENCE,FAILING TO REDUCE SPEED TO AVOID CRASH,4454,S,KOMENSKY AVE,815,,,,,,,3,NONINCAPACITATING INJURY,1,0,0,1,0,0,0,15,4,6,41.8117217398,-87.7251006319,POINT (-87.725100631875 41.811721739806)