CRASH_RECORD_ID,CRASH_DATE_EST_I,CRASH_DATE,POSTED_SPEED_LIMIT,TRAFFIC_CONTROL_DEVICE,DEVICE_CONDITION,WEATHER_CONDITION,LIGHTING_CONDITION,FIRST_CRASH_TYPE,TRAFFICWAY_TYPE,LANE_CNT,ALIGNMENT,ROADWAY_SURFACE_COND,ROAD_DEFECT,REPORT_TYPE,CRASH_TYPE,INTERSECTION_RELATED_I,NOT_RIGHT_OF_WAY_I,HIT_AND_RUN_I,DAMAGE,DATE_POLICE_NOTIFIED,PRIM_CONTRIBUTORY_CAUSE,SEC_CONTRIBUTORY_CAUSE,STREET_NO,STREET_DIRECTION,STREET_NAME,BEAT_OF_OCCURRENCE,PHOTOS_TAKEN_I,STATEMENTS_TAKEN_I,DOORING_I,WORK_ZONE_I,WORK_ZONE_TYPE,WORKERS_PRESENT_I,NUM_UNITS,MOST_SEVERE_INJURY,INJURIES_TOTAL,INJURIES_FATAL,INJURIES_INCAPACITATING,INJURIES_NON_INCAPACITATING,INJURIES_REPORTED_NOT_EVIDENT,INJURIES_UNKNOWN,INJURIES_NO_INDICATION,CRASH_HOUR,CRASH_DAY_OF_WEEK,CRASH_MONTH,LATITUDE,LONGITUDE,LOCATION
a0f35f7704cd4d708c8d1a0d1708ac3ca6f5aebf1af16da73ade0bafd1775b5a7b079262817dda37d1e90002179bd5eb7a63f8f512cce5ea962d1b700a678b94,,06/26/2024 11:00:00 AM,30,UNKNOWN,UNKNOWN,UNKNOWN,DAYLIGHT,REAR END,NOT DIVIDED,,STRAIGHT AND LEVEL,UNKNOWN,UNKNOWN,NOT ON SCENE (DESK REPORT),NO INJURY / DRIVE AWAY,,,,"OVER $1,500",06/26/2024 06:30:00 PM,UNABLE TO DETERMINE,NOT APPLICABLE,123,W,MADISON ST,122,,,,,,,2,NO INDICATION OF INJURY,0,0,0,0,0,0,2,11,4,6,41.8818609377,-87.6315638449,POINT (-87.631563844886 41.881860937738)
b7b700888139d86f3d29313900c7e4871383dfde325defd6d87409e33683fc58c174f3ac84fb1eb7a57b93c3e802ee289eaa8cf92dfa00d9b7b3b6d5df8fd94d,,06/24/2024 05:16:00 PM,30,UNKNOWN,UNKNOWN,UNKNOWN,UNKNOWN,SIDESWIPE SAME DIRECTION,UNKNOWN,,STRAIGHT AND LEVEL,UNKNOWN,UNKNOWN,,NO INJURY / DRIVE AWAY,,,,"OVER $1,500",06/24/2024 06:00:00 PM,UNABLE TO DETERMINE,UNABLE TO DETERMINE,670,N,MAY ST,1214,,,,,,,2,NO INDICATION OF INJURY,0,0,0,0,0,0,2,17,2,6,41.8937135069,-87.6564053167,POINT (-87.656405316655 41.893713506934)
df4c29b7bb371bad25f161363e015127eb05de2ae6238cf56f251163b286418e985080002ffbc4deea592df6da6ab32d3123db700a7ba6115aaf2cb0413682b5,,06/24/2024 04:00:00 PM,10,NO CONTROLS,NO CONTROLS,CLEAR,DAYLIGHT,PARKED MOTOR VEHICLE,PARKING LOT,,STRAIGHT AND LEVEL,DRY,NO DEFECTS,NOT ON SCENE (DESK REPORT),NO INJURY / DRIVE AWAY,,Y,Y,"OVER $1,500",06/28/2024 01:40:00 PM,UNABLE TO DETERMINE,NOT APPLICABLE,579,W,KINZIE ST,1214,,,,,,,2,NO INDICATION OF INJURY,0,0,0,0,0,0,1,16,2,6,41.8889398261,-87.6427988876,POINT (-87.642798887632 41.88893982615)
d3ba6af14f900e42dc2453aee05c63b54b339bc7548b1ed0fec27f0e70dee5cbeff530a8d21dd2b673e9372b91a574305eef88063f49edb70008f09c55492fac,,06/24/2024 10:30:00 AM,30,NO CONTROLS,NO CONTROLS,CLEAR,DAYLIGHT,SIDESWIPE SAME DIRECTION,NOT DIVIDED,,STRAIGHT AND LEVEL,DRY,NO DEFECTS,NOT ON SCENE (DESK REPORT),NO INJURY / DRIVE AWAY,,,Y,"OVER $1,500",06/24/2024 12:46:00 PM,"OPERATING VEHICLE IN ERRATIC, RECKLESS, CARELESS, NEGLIGENT OR AGGRESSIVE MANNER",NOT APPLICABLE,1,E,43RD ST,215,,,,,,,3,NO INDICATION OF INJURY,0,0,0,0,0,0,3,10,2,6,41.8163810677,-87.6261873055,POINT (-87.626187305549 41.816381067721)
ad91d1edd43d8e0a22bbdd2a1d88b103a45a1d8c4177e6e1cb7002436787d8805a31ba79979582a2beb6502011c60e6baca8c418249b91d083c83baa6735e26a,,06/24/2024 10:20:00 AM,30,TRAFFIC SIGNAL,FUNCTIONING PROPERLY,CLEAR,DAYLIGHT,SIDESWIPE SAME DIRECTION,ONE-WAY,,STRAIGHT AND LEVEL,DRY,NO DEFECTS,ON SCENE,INJURY AND / OR TOW DUE TO CRASH,,,Y,"OVER $1,500",06/24/2024 10:40:00 AM,UNABLE TO DETERMINE,UNABLE TO DETERMINE,8254,S,LAFAYETTE AVE,622,,,,,,,3,NO INDICATION OF INJURY,0,0,0,0,0,0,3,10,2,6,41.7438050285,-87.6257821788,POINT (-87.625782178777 41.743805028476)
449ab5895716ffba4b31fccf0d7e9cc9303927da97583dbb65150ac6848e08287d34f141e10b4d0da015c831bd9fe459e03b2c778b2b700a64a8ee48a0358c02,,06/23/2024 10:00:00 PM,35,STOP SIGN/FLASHER,FUNCTIONING PROPERLY,CLEAR,"DARKNESS, LIGHTED ROAD",PARKED MOTOR VEHICLE,ONE-WAY,,STRAIGHT AND LEVEL,DRY,NO DEFECTS,NOT ON SCENE (DESK REPORT),NO INJURY / DRIVE AWAY,,,Y,"OVER $1,500",06/27/2024 04:40:00 PM,DRIVING SKILLS/KNOWLEDGE/EXPERIENCE,UNABLE TO DETERMINE,7745,S,GREEN ST,621,,,,,,,2,NO INDICATION OF INJURY,0,0,0,0,0,0,1,22,1,6,41.7529313982,-87.6451698247,POINT (-87.645169824665 41.752931398241)
e03c5de90c45b169948ca56f93baf939734b700303ab6fc9acdde42311210a509dcb16d88048fa55345e11fb769e2f8735e56d36245fdcb94f37e530af7f1f12,,06/22/2024 11:05:00 AM,25,NO CONTROLS,NO CONTROLS,CLEAR,DAYLIGHT,PARKED MOTOR VEHICLE,NOT DIVIDED,,STRAIGHT AND LEVEL,DRY,NO DEFECTS,ON SCENE,INJURY AND / OR TOW DUE TO CRASH,,,,"OVER $1,500",06/22/2024 11:10:00 AM,"EVASIVE ACTION DUE TO ANIMAL, OBJECT, NONMOTORIST",UNABLE TO DETERMINE,3511,W,83RD PL,834,,,,,,,2,NO INDICATION OF INJURY,0,0,0,0,0,0,1,11,7,6,41.7413443667,-87.7099619787,POINT (-87.709961978654 41.741344366658)
8fb404c8c9d89fd9f5b700ef62b6da309d6d6766fd2bb44e08e017e62f6f86d57fd07b5d95bff481877a85555e26ef4e14c742d45ae67707b23ef761a1fa5cd8,,06/21/2024 04:11:00 PM,30,TRAFFIC SIGNAL,FUNCTIONING PROPERLY,CLEAR,DAYLIGHT,SIDESWIPE SAME DIRECTION,T-INTERSECTION,,STRAIGHT AND LEVEL,DRY,NO DEFECTS,ON SCENE,NO INJURY / DRIVE AWAY,Y,,,"OVER $1,500",06/21/2024 04:12:00 PM,NOT APPLICABLE,NOT APPLICABLE,5100,S,ASHLAND AVE,932,,,,,,,2,NO INDICATION OF INJURY,0,0,0,0,0,0,2,16,6,6,41.8012250602,-87.6649209577,POINT (-87.664920957694 41.801225060191)
0bc66116d33fa2cb6285337ff5d7b700e98a3443d85821101c880b8506b29210096ed92e6d533c1bce390c9eb4e81f8c6ddbf1fba48ea3403f5ad2625dc021b7,,06/20/2024 01:22:00 PM,30,TRAFFIC SIGNAL,FUNCTIONING PROPERLY,CLEAR,DAYLIGHT,TURNING,NOT DIVIDED,,STRAIGHT AND LEVEL,DRY,NO DEFECTS,ON SCENE,NO INJURY / DRIVE AWAY,Y,,,"OVER $1,500",06/20/2024 01:22:00 PM,IMPROPER TURNING/NO SIGNAL,FOLLOWING TOO CLOSELY,4758,W,FOSTER AVE,1712,,,,,,,2,NO INDICATION OF INJURY,0,0,0,0,0,0,3,13,5,6,41.9754507992,-87.7479747009,POINT (-87.747974700934 41.9754507992)
af3e47da4c5cfaa840ae20ac71893ee901b04f5ff6bd4e9990d9af7dbef7c8b0ff0079c10b94816ff7839a85574770abb700cb7e33f6774d1562fadd9639f358,,06/19/2024 09:39:00 PM,30,UNKNOWN,UNKNOWN,CLEAR,"DARKNESS, LIGHTED ROAD",HEAD ON,T-INTERSECTION,,STRAIGHT AND LEVEL,DRY,UNKNOWN,,NO INJURY / DRIVE AWAY,,,Y,"OVER $1,500",06/19/2024 10:37:00 PM,"OPERATING VEHICLE IN ERRATIC, RECKLESS, CARELESS, NEGLIGENT OR AGGRESSIVE MANNER",FAILING TO REDUCE SPEED TO AVOID CRASH,641,E,71ST ST,323,,,,,,,6,NO INDICATION OF INJURY,0,0,0,0,0,0,5,21,4,6,41.7657097764,-87.6088220547,POINT (-87.60882205466 41.765709776429)
2e788f612e0078d644c295a2cd1bee7ec04af56128599225444f38444777573e8f2e367449ab7001bbdf1ea7a3239e815db71a7e9ec3ba841fa6bb3ef6dcd32c,,06/18/2024 09:33:00 AM,30,NO CONTROLS,NO CONTROLS,CLEAR,DAYLIGHT,PEDALCYCLIST,NOT DIVIDED,,STRAIGHT AND LEVEL,DRY,NO DEFECTS,ON SCENE,INJURY AND / OR TOW DUE TO CRASH,,,,"$501 - $1,500",06/18/2024 09:33:00 AM,UNABLE TO DETERMINE,UNABLE TO DETERMINE,5033,N,KEDZIE AVE,1713,,,,,,,2,NONINCAPACITATING INJURY,1,0,0,1,0,0,1,9,3,6,41.9730906947,-87.7084603492,POINT (-87.708460349236 41.973090694683)
e58fa44bf6d445e18b2a20ce18152f756798d984e5bc2d8f68ba74cd39f23ff3b7e851b6c184a9b70068176bc81fcb286220bb9e481ce857925c6adaa0736a0d,,06/18/2024 01:16:00 AM,30,NO CONTROLS,NO CONTROLS,CLEAR,"DARKNESS, LIGHTED ROAD",TURNING,DIVIDED - W/MEDIAN (NOT RAISED),,STRAIGHT AND LEVEL,DRY,NO DEFECTS,ON SCENE,INJURY AND / OR TOW DUE TO CRASH,,,,"OVER $1,500",06/18/2024 01:16:00 AM,IMPROPER LANE USAGE,NOT APPLICABLE,4242,N,ELSTON AVE,1723,,,,,,,2,NO INDICATION OF INJURY,0,0,0,0,0,0,3,1,3,6,41.958091213,-87.7257913961,POINT (-87.725791396087 41.958091212967)
bc5cac65ad30532b9e353ef24ca09f627e6f98fcf751c0b3949b7a23a110987400cea131bc1be1fa1b7001e8810a1515e931103ecc67db92b2a9c5adaae606a4,,06/17/2024 05:45:00 PM,30,UNKNOWN,UNKNOWN,UNKNOWN,UNKNOWN,REAR END,FOUR WAY,,STRAIGHT AND LEVEL,UNKNOWN,OTHER,NOT ON SCENE (DESK REPORT),NO INJURY / DRIVE AWAY,,,Y,"$501 - $1,500",06/17/2024 05:56:00 PM,UNABLE TO DETERMINE,DRIVING SKILLS/KNOWLEDGE/EXPERIENCE,2026,S,CLARK ST,131,,,,,,,2,NO INDICATION OF INJURY,0,0,0,0,0,0,3,17,2,6,41.8545508013,-87.6302897164,POINT (-87.630289716366 41.854550801342)
7c5eb700f328577827851436581d6f22f5c8adf66b2a7b6d79e6178adf4abb5a72d1afb4799b74241c86f2ba48b2eacd70149697bac81d131e3bbe1273e128bd,,06/15/2024 08:02:00 AM,45,OTHER,FUNCTIONING PROPERLY,CLEAR,DAYLIGHT,REAR END,DIVIDED - W/MEDIAN BARRIER,,CURVE ON GRADE,DRY,NO DEFECTS,ON SCENE,INJURY AND / OR TOW DUE TO CRASH,,,Y,"OVER $1,500",06/15/2024 08:03:00 AM,UNABLE TO DETERMINE,UNABLE TO DETERMINE,9800,S,CHICAGO SKYWAY OB,432,,,,,,,2,NO INDICATION OF INJURY,0,0,0,0,0,0,3,8,7,6,,,
c0cbbf60aa9b3eb45e1bb45b602be4bf002ebec7070a8c79fe5984a9c83a955abb31fe334dbcc8b70099b5d347d4efbde4d5cae2eb3ed5ab9362e510e74698ad,,06/09/2024 09:50:00 AM,30,NO CONTROLS,NO CONTROLS,CLEAR,DAYLIGHT,TURNING,NOT DIVIDED,,STRAIGHT AND LEVEL,DRY,NO DEFECTS,ON SCENE,INJURY AND / OR TOW DUE TO CRASH,N,,Y,"OVER $1,500",06/09/2024 09:50:00 AM,FAILING TO YIELD RIGHT-OF-WAY,FAILING TO REDUCE SPEED TO AVOID CRASH,214,W,33RD ST,915,,,,,,,2,NO INDICATION OF INJURY,0,0,0,0,0,0,4,9,1,6,41.8346976071,-87.6322428966,POINT (-87.632242896637 41.834697607063)
9422e33e11960db9f366bc6d502055b659def124bb266cad663c310b11eb70001a6390b1ac0060eaced261fb67255867fb590eee9b4f454fe27c0cf29fca7fd0,,06/08/2024 06:30:00 PM,30,STOP SIGN/FLASHER,UNKNOWN,CLEAR,DAYLIGHT,PARKED MOTOR VEHICLE,FOUR WAY,,STRAIGHT AND LEVEL,DRY,UNKNOWN,NOT ON SCENE (DESK REPORT),NO INJURY / DRIVE AWAY,Y,,,"$501 - $1,500",06/08/2024 07:00:00 PM,FAILING TO YIELD RIGHT-OF-WAY,FAILING TO YIELD RIGHT-OF-WAY,1799,S,WOOD ST,1234,,,,,,,2,NO INDICATION OF INJURY,0,0,0,0,0,0,1,18,7,6,41.8577730396,-87.6709525339,POINT (-87.670952533895 41.857773039577)
31aa23f2a849ad4e6b1f3e28268825d4b4058040ed4dc1bb880db056f9f4ed15fb1a5db95c5b700ce304e98d2271c38900f1b5157ca92ca448d0547e0ed883c6,Y,06/06/2024 03:30:00 AM,25,NO CONTROLS,NO CONTROLS,CLEAR,"DARKNESS, LIGHTED ROAD",PARKED MOTOR VEHICLE,NOT DIVIDED,,STRAIGHT AND LEVEL,DRY,NO DEFECTS,ON SCENE,NO INJURY / DRIVE AWAY,,,Y,"OVER $1,500",06/06/2024 03:34:00 AM,UNABLE TO DETERMINE,UNABLE TO DETERMINE,4450,S,OAKENWALD AVE,222,,,,,,,2,NO INDICATION OF INJURY,0,0,0,0,0,0,1,3,5,6,41.814114286,-87.59556299,POINT (-87.595562990043 41.814114286002)
d84224bd70dcdf03d87672fd64bf4333d7988ee05140615395bf476358d05e3e0a9906881e0b95d971b700c99c2e8748289994c812aa75a7feb88779a1b0184e,,06/04/2024 08:00:00 AM,30,STOP SIGN/FLASHER,FUNCTIONING PROPERLY,CLEAR,DAYLIGHT,REAR END,NOT DIVIDED,,STRAIGHT AND LEVEL,DRY,UNKNOWN,NOT ON SCENE (DESK REPORT),NO INJURY / DRIVE AWAY,,,,$500 OR LESS,06/04/2024 08:44:00 AM,UNABLE TO DETERMINE,UNABLE TO DETERMINE,1634,W,MONTROSE AVE,1912,,,,,,,2,NO INDICATION OF INJURY,0,0,0,0,0,0,2,8,3,6,41.9616819225,-87.670683254,POINT (-87.670683254044 41.961681922525)
b23376c446eb077d3ede2fe2ba05055fc59bc674fd9ac355313f61f698af921bc40ae0b5d2eb700fbd47dbc821444e2bc3bc354d3ab482cd78d5d1ad45bbd40f,,06/04/2024 02:42:00 AM,30,NO CONTROLS,NO CONTROLS,CLEAR,DARKNESS,FIXED OBJECT,OTHER,,STRAIGHT AND LEVEL,DRY,NO DEFECTS,ON SCENE,NO INJURY / DRIVE AWAY,,Y,,"OVER $1,500",06/04/2024 02:42:00 AM,DRIVING ON WRONG SIDE/WRONG WAY,NOT APPLICABLE,7201,S,VINCENNES AVE,731,,,,,,,1,NO INDICATION OF INJURY,0,0,0,0,0,0,2,2,3,6,41.76349946,-87.6286920444,POINT (-87.628692044384 41.763499460032)
6dd1043229164de0415c6fd97769df721fc2e070fb085ecdb64222d63dc5b10dea3f7fd26890366a553b415a0bb2b029b00b0c0080b5391b27b7003cd6b548ed,,06/01/2024 11:00:00 AM,30,TRAFFIC SIGNAL,FUNCTIONING PROPERLY,RAIN,DAYLIGHT,REAR END,NOT DIVIDED,,STRAIGHT AND LEVEL,WET,NO DEFECTS,NOT ON SCENE (DESK REPORT),NO INJURY / DRIVE AWAY,,,,"$501 - $1,500",06/01/2024 11:30:00 AM,FOLLOWING TOO CLOSELY,UNABLE TO DETERMINE,4400,N,WESTERN AVE,1911,,,,,,,2,NO INDICATION OF INJURY,0,0,0,0,0,0,2,11,7,6,41.9614018463,-87.6888326228,POINT (-87.688832622779 41.961401846279)
d47333035daf35bf125f8e68e7b700bcf2ee806ea6f4e9d635294a40277952d51b0470d3f59e6d3438f835574bd82c589a52af3a843ac6ff46cdce20c9d74c87,,05/30/2024 07:07:00 PM,30,NO CONTROLS,NO CONTROLS,CLEAR,DAYLIGHT,PEDESTRIAN,NOT DIVIDED,,STRAIGHT AND LEVEL,DRY,NO DEFECTS,ON SCENE,INJURY AND / OR TOW DUE TO CRASH,,,,"OVER $1,500",05/30/2024 07:09:00 PM,NOT APPLICABLE,NOT APPLICABLE,6655,N,CLARK ST,2432,,Y,,,,,2,INCAPACITATING INJURY,1,0,1,0,0,0,3,19,5,5,42.0033220013,-87.672262805,POINT (-87.672262804955 42.003322001338)
78610fe9cae381a1312440cfd92e90477c25594e6393bcf0bd974c44eb3bd048d046b70025ffc829e63b0e0061641d05c83d1624fcbffb9bed100347c57491ea,,05/20/2024 10:00:00 AM,30,TRAFFIC SIGNAL,NO CONTROLS,CLEAR,DAYLIGHT,TURNING,Y-INTERSECTION,,STRAIGHT AND LEVEL,DRY,NO DEFECTS,NOT ON SCENE (DESK REPORT),INJURY AND / OR TOW DUE TO CRASH,,,,"OVER $1,500",05/20/2024 03:45:00 PM,IMPROPER LANE USAGE,NOT APPLICABLE,612,N,RACINE AVE,1215,,,,,,,2,"REPORTED, NOT EVIDENT",1,0,0,0,1,0,2,10,2,5,41.8929466341,-87.6575778695,POINT (-87.657577869531 41.892946634142)
d83a45e3f4fc97df24cc12e5418cc024eeaa85fc4cee33bb8b4b70086053f16c5cd3d9642156e550dbaa2492304a33a1eb38d1b11fd4f28349896d92f3aa2b32,Y,05/16/2024 11:21:00 PM,30,TRAFFIC SIGNAL,FUNCTIONING PROPERLY,CLEAR,DARKNESS,PARKED MOTOR VEHICLE,DIVIDED - W/MEDIAN (NOT RAISED),,STRAIGHT AND LEVEL,DRY,NO DEFECTS,ON SCENE,NO INJURY / DRIVE AWAY,,,Y,"$501 - $1,500",05/17/2024 06:28:00 AM,UNABLE TO DETERMINE,UNABLE TO DETERMINE,4302,N,PULASKI RD,1722,,,,,,,2,NO INDICATION OF INJURY,0,0,0,0,0,0,1,23,5,5,41.9592197921,-87.7279249597,POINT (-87.727924959705 41.95921979206)
d43bc0834de04b3d84a4fbdd12e5eba89d5464ccfc6f5a722cb70084aef6554f0a678d02c1fb41543fcd792b4e79896c2fd75d00a921a40804ee4917209615e7,,05/14/2024 12:59:00 AM,30,NO CONTROLS,NO CONTROLS,RAIN,DUSK,PARKED MOTOR VEHICLE,NOT DIVIDED,,STRAIGHT AND LEVEL,WET,NO DEFECTS,ON SCENE,INJURY AND / OR TOW DUE TO CRASH,,,,"OVER $1,500",05/14/2024 12:59:00 AM,UNDER THE INFLUENCE OF ALCOHOL/DRUGS (USE WHEN ARREST IS EFFECTED),NOT APPLICABLE,3215,W,AUGUSTA BLVD,1121,,,,,,,2,NO INDICATION OF INJURY,0,0,0,0,0,0,2,0,3,5,41.8990729563,-87.7076207823,POINT (-87.70762078232 41.899072956264)
83c0e65f6e6f428a325e9bd70e6d51db1f222b8b61359300fcba4dff4cc4060d364a95e1577ce2c05a4eac25496793c2b58d1600c0ccb6641ef9e53ad6d6b700,,05/11/2024 05:30:00 PM,30,TRAFFIC SIGNAL,UNKNOWN,CLEAR,DAYLIGHT,HEAD ON,FOUR WAY,,STRAIGHT AND LEVEL,WET,UNKNOWN,NOT ON SCENE (DESK REPORT),NO INJURY / DRIVE AWAY,,,,"OVER $1,500",05/12/2024 09:26:00 AM,IMPROPER TURNING/NO SIGNAL,NOT APPLICABLE,4700,S,ROCKWELL ST,922,N,N,,,,,2,NO INDICATION OF INJURY,0,0,0,0,0,0,2,17,7,5,41.8082689824,-87.6894680996,POINT (-87.6894680996 41.808268982399)
0c1046635ff928cdfa92bf2c7511ebf2c11ea3bc93ab388dc78b49c99e67dd59e3ed07ef3fa14befa7f7ef8b0cdb7001864932a3d4d4f8f28825727ceed5a033,,05/09/2024 07:10:00 PM,30,NO CONTROLS,NO CONTROLS,CLEAR,DAYLIGHT,SIDESWIPE SAME DIRECTION,DIVIDED - W/MEDIAN (NOT RAISED),,STRAIGHT AND LEVEL,UNKNOWN,NO DEFECTS,NOT ON SCENE (DESK REPORT),NO INJURY / DRIVE AWAY,,,,"$501 - $1,500",05/09/2024 07:20:00 PM,UNABLE TO DETERMINE,UNABLE TO DETERMINE,2826,N,CLYBOURN AVE,1931,,,,,,,2,NO INDICATION OF INJURY,0,0,0,0,0,0,2,19,5,5,41.9326807257,-87.6788883166,POINT (-87.678888316635 41.932680725707)
1e9fec19e5f5709c7f8442eade511521e58e057fd061ed8bffc8e54518a31314f07d41b325e8c8ec81b70036d68cf017d2c25b4ef374cee4b6dd13759caaf5ab,,05/09/2024 10:30:00 AM,25,NO CONTROLS,NO CONTROLS,CLEAR,DAYLIGHT,SIDESWIPE SAME DIRECTION,ONE-WAY,,STRAIGHT AND LEVEL,UNKNOWN,NO DEFECTS,NOT ON SCENE (DESK REPORT),NO INJURY / DRIVE AWAY,,,,"$501 - $1,500",05/09/2024 10:45:00 AM,IMPROPER LANE USAGE,NOT APPLICABLE,635,N,CLARK ST,1832,,,,,,,2,NO INDICATION OF INJURY,0,0,0,0,0,0,2,10,5,5,41.8934156288,-87.631024483,POINT (-87.631024483046 41.893415628815)
36fa85a736e045d8adac31d91531e7fbff07acdc65898e292d9e3104217540c5965107c49aafcab2436724e9d01240db700ad1bde645327dc600d2d9ab1e71dc,,05/08/2024 03:45:00 PM,30,NO CONTROLS,NO CONTROLS,CLEAR,DAYLIGHT,SIDESWIPE SAME DIRECTION,NOT DIVIDED,,STRAIGHT AND LEVEL,DRY,NO DEFECTS,NOT ON SCENE (DESK REPORT),NO INJURY / DRIVE AWAY,Y,,,"$501 - $1,500",05/08/2024 03:45:00 PM,UNABLE TO DETERMINE,UNABLE TO DETERMINE,8300,S,JEFFERY BLVD,414,,,,,,,2,NO INDICATION OF INJURY,0,0,0,0,0,0,3,15,4,5,41.7444938326,-87.5760035609,POINT (-87.5760035609 41.74449383257)
f88d46a1bdf745263bae1a1a815f6518b02b1477b54205a186d0e96101dcb329bc4b15a3d0f9416cb27dd6bdb2ba04b6e6f41a445fb82724b7005d9e7f572ab5,,05/04/2024 02:00:00 PM,25,NO CONTROLS,NO CONTROLS,CLEAR,DAYLIGHT,REAR TO SIDE,PARKING LOT,,STRAIGHT AND LEVEL,DRY,NO DEFECTS,NOT ON SCENE (DESK REPORT),NO INJURY / DRIVE AWAY,,,,$500 OR LESS,05/04/2024 02:30:00 PM,IMPROPER BACKING,NOT APPLICABLE,11618,S,MARSHFIELD AVE,2234,,,,,,,2,NO INDICATION OF INJURY,0,0,0,0,0,0,2,14,7,5,41.6824149465,-87.6627565545,POINT (-87.662756554549 41.68241494649)
9bdd2e1ebb01db9879c604968d7c919103d0ab01b90347750568b7995a7acdcbe1eb7006a89463f24f41033b6c4f82956445ec9ca99c97ace8c86ba322767409,,05/04/2024 12:30:00 AM,35,NO CONTROLS,NO CONTROLS,CLEAR,"DARKNESS, LIGHTED ROAD",REAR END,NOT DIVIDED,,STRAIGHT AND LEVEL,DRY,NO DEFECTS,NOT ON SCENE (DESK REPORT),NO INJURY / DRIVE AWAY,,,,"$501 - $1,500",05/04/2024 09:50:00 AM,NOT APPLICABLE,NOT APPLICABLE,6401,N,SHERIDAN RD,2432,,,,,,,2,NO INDICATION OF INJURY,0,0,0,0,0,0,2,0,7,5,41.9983088064,-87.6596963833,POINT (-87.659696383256 41.99830880639)
483b4b9a6c41a98fb893ff5aa74b21d9fa3d70292a0ee1f15da2fbec2cb1ccc8ea69312aa1bd63e17c546b3efbf6408b700216d673fff2af43610cf67794fa06,,05/03/2024 11:00:00 PM,30,NO CONTROLS,NO CONTROLS,CLEAR,DARKNESS,OTHER OBJECT,NOT DIVIDED,,STRAIGHT AND LEVEL,DRY,UNKNOWN,ON SCENE,INJURY AND / OR TOW DUE TO CRASH,,,,"OVER $1,500",05/03/2024 11:09:00 PM,NOT APPLICABLE,NOT APPLICABLE,2459,S,CENTRAL PARK AVE,1024,,,,,,,1,INCAPACITATING INJURY,1,0,1,0,0,0,1,23,6,5,41.8463137724,-87.7146971107,POINT (-87.71469711066 41.846313772436)
81183af785c811ae6ab6cb70055479010ba25109b27841661e21a345a048b2199597fe991dc168304afeff77da3d2c1dadf8a5b18c3c78a1da93b11b8bdd36d5,,05/03/2024 07:57:00 AM,30,NO CONTROLS,NO CONTROLS,RAIN,DAYLIGHT,SIDESWIPE SAME DIRECTION,DIVIDED - W/MEDIAN (NOT RAISED),,STRAIGHT AND LEVEL,WET,NO DEFECTS,ON SCENE,INJURY AND / OR TOW DUE TO CRASH,,,,"OVER $1,500",05/03/2024 07:57:00 AM,UNABLE TO DETERMINE,UNABLE TO DETERMINE,3434,N,MILWAUKEE AVE,1731,,,,,,,2,NO INDICATION OF INJURY,0,0,0,0,0,0,2,7,6,5,41.943626367,-87.7315139404,POINT (-87.731513940386 41.943626367037)
39dbcb9971a8e25927360af3a4fd1ca226aa4514bad07e0ffef093f877399ec81f69e3bf0d3af2ea24276e6655dce26ea21865722f67310b7002eca8abe5dc93,,05/02/2024 04:08:00 PM,30,TRAFFIC SIGNAL,FUNCTIONING PROPERLY,CLEAR,DAYLIGHT,REAR END,NOT DIVIDED,,STRAIGHT AND LEVEL,DRY,NO DEFECTS,NOT ON SCENE (DESK REPORT),NO INJURY / DRIVE AWAY,Y,,,"OVER $1,500",05/06/2024 07:15:00 PM,UNABLE TO DETERMINE,NOT APPLICABLE,466,N,CICERO AVE,1532,,,,,,,2,NO INDICATION OF INJURY,0,0,0,0,0,0,2,16,5,5,41.8895220444,-87.7457612819,POINT (-87.745761281943 41.889522044441)
b8451e06d8df5296c9f113b76fc8de1c449d08c3ceddad5182741501f89b7004cdd884a1de734a38c87f0ded91dfb04bf4efe53d71f6f27284215442b204fd86,,05/01/2024 12:40:00 PM,30,TRAFFIC SIGNAL,FUNCTIONING PROPERLY,CLEAR,DAYLIGHT,TURNING,FOUR WAY,,STRAIGHT AND LEVEL,DRY,NO DEFECTS,,NO INJURY / DRIVE AWAY,Y,,,"OVER $1,500",05/01/2024 12:50:00 PM,IMPROPER OVERTAKING/PASSING,IMPROPER TURNING/NO SIGNAL,5300,S,LAKE PARK AVE,234,,,,,,,2,NO INDICATION OF INJURY,0,0,0,0,0,0,2,12,4,5,41.7994838255,-87.5874420363,POINT (-87.587442036314 41.799483825503)
c5bb9f686d355386c3c485697037f25c38d9cdc251aa40ca148de57e90b6c9e26809deca39458027c7f876a847c8761c82d38c394a5b2b70034a6e44f296374a,,04/28/2024 01:50:00 PM,30,TRAFFIC SIGNAL,FUNCTIONING PROPERLY,CLEAR,DAYLIGHT,REAR END,DIVIDED - W/MEDIAN (NOT RAISED),,STRAIGHT AND LEVEL,DRY,NO DEFECTS,ON SCENE,INJURY AND / OR TOW DUE TO CRASH,,,,"OVER $1,500",04/28/2024 01:55:00 PM,UNABLE TO DETERMINE,NOT APPLICABLE,1999,N,CALIFORNIA AVE,1421,,,,,,,3,NO INDICATION OF INJURY,0,0,0,0,0,0,3,13,1,4,41.9174012077,-87.6970507856,POINT (-87.697050785603 41.917401207728)
16a8e87c6d48ef2633c701983f100fe79ed627e2d38a8e305e776e779598e91c53705d8a2c0668ad541bb1cb595077a1d588b1e52222d34d2057f4110c1b7002,,04/26/2024 11:15:00 AM,35,TRAFFIC SIGNAL,FUNCTIONING PROPERLY,CLEAR,DAYLIGHT,REAR END,NOT DIVIDED,,STRAIGHT AND LEVEL,DRY,NO DEFECTS,NOT ON SCENE (DESK REPORT),NO INJURY / DRIVE AWAY,,,,"OVER $1,500",04/26/2024 12:20:00 PM,FOLLOWING TOO CLOSELY,FAILING TO REDUCE SPEED TO AVOID CRASH,6402,N,WESTERN AVE,2412,,,,,,,2,NO INDICATION OF INJURY,0,0,0,0,0,0,2,11,6,4,41.997874091,-87.6900348747,POINT (-87.690034874744 41.997874091037)