CRASH_RECORD_ID,CRASH_DATE_EST_I,CRASH_DATE,POSTED_SPEED_LIMIT,TRAFFIC_CONTROL_DEVICE,DEVICE_CONDITION,WEATHER_CONDITION,LIGHTING_CONDITION,FIRST_CRASH_TYPE,TRAFFICWAY_TYPE,LANE_CNT,ALIGNMENT,ROADWAY_SURFACE_COND,ROAD_DEFECT,REPORT_TYPE,CRASH_TYPE,INTERSECTION_RELATED_I,NOT_RIGHT_OF_WAY_I,HIT_AND_RUN_I,DAMAGE,DATE_POLICE_NOTIFIED,PRIM_CONTRIBUTORY_CAUSE,SEC_CONTRIBUTORY_CAUSE,STREET_NO,STREET_DIRECTION,STREET_NAME,BEAT_OF_OCCURRENCE,PHOTOS_TAKEN_I,STATEMENTS_TAKEN_I,DOORING_I,WORK_ZONE_I,WORK_ZONE_TYPE,WORKERS_PRESENT_I,NUM_UNITS,MOST_SEVERE_INJURY,INJURIES_TOTAL,INJURIES_FATAL,INJURIES_INCAPACITATING,INJURIES_NON_INCAPACITATING,INJURIES_REPORTED_NOT_EVIDENT,INJURIES_UNKNOWN,INJURIES_NO_INDICATION,CRASH_HOUR,CRASH_DAY_OF_WEEK,CRASH_MONTH,LATITUDE,LONGITUDE,LOCATION
5c39a0796cc8dffdb91c618cb20367fd674864131d782cc4a97594435875059cb2715e477923ff3db700b1a2aa88d4c4e83f91b72c16e123e848474e24a468a5,Y,04/25/2024 08:26:00 PM,30,OTHER,OTHER,OTHER,UNKNOWN,SIDESWIPE SAME DIRECTION,OTHER,,STRAIGHT AND LEVEL,OTHER,OTHER,NOT ON SCENE (DESK REPORT),NO INJURY / DRIVE AWAY,,,Y,"OVER $1,500",04/25/2024 09:00:00 PM,UNABLE TO DETERMINE,UNABLE TO DETERMINE,5300,S,LAKE PARK AVE,234,,,,,,,2,NO INDICATION OF INJURY,0,0,0,0,0,0,3,20,5,4,41.7994838255,-87.5874420363,POINT (-87.587442036314 41.799483825503)
9cdaa033fbe8fcc8eb6a3d155fefa97bde70a0ee8a5e4ee3871c7a0b700c479763f1ce8fe813faf8d17ff3b5a2f950165f7d0dac28491ed36c2e69df6d67ba5b,,04/25/2024 06:55:00 AM,30,NO CONTROLS,NO CONTROLS,CLEAR,DAYLIGHT,PARKED MOTOR VEHICLE,NOT DIVIDED,,STRAIGHT AND LEVEL,DRY,UNKNOWN,ON SCENE,INJURY AND / OR TOW DUE TO CRASH,,,,"OVER $1,500",04/25/2024 07:15:00 AM,FAILING TO REDUCE SPEED TO AVOID CRASH,NOT APPLICABLE,1403,W,CONGRESS PKWY,1231,,,,,,,3,NO INDICATION OF INJURY,0,0,0,0,0,0,3,6,5,4,41.8751469718,-87.6620152138,POINT (-87.662015213842 41.875146971756)
f7786bc98ea8a89a2bcef878b1b7e440c08fdfb930f5838c457551ae3e8433f332dbe6f609cf8ea81cb0c53b700666d33cb6985217ae0b63a7438418c0d38970,,04/23/2024 06:50:00 AM,30,TRAFFIC SIGNAL,FUNCTIONING PROPERLY,CLEAR,DAYLIGHT,SIDESWIPE SAME DIRECTION,NOT DIVIDED,,STRAIGHT AND LEVEL,DRY,NO DEFECTS,NOT ON SCENE (DESK REPORT),NO INJURY / DRIVE AWAY,Y,,,"$501 - $1,500",04/23/2024 02:13:00 PM,FAILING TO YIELD RIGHT-OF-WAY,UNABLE TO DETERMINE,3417,S,DAMEN AVE,912,,,,,,,2,NO INDICATION OF INJURY,0,0,0,0,0,0,2,6,3,4,41.8317184945,-87.6751640513,POINT (-87.675164051318 41.831718494451)
7ab0b5315e07a9ce5527d9a710a54d9c2e02caa028dbc9677fee0d1e04eb8bf54aa319d8994e8ee3b700a1bda9c7e63e11ca813d7aee67804775d84705601110,,04/22/2024 09:00:00 AM,25,UNKNOWN,UNKNOWN,CLEAR,DAYLIGHT,SIDESWIPE SAME DIRECTION,NOT DIVIDED,,STRAIGHT AND LEVEL,DRY,NO DEFECTS,NOT ON SCENE (DESK REPORT),NO INJURY / DRIVE AWAY,,,,"OVER $1,500",04/22/2024 09:40:00 AM,UNABLE TO DETERMINE,NOT APPLICABLE,2009,W,SCHILLER ST,1424,,,,,,,2,NO INDICATION OF INJURY,0,0,0,0,0,0,2,9,2,4,41.9070250046,-87.6777955459,POINT (-87.67779554588 41.907025004582)
58dff8c367c870ed8710e42d08b0a0dae91a82e98a5969eb7000a2a841c2542cf2f2d40e092a130c1e13d03aeafe947554f36fac23ebd16ae6b553fbb72c9690,,04/21/2024 05:00:00 PM,15,NO CONTROLS,NO CONTROLS,CLEAR,DAYLIGHT,SIDESWIPE SAME DIRECTION,PARKING LOT,,STRAIGHT AND LEVEL,DRY,NO DEFECTS,NOT ON SCENE (DESK REPORT),NO INJURY / DRIVE AWAY,,Y,,"OVER $1,500",04/30/2024 01:45:00 PM,UNABLE TO DETERMINE,NOT APPLICABLE,9801,S,AVENUE G DR,432,,,,,,,2,NO INDICATION OF INJURY,0,0,0,0,0,0,2,17,1,4,41.7177200445,-87.5315081152,POINT (-87.531508115233 41.717720044469)
1bba33ca92fff799c943fa95a97f7eb25306cba265b4212ea27de6eb52b0e96d36d8179bf75c6f1fb70a0678c96d158a3cb70003cf65d40a03c6a2e2c9740962,,04/19/2024 03:10:00 PM,30,TRAFFIC SIGNAL,FUNCTIONING PROPERLY,CLEAR,DAYLIGHT,TURNING,NOT DIVIDED,,STRAIGHT AND LEVEL,DRY,NO DEFECTS,NOT ON SCENE (DESK REPORT),INJURY AND / OR TOW DUE TO CRASH,,,,"OVER $1,500",04/19/2024 04:56:00 PM,IMPROPER LANE USAGE,NOT APPLICABLE,1234,N,HALSTED ST,1822,,,,,,,2,NONINCAPACITATING INJURY,1,0,0,1,0,0,1,15,6,4,41.9045021072,-87.6482668678,POINT (-87.648266867804 41.90450210718)
022db51cb2aba4f7cefcff1227166bcb121fa0d4177f814765265259856731f9c0a0abe7b73bd3d4caa0f9c0b649913828c403086a5a5dc32229b75b70018c22,Y,04/18/2024 08:15:00 AM,35,NO CONTROLS,NO CONTROLS,CLEAR,DAYLIGHT,SIDESWIPE SAME DIRECTION,TRAFFIC ROUTE,,STRAIGHT AND LEVEL,DRY,NO DEFECTS,NOT ON SCENE (DESK REPORT),NO INJURY / DRIVE AWAY,,,,"OVER $1,500",04/18/2024 08:20:00 AM,NOT APPLICABLE,NOT APPLICABLE,806,E,78TH ST,624,Y,Y,,N,,,2,NO INDICATION OF INJURY,0,0,0,0,0,0,3,8,5,4,41.7532238029,-87.6049347089,POINT (-87.604934708881 41.753223802942)
e43b2ecb5c3bbafece2873909659e1daf5506590fd57f0d4d5b2ee319a8a3eb700335b5669726d8c35048cf685c954de4365d969501b89a369ce9c69d7ccad0b,,04/17/2024 11:00:00 PM,30,NO CONTROLS,NO CONTROLS,CLEAR,"DARKNESS, LIGHTED ROAD",PARKED MOTOR VEHICLE,ONE-WAY,,STRAIGHT AND LEVEL,DRY,NO DEFECTS,ON SCENE,NO INJURY / DRIVE AWAY,,,Y,$500 OR LESS,04/18/2024 08:27:00 AM,UNABLE TO DETERMINE,UNABLE TO DETERMINE,5129,N,CENTRAL PARK AVE,1712,,,,,,,2,NO INDICATION OF INJURY,0,0,0,0,0,0,1,23,4,4,41.9747004793,-87.7182808637,POINT (-87.718280863656 41.974700479344)
10bfd1ccdf3bdfd2d650b603e2d90959422a215b365bc03691965ac9f002c1647aa4f214c7c6bc8bce079e9e782cde947b6e3379f042ce7a0121cbe9a9b700e1,,04/16/2024 08:10:00 AM,25,NO CONTROLS,NO CONTROLS,CLEAR,DAYLIGHT,PARKED MOTOR VEHICLE,ONE-WAY,,STRAIGHT AND LEVEL,DRY,NO DEFECTS,NOT ON SCENE (DESK REPORT),NO INJURY / DRIVE AWAY,,,Y,"OVER $1,500",04/16/2024 08:35:00 AM,UNABLE TO DETERMINE,UNABLE TO DETERMINE,8627,S,WABASH AVE,632,,,,,,,2,NO INDICATION OF INJURY,0,0,0,0,0,0,1,8,3,4,41.7373790965,-87.6224854067,POINT (-87.622485406678 41.73737909647)
716c9b6156ea064af0f44c5e7fae6d6bf99e13adca835dd158dc9c757639fb0b3df5835ad53e94fb700588d97e2fb2a5c8600f3165ead6a3a41cf1ee4e2f8cff,,04/14/2024 01:47:00 AM,30,TRAFFIC SIGNAL,FUNCTIONING PROPERLY,CLEAR,"DARKNESS, LIGHTED ROAD",ANGLE,NOT DIVIDED,,STRAIGHT AND LEVEL,DRY,UNKNOWN,ON SCENE,INJURY AND / OR TOW DUE TO CRASH,Y,,,"OVER $1,500",04/14/2024 01:47:00 AM,DISREGARDING TRAFFIC SIGNALS,UNABLE TO DETERMINE,1,N,CICERO AVE,1113,,,,,,,3,NONINCAPACITATING INJURY,3,0,0,3,0,0,2,1,1,4,41.8805669932,-87.7451331943,POINT (-87.745133194265 41.880566993238)
d00c52cd7c017ca06cf4fd5597719e19e2d9e5c17c36140aac8c441a6adf8846fae4b700b5c85082c54f0384875f9a477f40193eeaf2759e6899434d515266f1,,04/12/2024 07:20:00 PM,30,NO CONTROLS,NO CONTROLS,CLEAR,DUSK,PARKED MOTOR VEHICLE,ONE-WAY,,STRAIGHT AND LEVEL,DRY,NO DEFECTS,NOT ON SCENE (DESK REPORT),NO INJURY / DRIVE AWAY,,,Y,"$501 - $1,500",04/12/2024 07:50:00 PM,UNABLE TO DETERMINE,UNABLE TO DETERMINE,1531,S,RIDGEWAY AVE,1014,,,,,,,2,NO INDICATION OF INJURY,0,0,0,0,0,0,2,19,6,4,41.8598204387,-87.7187432007,POINT (-87.718743200711 41.859820438709)
f1d233a8ca76bb654af581645797dcb70092939945922bb2a1215ce7f9fd9b9478f88cf2a8bb114d8b27eba0f79b05675336b4cfa234e8bde7cddff660b1a49d,,04/12/2024 06:10:00 PM,30,TRAFFIC SIGNAL,UNKNOWN,UNKNOWN,DAYLIGHT,ANGLE,NOT DIVIDED,,STRAIGHT AND LEVEL,UNKNOWN,NO DEFECTS,NOT ON SCENE (DESK REPORT),NO INJURY / DRIVE AWAY,Y,,,"OVER $1,500",04/12/2024 09:45:00 PM,DISREGARDING TRAFFIC SIGNALS,NOT APPLICABLE,708,W,TAYLOR ST,124,,,,,,,2,NO INDICATION OF INJURY,0,0,0,0,0,0,2,18,6,4,41.8698015195,-87.6441652673,POINT (-87.644165267277 41.869801519478)
583ea5dee8dad47a98a9941a7683542c78b6c574619ee09723700304e65ae99a9879362e1c0ffcd5c56e070d8e7908413c91983e1bb700341d31cd5be28509a8,,04/09/2024 10:02:00 AM,30,NO CONTROLS,NO CONTROLS,CLEAR,DAYLIGHT,REAR TO FRONT,ONE-WAY,,STRAIGHT AND LEVEL,DRY,NO DEFECTS,ON SCENE,NO INJURY / DRIVE AWAY,,,,"$501 - $1,500",04/09/2024 10:02:00 AM,IMPROPER BACKING,"VISION OBSCURED (SIGNS, TREE LIMBS, BUILDINGS, ETC.)",162,E,OHIO ST,1834,N,N,,,,,2,NO INDICATION OF INJURY,0,0,0,0,0,0,2,10,3,4,41.892666897,-87.6228660109,POINT (-87.622866010896 41.892666897031)
ca9678b700d0ab74ebe04a03d7fcd006f5d07c178a0989b3143ebf5509a2a5ec58710a3e2aeec8ebd03286b353320200165927a5b129f12ebdef1f6fb8c85a02,Y,04/05/2024 10:49:00 PM,35,TRAFFIC SIGNAL,UNKNOWN,CLEAR,DARKNESS,REAR END,NOT DIVIDED,,STRAIGHT AND LEVEL,DRY,UNKNOWN,ON SCENE,INJURY AND / OR TOW DUE TO CRASH,,,Y,"OVER $1,500",04/05/2024 10:50:00 PM,UNABLE TO DETERMINE,NOT APPLICABLE,3658,W,55TH ST,822,,,,,,,2,NONINCAPACITATING INJURY,1,0,0,1,0,0,2,22,6,4,41.7934239226,-87.7157520946,POINT (-87.715752094618 41.793423922565)
7b4f5e274a6110fb47c2c0bc591afe631bb3b42bb0b6437b257ef169782267b7b35ccc866adf7c84d1420f429ed00b70031ebffa5d9abce568b0c49fd5da6b60,,04/05/2024 12:54:00 PM,30,STOP SIGN/FLASHER,FUNCTIONING PROPERLY,CLEAR,DAYLIGHT,PEDESTRIAN,NOT DIVIDED,,STRAIGHT AND LEVEL,DRY,UNKNOWN,ON SCENE,INJURY AND / OR TOW DUE TO CRASH,,,,$500 OR LESS,04/05/2024 12:54:00 PM,FAILING TO YIELD RIGHT-OF-WAY,NOT APPLICABLE,2831,N,SHEFFIELD AVE,1933,,,,,,,2,"REPORTED, NOT EVIDENT",1,0,0,0,1,0,2,12,6,4,41.9335026072,-87.6537422247,POINT (-87.653742224708 41.933502607155)
faf162768efc1a90ac82601fd1634d78c1bdef0cadf036a00869d35cfaead9c0a722083256d7b309ee375ae71d9d7a664bf207fb700b1d379e0f131c7950c815,,04/04/2024 07:33:00 AM,30,NO CONTROLS,NO CONTROLS,RAIN,DAYLIGHT,REAR END,NOT DIVIDED,,STRAIGHT AND LEVEL,WET,NO DEFECTS,NOT ON SCENE (DESK REPORT),INJURY AND / OR TOW DUE TO CRASH,,,,"OVER $1,500",04/04/2024 07:33:00 AM,DISTRACTION - FROM INSIDE VEHICLE,NOT APPLICABLE,18,E,35TH ST,211,,,,,,,2,NO INDICATION OF INJURY,0,0,0,0,0,0,2,7,5,4,41.8312251825,-87.6258130626,POINT (-87.625813062572 41.83122518246)
ad7a61aa2f919f301d5d49213754966fd29bf269e57ea70b8e85bf8407527411d25981214ae65118bcab95f8f25b61b944638469cf58b4857b666d31eb700a35,,04/01/2024 02:20:00 PM,35,TRAFFIC SIGNAL,FUNCTIONING PROPERLY,CLEAR,DAYLIGHT,SIDESWIPE SAME DIRECTION,NOT DIVIDED,,STRAIGHT AND LEVEL,DRY,NO DEFECTS,NOT ON SCENE (DESK REPORT),NO INJURY / DRIVE AWAY,,,,"OVER $1,500",04/05/2024 11:50:00 AM,FAILING TO YIELD RIGHT-OF-WAY,NOT APPLICABLE,5706,N,CENTRAL AVE,1622,,,,,,,2,NO INDICATION OF INJURY,0,0,0,0,0,0,2,14,2,4,41.9849377988,-87.7684479712,POINT (-87.768447971222 41.984937798804)
b7bd7302a7d3c61f103a38286e429cfcb52178dfa4f3a8145fd3b229524cd6ff4d088f9db6d72c8ffc75ffc99b794db947ef332eb6a82db7007b5813cbd3efce,,03/23/2024 09:00:00 PM,20,STOP SIGN/FLASHER,FUNCTIONING PROPERLY,CLEAR,"DARKNESS, LIGHTED ROAD",ANGLE,NOT DIVIDED,,STRAIGHT AND LEVEL,DRY,NO DEFECTS,NOT ON SCENE (DESK REPORT),NO INJURY / DRIVE AWAY,Y,,,"OVER $1,500",03/24/2024 01:20:00 PM,FAILING TO YIELD RIGHT-OF-WAY,NOT APPLICABLE,4999,N,TROY ST,1713,,,,,,,2,NO INDICATION OF INJURY,0,0,0,0,0,0,2,21,7,3,41.9720115807,-87.707210104,POINT (-87.707210104026 41.972011580666)
292b947c6c22d399a0fbb802197b9c67e3e8b06c94028dad6f7fffbb1e7d4529ef70900873d03c6c88f53c9c8b7002985eee579218f0d10e53a567f47e8b2c20,,03/21/2024 05:12:00 PM,30,NO CONTROLS,NO CONTROLS,CLEAR,DAYLIGHT,PARKED MOTOR VEHICLE,NOT DIVIDED,,STRAIGHT AND LEVEL,DRY,NO DEFECTS,ON SCENE,INJURY AND / OR TOW DUE TO CRASH,,,,"OVER $1,500",03/21/2024 05:12:00 PM,UNABLE TO DETERMINE,UNABLE TO DETERMINE,7406,S,DR MARTIN LUTHER KING JR DR,323,,,,,,,2,NO INDICATION OF INJURY,0,0,0,0,0,0,1,17,5,3,41.7599710476,-87.6153045107,POINT (-87.615304510662 41.759971047613)
5a4ecdf314749e2a3cb082675b53b700b0e32d0213c24aeac54f5680b124d706d22c6999c393aa35422cad04ca39058dc95b7c76f1d018f7356813ce5ed69805,,03/20/2024 03:40:00 PM,30,NO CONTROLS,NO CONTROLS,CLEAR,DAYLIGHT,PARKED MOTOR VEHICLE,NOT DIVIDED,,STRAIGHT AND LEVEL,DRY,NO DEFECTS,ON SCENE,INJURY AND / OR TOW DUE TO CRASH,,N,,"OVER $1,500",03/20/2024 03:44:00 PM,UNABLE TO DETERMINE,NOT APPLICABLE,9829,S,COMMERCIAL AVE,431,,,,,,,2,NONINCAPACITATING INJURY,1,0,0,1,0,0,0,15,4,3,41.7164155921,-87.5508458384,POINT (-87.550845838421 41.716415592129)
90a1a2342c6555a4542f58bfb4ebada39fe0f85b814de397046f3fd7c53d18eaa85f2537ea51f8278f9a1d9d397f4b1993c9fd393dbb60e27153d056b700e6fa,,03/20/2024 03:00:00 PM,30,TRAFFIC SIGNAL,FUNCTIONING PROPERLY,CLEAR,DAYLIGHT,PEDESTRIAN,T-INTERSECTION,,STRAIGHT AND LEVEL,DRY,UNKNOWN,ON SCENE,INJURY AND / OR TOW DUE TO CRASH,Y,,,"OVER $1,500",03/20/2024 03:12:00 PM,UNABLE TO DETERMINE,UNABLE TO DETERMINE,2609,N,CLARK ST,1935,,,,,,,2,NONINCAPACITATING INJURY,1,0,0,1,0,0,2,15,4,3,41.9301040508,-87.6433516307,POINT (-87.643351630666 41.930104050838)
944f18e3103d00f52880ffcebe6a37f1db6309fe45a7d039288c1fb71b7b7e1af90b56b0f58cb59aad16451bd103b71c0f060b428eb700098bf3811e9bdb411d,,03/17/2024 06:30:00 PM,30,UNKNOWN,UNKNOWN,UNKNOWN,UNKNOWN,SIDESWIPE OPPOSITE DIRECTION,ONE-WAY,,STRAIGHT AND LEVEL,UNKNOWN,UNKNOWN,NOT ON SCENE (DESK REPORT),NO INJURY / DRIVE AWAY,,,Y,"OVER $1,500",03/17/2024 07:20:00 PM,UNABLE TO DETERMINE,UNABLE TO DETERMINE,608,W,BARRY AVE,1934,,,,,,,2,NO INDICATION OF INJURY,0,0,0,0,0,0,2,18,1,3,41.9380068804,-87.6447545707,POINT (-87.644754570701 41.938006880424)
5ed0b70010a2f090267c9028f259d944804694d7e87a3fcea72694fdf80ff4d2a21fdb6fd6d64f1f2652d777358ac85b039d2a1a8d4da28a21e95e596d8ee4d5,,03/16/2024 10:30:00 AM,30,NO CONTROLS,NO CONTROLS,CLEAR,DAYLIGHT,SIDESWIPE SAME DIRECTION,NOT DIVIDED,,STRAIGHT AND LEVEL,DRY,NO DEFECTS,NOT ON SCENE (DESK REPORT),NO INJURY / DRIVE AWAY,,,,"OVER $1,500",03/19/2024 06:55:00 PM,IMPROPER LANE USAGE,FAILING TO YIELD RIGHT-OF-WAY,1900,W,PETERSON AVE,2413,,,,,,,2,NO INDICATION OF INJURY,0,0,0,0,0,0,2,10,7,3,41.990828504,-87.6771424424,POINT (-87.677142442381 41.990828504023)
617b70029813cad9f7c64429f119310cb24fab7ed5c3bbd8d27ffa9426c10b8380a7ac7be82e00ef5c4934b3f82d1d915aaf61aee2a2a7baa2537ec7ff729d10,,03/14/2024 04:00:00 PM,30,UNKNOWN,UNKNOWN,UNKNOWN,UNKNOWN,REAR TO FRONT,NOT DIVIDED,,STRAIGHT AND LEVEL,UNKNOWN,UNKNOWN,NOT ON SCENE (DESK REPORT),NO INJURY / DRIVE AWAY,,,,"OVER $1,500",03/14/2024 04:25:00 PM,UNABLE TO DETERMINE,UNABLE TO DETERMINE,440,N,ORLEANS ST,1831,,,,,,,2,NO INDICATION OF INJURY,0,0,0,0,0,0,2,16,5,3,41.8903419713,-87.6371447265,POINT (-87.637144726459 41.890341971281)
5b7007db05eaef5f01f4eb33e045d32c4b6d957ecf6b849da70836b29ab8a67d4c64614737a732a3527115ea2d2bd058ad65c8321a42b6d6dc3ba0818a4862f0,,03/13/2024 03:53:00 PM,30,NO CONTROLS,NO CONTROLS,CLEAR,DAYLIGHT,TURNING,UNKNOWN INTERSECTION TYPE,,STRAIGHT AND LEVEL,DRY,NO DEFECTS,ON SCENE,INJURY AND / OR TOW DUE TO CRASH,,,,"OVER $1,500",03/13/2024 03:54:00 PM,FAILING TO YIELD RIGHT-OF-WAY,NOT APPLICABLE,3931,W,DIVISION ST,1112,,,,,,,2,"REPORTED, NOT EVIDENT",1,0,0,0,1,0,1,15,4,3,41.9025736136,-87.7250198078,POINT (-87.725019807812 41.902573613617)
5bec07790e7725064e54bed95a47fa4480e06cb700d947b4d47e9a57cf526e1b0ad3aa204fe88a0c774a82e7c8b99e5ab55f37473a981ed761aea1e59b041cd8,,03/12/2024 06:23:00 AM,30,STOP SIGN/FLASHER,FUNCTIONING PROPERLY,CLEAR,DAYLIGHT,TURNING,ONE-WAY,,STRAIGHT AND LEVEL,DRY,NO DEFECTS,ON SCENE,INJURY AND / OR TOW DUE TO CRASH,,,,"OVER $1,500",03/12/2024 06:40:00 AM,IMPROPER TURNING/NO SIGNAL,NOT APPLICABLE,6300,S,KARLOV AVE,813,,,,,,,2,NO INDICATION OF INJURY,0,0,0,0,0,0,2,6,3,3,41.7786047306,-87.7253498581,POINT (-87.725349858073 41.778604730644)
5f82da8f9b1640d84dea37b3d7a84930912ce5e4a40a34b700e21262cc84e4b6f9f2d1cc925cdd9fb292261eba1ed90ed85cdb828005c6c244b538453e5b441c,,03/09/2024 02:55:00 AM,25,UNKNOWN,UNKNOWN,RAIN,"DARKNESS, LIGHTED ROAD",PARKED MOTOR VEHICLE,ONE-WAY,,STRAIGHT AND LEVEL,WET,UNKNOWN,ON SCENE,INJURY AND / OR TOW DUE TO CRASH,,,Y,"OVER $1,500",03/09/2024 02:55:00 AM,UNABLE TO DETERMINE,UNABLE TO DETERMINE,1615,W,CATALPA AVE,2012,,,,,,,2,NO INDICATION OF INJURY,0,0,0,0,0,0,1,2,7,3,41.9815299517,-87.6704182212,POINT (-87.670418221197 41.981529951698)
10e30c2866ae58b700aa8ba657b307ff58f2fccde8285a73dd501e697bf090d70c0f356d6f248f04207e7c9a7b48d52405be2cb9fa4dc3fa46b8fb97c227de62,,03/08/2024 08:15:00 AM,30,NO CONTROLS,NO CONTROLS,CLOUDY/OVERCAST,DAYLIGHT,REAR END,DIVIDED - W/MEDIAN BARRIER,,STRAIGHT AND LEVEL,WET,NO DEFECTS,ON SCENE,NO INJURY / DRIVE AWAY,,,,"OVER $1,500",03/08/2024 08:20:00 AM,FAILING TO REDUCE SPEED TO AVOID CRASH,DISTRACTION - FROM INSIDE VEHICLE,679,N,LA SALLE DR,1832,,,,,,,2,NO INDICATION OF INJURY,0,0,0,0,0,0,2,8,6,3,41.8947731982,-87.6325283742,POINT (-87.632528374239 41.894773198169)
4b1f75b700641fac1f7a078365d417507d375980d727871634db6287113d24a3b02373f0c503d44971661eaecc077ef7fbc9377fc370015ddd93144f8eb52a59,,03/06/2024 06:45:00 AM,30,TRAFFIC SIGNAL,FUNCTIONING PROPERLY,CLOUDY/OVERCAST,DAWN,PEDESTRIAN,FOUR WAY,,STRAIGHT AND LEVEL,WET,NO DEFECTS,NOT ON SCENE (DESK REPORT),INJURY AND / OR TOW DUE TO CRASH,Y,,Y,$500 OR LESS,03/06/2024 08:36:00 AM,TURNING RIGHT ON RED,NOT APPLICABLE,1201,N,KEDZIE AVE,1423,,Y,,,,,2,NONINCAPACITATING INJURY,1,0,0,1,0,0,1,6,4,3,41.9028801403,-87.7066435292,POINT (-87.706643529164 41.902880140282)
b96d7a859f7fab561336bf3323407d59bd2f60231cd9ed18ed55bb1d2d04b69d11a2f0dc0558e5ead6d6669aabb70032464ac7076071b541254eac2727608006,,03/04/2024 09:48:00 PM,30,TRAFFIC SIGNAL,FUNCTIONING PROPERLY,RAIN,"DARKNESS, LIGHTED ROAD",REAR END,DIVIDED - W/MEDIAN (NOT RAISED),,STRAIGHT AND LEVEL,WET,NO DEFECTS,NOT ON SCENE (DESK REPORT),NO INJURY / DRIVE AWAY,,,Y,"OVER $1,500",03/04/2024 11:20:00 PM,UNABLE TO DETERMINE,UNABLE TO DETERMINE,4753,W,MONTROSE AVE,1722,,,,,,,2,NO INDICATION OF INJURY,0,0,0,0,0,0,2,21,2,3,41.9606165815,-87.7472615367,POINT (-87.747261536653 41.960616581481)
8db1626d84a9b6230a3c818a2e8b7008ec100fc2f415f21cd758afa8a5b473a92c0067b744d9ec575de3512e2d01b645edab7630220f02fc0b300000e900ed18,,03/04/2024 05:20:00 PM,30,NO CONTROLS,NO CONTROLS,CLEAR,DAYLIGHT,ANGLE,NOT DIVIDED,,STRAIGHT AND LEVEL,DRY,NO DEFECTS,ON SCENE,NO INJURY / DRIVE AWAY,,,,$500 OR LESS,03/04/2024 05:29:00 PM,FAILING TO YIELD RIGHT-OF-WAY,NOT APPLICABLE,10523,S,EWING AVE,432,,,,,,,2,NO INDICATION OF INJURY,0,0,0,0,0,0,3,17,2,3,41.7038477837,-87.5351383559,POINT (-87.535138355949 41.703847783732)
5d21eb198aa9f1c2f9d35b42f5f72b97c34d38f6a66d4ce8b1c0ed14bd6388bbec83728d0a191038e6df0135db4af0cebd5fbacf21afb31bc76b7009c381c4d2,,03/03/2024 02:50:00 PM,30,STOP SIGN/FLASHER,FUNCTIONING PROPERLY,CLEAR,DAYLIGHT,PEDESTRIAN,DIVIDED - W/MEDIAN (NOT RAISED),,STRAIGHT AND LEVEL,DRY,NO DEFECTS,ON SCENE,INJURY AND / OR TOW DUE TO CRASH,N,,,"OVER $1,500",03/03/2024 03:00:00 PM,UNABLE TO DETERMINE,NOT APPLICABLE,1350,W,CHICAGO AVE,1213,,,,,,,2,NONINCAPACITATING INJURY,1,0,0,1,0,0,1,14,1,3,41.8962768844,-87.6613560968,POINT (-87.661356096791 41.896276884413)
89210c3d956bdf0965807f75bb26443c450b700d898bdf0ecd940c7df15882a92d0d149c7b4f55861cba85b6543f4dd80a4dfd0f2c817d3fe9275e7554839577,,03/02/2024 06:14:00 AM,30,NO CONTROLS,NO CONTROLS,CLEAR,DAYLIGHT,FIXED OBJECT,DIVIDED - W/MEDIAN (NOT RAISED),,STRAIGHT AND LEVEL,DRY,NO DEFECTS,ON SCENE,INJURY AND / OR TOW DUE TO CRASH,Y,,Y,"OVER $1,500",03/02/2024 06:21:00 AM,UNABLE TO DETERMINE,UNABLE TO DETERMINE,1657,E,87TH ST,412,,,,,,,1,NO INDICATION OF INJURY,0,0,0,0,0,0,1,6,7,3,41.7368422698,-87.5829466262,POINT (-87.582946626243 41.736842269847)
e331bb212f6171bb83a0cace5140cb9f61e9b700e762a3a96f8a909525a644829debf1f3275c416634bfb7f5d4fe809bbd79f6e7d531e819e35640ce0cb6c9e3,,02/29/2024 10:08:00 AM,30,NO CONTROLS,NO CONTROLS,CLEAR,DAYLIGHT,SIDESWIPE SAME DIRECTION,DIVIDED - W/MEDIAN (NOT RAISED),,STRAIGHT AND LEVEL,DRY,NO DEFECTS,ON SCENE,NO INJURY / DRIVE AWAY,,,,"OVER $1,500",02/29/2024 10:08:00 AM,UNABLE TO DETERMINE,UNABLE TO DETERMINE,1125,N,ASHLAND AVE,1213,,,,,,,2,NO INDICATION OF INJURY,0,0,0,0,0,0,2,10,5,2,41.9022880585,-87.6673189804,POINT (-87.667318980371 41.902288058472)
863076a0bd764561b170fbe8d018856fc5702d6a6d86593e0e1f1354ae623ff7aab6ccb0a7d887fb07e9b700661449e5f6162e1c6eb33716f2d79d8f4690bc6a,,02/28/2024 01:10:00 PM,15,NO CONTROLS,NO CONTROLS,CLEAR,DAYLIGHT,REAR TO FRONT,PARKING LOT,,STRAIGHT AND LEVEL,DRY,NO DEFECTS,ON SCENE,NO INJURY / DRIVE AWAY,,,,$500 OR LESS,02/28/2024 01:15:00 PM,DRIVING SKILLS/KNOWLEDGE/EXPERIENCE,UNABLE TO DETERMINE,2723,W,LAWRENCE AVE,1911,,,,,,,2,NO INDICATION OF INJURY,0,0,0,0,0,0,2,13,4,2,41.9684344861,-87.6971682173,POINT (-87.697168217299 41.968434486139)