CRASH_RECORD_ID,CRASH_DATE_EST_I,CRASH_DATE,POSTED_SPEED_LIMIT,TRAFFIC_CONTROL_DEVICE,DEVICE_CONDITION,WEATHER_CONDITION,LIGHTING_CONDITION,FIRST_CRASH_TYPE,TRAFFICWAY_TYPE,LANE_CNT,ALIGNMENT,ROADWAY_SURFACE_COND,ROAD_DEFECT,REPORT_TYPE,CRASH_TYPE,INTERSECTION_RELATED_I,NOT_RIGHT_OF_WAY_I,HIT_AND_RUN_I,DAMAGE,DATE_POLICE_NOTIFIED,PRIM_CONTRIBUTORY_CAUSE,SEC_CONTRIBUTORY_CAUSE,STREET_NO,STREET_DIRECTION,STREET_NAME,BEAT_OF_OCCURRENCE,PHOTOS_TAKEN_I,STATEMENTS_TAKEN_I,DOORING_I,WORK_ZONE_I,WORK_ZONE_TYPE,WORKERS_PRESENT_I,NUM_UNITS,MOST_SEVERE_INJURY,INJURIES_TOTAL,INJURIES_FATAL,INJURIES_INCAPACITATING,INJURIES_NON_INCAPACITATING,INJURIES_REPORTED_NOT_EVIDENT,INJURIES_UNKNOWN,INJURIES_NO_INDICATION,CRASH_HOUR,CRASH_DAY_OF_WEEK,CRASH_MONTH,LATITUDE,LONGITUDE,LOCATION
a345f58f521f16fcea4c71a94c9c21f595279205b40f5545cf5e2f404daedc0e55c6fbb7003b3cd40ef126a56bf99ea5704043333addba57fbbea3e616ae46c1,,02/26/2024 02:30:00 PM,30,NO CONTROLS,NO CONTROLS,CLEAR,DAYLIGHT,SIDESWIPE SAME DIRECTION,NOT DIVIDED,,STRAIGHT AND LEVEL,UNKNOWN,UNKNOWN,NOT ON SCENE (DESK REPORT),INJURY AND / OR TOW DUE TO CRASH,,,Y,"OVER $1,500",02/26/2024 05:20:00 PM,IMPROPER OVERTAKING/PASSING,NOT APPLICABLE,7108,W,ARCHER AVE,811,,,,,,,2,NO INDICATION OF INJURY,0,0,0,0,0,0,2,14,2,2,41.7920878119,-87.7994118582,POINT (-87.799411858238 41.792087811852)
0bc5348c55378f82c98b79e62831223b39433a06dc71acb294a04a8fe2ddab3e6314ef05f3ae14ffd495f3b4594d63fb700cc4b386c33e70425fad1bc7c77a36,,02/25/2024 01:56:00 AM,30,NO CONTROLS,NO CONTROLS,CLEAR,"DARKNESS, LIGHTED ROAD",PARKED MOTOR VEHICLE,NOT DIVIDED,,STRAIGHT AND LEVEL,DRY,NO DEFECTS,ON SCENE,INJURY AND / OR TOW DUE TO CRASH,,,,"OVER $1,500",02/25/2024 01:56:00 AM,UNABLE TO DETERMINE,UNABLE TO DETERMINE,7712,S,DREXEL AVE,624,,,,,,,4,"REPORTED, NOT EVIDENT",1,0,0,0,1,0,2,1,1,2,41.7545291657,-87.6029813898,POINT (-87.602981389836 41.754529165668)
771d6da0b499e270afc0cc9ad5364aa9c94985dfbb1d4204664d7c9b453fe57cd17bf735b70005bd94c99ea7ecf2f31912ebaf18a1c9bf191328194a5ab0f33a,,02/24/2024 02:14:00 PM,30,STOP SIGN/FLASHER,FUNCTIONING PROPERLY,CLEAR,DAYLIGHT,ANGLE,NOT DIVIDED,,STRAIGHT AND LEVEL,DRY,NO DEFECTS,ON SCENE,INJURY AND / OR TOW DUE TO CRASH,Y,,,"OVER $1,500",02/24/2024 02:14:00 PM,FAILING TO YIELD RIGHT-OF-WAY,FAILING TO YIELD RIGHT-OF-WAY,1726,W,47TH ST,924,,,,,,,3,NONINCAPACITATING INJURY,1,0,0,1,0,0,2,14,7,2,41.8086794878,-87.6685519424,POINT (-87.668551942373 41.808679487784)
6a98a9e028de23cb3058fcaa18be5007789fb7004fad15a51b87f8f0d6b39803013b9a1fe8341c57a1dcf408d66647317f0c25b592f05caa8b818e3d33feca36,,02/21/2024 12:10:00 AM,15,NO CONTROLS,NO CONTROLS,CLEAR,"DARKNESS, LIGHTED ROAD",FIXED OBJECT,OTHER,,STRAIGHT AND LEVEL,DRY,NO DEFECTS,ON SCENE,INJURY AND / OR TOW DUE TO CRASH,,,,"OVER $1,500",02/21/2024 12:23:00 AM,UNABLE TO DETERMINE,UNABLE TO DETERMINE,845,W,FULTON MARKET,1214,,,,,,,1,NO INDICATION OF INJURY,0,0,0,0,0,0,1,0,4,2,41.8866650893,-87.6492551317,POINT (-87.649255131679 41.886665089255)
31dc17116f5c8ae8e787dbb70048937344fe37981b5b043f9af7a72975d31797049a59456afc63e6bb909080cb86e69c3b74c729dca3eb9b96ea8664d50a894c,,02/18/2024 11:15:00 AM,30,NO CONTROLS,NO CONTROLS,CLEAR,DAYLIGHT,REAR END,NOT DIVIDED,,STRAIGHT AND LEVEL,DRY,NO DEFECTS,NOT ON SCENE (DESK REPORT),NO INJURY / DRIVE AWAY,,,,"OVER $1,500",02/18/2024 12:45:00 PM,UNABLE TO DETERMINE,UNABLE TO DETERMINE,5600,S,PULASKI RD,813,,,,,,,2,NO INDICATION OF INJURY,0,0,0,0,0,0,2,11,1,2,41.7913494237,-87.723255323,POINT (-87.723255322969 41.791349423725)
033422814aa95d4e006a962df7fb1b0f9b5cee7590ae1051acc3f99b70071d5a3ea1a2305ee861996b35439ae6ef7177ed918b4314068aa4f7e5bec8d17cb624,,02/17/2024 11:00:00 AM,30,NO CONTROLS,NO CONTROLS,CLEAR,DAYLIGHT,PARKED MOTOR VEHICLE,ONE-WAY,,STRAIGHT AND LEVEL,DRY,UNKNOWN,ON SCENE,NO INJURY / DRIVE AWAY,,,,$500 OR LESS,02/17/2024 11:10:00 AM,UNABLE TO DETERMINE,UNABLE TO DETERMINE,6309,S,SPAULDING AVE,823,,,,,,,2,NO INDICATION OF INJURY,0,0,0,0,0,0,1,11,7,2,41.7786523519,-87.7054029143,POINT (-87.705402914309 41.778652351911)
be9bdee3aaac12d23b5c1eae5d62e23fecc1f71e638b700f27bfd765cb797f76fbdcaf27e3103681cb5314b97df65581f932f1708786665da3e3d9aa221324cd,,02/16/2024 04:15:00 PM,30,STOP SIGN/FLASHER,UNKNOWN,CLEAR,DAYLIGHT,SIDESWIPE SAME DIRECTION,ONE-WAY,,STRAIGHT AND LEVEL,DRY,UNKNOWN,NOT ON SCENE (DESK REPORT),NO INJURY / DRIVE AWAY,,,N,"$501 - $1,500",02/22/2024 03:21:00 PM,UNABLE TO DETERMINE,UNABLE TO DETERMINE,4600,S,LAKE PARK AVE,222,,,,,,,2,NO INDICATION OF INJURY,0,0,0,0,0,0,2,16,6,2,41.8114096199,-87.5946864304,POINT (-87.594686430406 41.81140961987)
79f0dc91ea088db0b0785496a600e4961deab44e75f00e027158c62ab56074e44e8fa6153dbb700565c31427b72434d3202ca9974043c0f13e2d6bf3ac11375d,,02/15/2024 03:49:00 PM,30,NO CONTROLS,NO CONTROLS,CLEAR,DAYLIGHT,SIDESWIPE SAME DIRECTION,NOT DIVIDED,,STRAIGHT AND LEVEL,DRY,NO DEFECTS,NOT ON SCENE (DESK REPORT),NO INJURY / DRIVE AWAY,,,,"OVER $1,500",02/15/2024 04:48:00 PM,IMPROPER OVERTAKING/PASSING,NOT APPLICABLE,4800,S,CICERO AVE,814,,,,,,,2,NO INDICATION OF INJURY,0,0,0,0,0,0,2,15,5,2,41.8057070122,-87.7432520283,POINT (-87.743252028253 41.805707012223)
0a430153831f4a8f45660a74cd16575b3ca72d74930765181be43b37f8867cf052bc3746be1b82cde14b59acbeb70031f61731a5894923cf09256edcd279cfba,,02/14/2024 09:52:00 AM,35,NO CONTROLS,NO CONTROLS,CLEAR,DAYLIGHT,SIDESWIPE SAME DIRECTION,DIVIDED - W/MEDIAN (NOT RAISED),,STRAIGHT AND LEVEL,UNKNOWN,UNKNOWN,NOT ON SCENE (DESK REPORT),NO INJURY / DRIVE AWAY,,,,"OVER $1,500",02/14/2024 03:10:00 PM,UNABLE TO DETERMINE,NOT APPLICABLE,4000,S,CICERO AVE,1031,,,,,,,2,NO INDICATION OF INJURY,0,0,0,0,0,0,2,9,4,2,41.820565773,-87.7436531982,POINT (-87.743653198213 41.820565772976)
05fc84a58df462ef59485f327a2539dcf9229ba6b2359a8eb5bb48f0768ab962623906d54d811bf3768327bebf24eba7c56dba7b5fd969244984166eb6b8b700,,02/12/2024 09:30:00 AM,30,NO CONTROLS,NO CONTROLS,CLEAR,DAYLIGHT,REAR END,NOT DIVIDED,,STRAIGHT AND LEVEL,DRY,UNKNOWN,ON SCENE,INJURY AND / OR TOW DUE TO CRASH,,,Y,"OVER $1,500",02/12/2024 09:30:00 AM,NOT APPLICABLE,NOT APPLICABLE,10206,S,BEVERLY AVE,2213,,,,,,,3,NO INDICATION OF INJURY,0,0,0,0,0,0,2,9,2,2,41.7085876558,-87.6570397818,POINT (-87.657039781792 41.708587655817)
e28a3a854cfd0fd69c3dec67197971b81a74b4f170f1fb9d4c6e014a3f85ed968ca754b34581cef724b700cae671f7e1f3719fd790a35828c0c658f6b5bf75d5,Y,02/12/2024 07:45:00 AM,15,NO CONTROLS,NO CONTROLS,CLEAR,DAYLIGHT,REAR TO FRONT,PARKING LOT,,STRAIGHT AND LEVEL,DRY,NO DEFECTS,NOT ON SCENE (DESK REPORT),NO INJURY / DRIVE AWAY,,Y,,"OVER $1,500",02/12/2024 09:25:00 AM,FOLLOWING TOO CLOSELY,IMPROPER BACKING,250,E,111TH ST,513,,,,,,,2,NO INDICATION OF INJURY,0,0,0,0,0,0,2,7,2,2,41.6927895575,-87.6163814381,POINT (-87.616381438115 41.692789557542)
0aeaf432fc2fa416eb74b1b70055ad58b54d3fd063ce6e65160c8c71b5b6e938deb6ca64b08a75ba806db50f24ec0eab502fcc36389ab0340cc5f139ebb58f47,,02/10/2024 10:00:00 PM,30,NO CONTROLS,NO CONTROLS,UNKNOWN,UNKNOWN,SIDESWIPE SAME DIRECTION,NOT DIVIDED,,STRAIGHT AND LEVEL,UNKNOWN,UNKNOWN,NOT ON SCENE (DESK REPORT),NO INJURY / DRIVE AWAY,,,Y,"$501 - $1,500",02/12/2024 07:25:00 PM,FAILING TO YIELD RIGHT-OF-WAY,NOT APPLICABLE,2617,W,GUNNISON ST,2031,,,,,,,2,NO INDICATION OF INJURY,0,0,0,0,0,0,2,22,7,2,41.9695523487,-87.6945718298,POINT (-87.694571829803 41.969552348652)
fab8af988a631e848548811807fd07ac70d6be00518fdac333ad72acbfbb1f279d6e73358b40e647cfb6ae60214a9ef7d43ab3b1b7005a5414c0de8bb906dc2a,,02/10/2024 07:08:00 PM,30,NO CONTROLS,UNKNOWN,CLEAR,"DARKNESS, LIGHTED ROAD",REAR END,NOT DIVIDED,,STRAIGHT AND LEVEL,DRY,NO DEFECTS,ON SCENE,INJURY AND / OR TOW DUE TO CRASH,,,Y,"OVER $1,500",02/10/2024 07:15:00 PM,NOT APPLICABLE,NOT APPLICABLE,4436,N,KIMBALL AVE,1723,,,,,,,2,NONINCAPACITATING INJURY,1,0,0,1,0,0,1,19,7,2,41.9622379596,-87.7133212107,POINT (-87.713321210715 41.962237959576)
2a8fe3f673dcee3048b7008d57d652350c70b5d22d855945ec0bc037875399268a93670ae64e2f0568bf5a0f991d9cb45a2dd6ccc8dae47d7910fe474b3d8bc1,,02/10/2024 10:01:00 AM,35,TRAFFIC SIGNAL,FUNCTIONING PROPERLY,CLEAR,"DARKNESS, LIGHTED ROAD",PEDESTRIAN,FOUR WAY,,STRAIGHT AND LEVEL,DRY,NO DEFECTS,ON SCENE,INJURY AND / OR TOW DUE TO CRASH,Y,,Y,"$501 - $1,500",02/11/2024 02:55:00 AM,UNABLE TO DETERMINE,UNABLE TO DETERMINE,6800,N,SHERIDAN RD,2431,,,,,,,2,NONINCAPACITATING INJURY,1,0,0,1,0,0,1,10,7,2,42.0055868649,-87.6610773204,POINT (-87.6610773204 42.005586864851)
ccb2026ec685337964ae48edecb8d4cea118e57ca292936fe2c623d8300256533f2d645d3a142b700c0d6feb844b77ef8298b10605c321cbd50049a9968ab393,N,02/10/2024 09:00:00 AM,30,NO CONTROLS,NO CONTROLS,CLEAR,"DARKNESS, LIGHTED ROAD",PARKED MOTOR VEHICLE,DIVIDED - W/MEDIAN (NOT RAISED),,STRAIGHT AND LEVEL,UNKNOWN,UNKNOWN,NOT ON SCENE (DESK REPORT),NO INJURY / DRIVE AWAY,,,,"OVER $1,500",02/11/2024 10:05:00 PM,UNABLE TO DETERMINE,UNABLE TO DETERMINE,1219,N,WELLS ST,1821,,,,,,,2,NO INDICATION OF INJURY,0,0,0,0,0,0,1,9,7,2,41.904465472,-87.6343541694,POINT (-87.634354169376 41.904465471993)
9536fa376f6b389dd7962b810c79606779d3a1a5dab700edfa15064003dc375468977f3edb4240f0edc2cf87d4be5db6ef05f5b275e0dcf02e60538d20b24efd,,02/09/2024 11:45:00 PM,30,NO CONTROLS,NO CONTROLS,CLEAR,DARKNESS,PEDESTRIAN,NOT DIVIDED,,STRAIGHT AND LEVEL,DRY,NO DEFECTS,ON SCENE,INJURY AND / OR TOW DUE TO CRASH,,,,"$501 - $1,500",02/09/2024 11:49:00 PM,UNABLE TO DETERMINE,UNABLE TO DETERMINE,2015,S,RACINE AVE,1235,,,,,,,2,NONINCAPACITATING INJURY,1,0,0,1,0,0,3,23,6,2,41.8546949753,-87.6561846339,POINT (-87.656184633905 41.854694975278)
a2c45dd116a7d659239dfe7782577b700547d73896a023498daee561019d110ab5dbfe97b657c32562c419819cd554112e028b3626d4db53a02e4ab9978ccd18,,02/08/2024 01:10:00 PM,30,TRAFFIC SIGNAL,NOT FUNCTIONING,CLEAR,DAYLIGHT,SIDESWIPE SAME DIRECTION,NOT DIVIDED,,STRAIGHT AND LEVEL,UNKNOWN,UNKNOWN,NOT ON SCENE (DESK REPORT),NO INJURY / DRIVE AWAY,,,,"$501 - $1,500",02/08/2024 01:40:00 PM,UNABLE TO DETERMINE,UNABLE TO DETERMINE,5724,N,LINCOLN AVE,2011,,,,,,,2,NO INDICATION OF INJURY,0,0,0,0,0,0,2,13,5,2,41.9854327029,-87.6992841921,POINT (-87.699284192078 41.985432702905)
f4540711a74cbe3dae0356ec402347c9393d2b7c5f1c48ae44220b9691d73fa6512cb399ac2a878f912d2833c356ae699f2fb76565f0f997b700a4369ffb4107,,02/06/2024 03:00:00 PM,30,NO CONTROLS,NO CONTROLS,CLEAR,DAYLIGHT,TURNING,UNKNOWN,,STRAIGHT AND LEVEL,DRY,NO DEFECTS,NOT ON SCENE (DESK REPORT),NO INJURY / DRIVE AWAY,,,Y,"$501 - $1,500",02/06/2024 04:46:00 PM,IMPROPER TURNING/NO SIGNAL,NOT APPLICABLE,3900,S,CICERO AVE,1031,,,,,,,2,NO INDICATION OF INJURY,0,0,0,0,0,0,2,15,3,2,41.8219448331,-87.7436765962,POINT (-87.743676596199 41.821944833083)
717e997608126cf8bc71583d363add43eb8fac1a8dbb70069dbcb6318fea081c3521acdf93572e1fb99a3f6b88dcf9e748140c63e7989682aca31ff83ba31097,,02/05/2024 04:10:00 PM,30,TRAFFIC SIGNAL,FUNCTIONING PROPERLY,CLEAR,DAYLIGHT,ANGLE,NOT DIVIDED,,STRAIGHT AND LEVEL,DRY,UNKNOWN,ON SCENE,INJURY AND / OR TOW DUE TO CRASH,Y,,,"OVER $1,500",02/05/2024 04:15:00 PM,DISTRACTION - FROM INSIDE VEHICLE,DISREGARDING TRAFFIC SIGNALS,5900,S,MORGAN ST,712,,,,,,,2,NO INDICATION OF INJURY,0,0,0,0,0,0,4,16,2,2,41.7868632013,-87.6499721499,POINT (-87.649972149917 41.786863201321)
cc5565a4e532610c305c7d09345528070476d48dbdc911a95d05378ae2bcc597ab0fe13c2458503b7008ead1ed08a8e666eebb30f44cee8fdb388bb553e35b21,,02/05/2024 08:25:00 AM,30,TRAFFIC SIGNAL,FUNCTIONING PROPERLY,CLOUDY/OVERCAST,DAYLIGHT,SIDESWIPE SAME DIRECTION,FOUR WAY,3,STRAIGHT AND LEVEL,DRY,NO DEFECTS,NOT ON SCENE (DESK REPORT),NO INJURY / DRIVE AWAY,Y,,,"$501 - $1,500",02/05/2024 08:25:00 AM,IMPROPER OVERTAKING/PASSING,IMPROPER OVERTAKING/PASSING,8753,S,STONY ISLAND AVE,412,,,,,,,2,NO INDICATION OF INJURY,0,0,0,0,0,0,2,8,2,2,41.735361344,-87.5850143311,POINT (-87.585014331083 41.735361344043)
b1453a5867763810328ed8a59a8f04caf77db9cfff84c2f514d61a77734695f10e86db0ff1a30d291da7e2445d873f5bb540a7c9999e4785b7001b1272c0032c,,02/01/2024 03:21:00 PM,30,TRAFFIC SIGNAL,UNKNOWN,UNKNOWN,DAYLIGHT,SIDESWIPE SAME DIRECTION,UNKNOWN,,STRAIGHT AND LEVEL,UNKNOWN,UNKNOWN,NOT ON SCENE (DESK REPORT),INJURY AND / OR TOW DUE TO CRASH,,,,"OVER $1,500",02/01/2024 04:30:00 PM,UNABLE TO DETERMINE,NOT APPLICABLE,6647,S,WESTERN AVE,832,,,,,,,2,"REPORTED, NOT EVIDENT",1,0,0,0,1,0,1,15,5,2,41.7724064825,-87.6833095317,POINT (-87.683309531677 41.772406482508)
661ac6308d831ba9d60cd0550e8fccb2b7008b1f2ae3676db91dd6b750e88353f0b730dcd2148d9febb6e023dd8ba02e6b98b622921a36bc75592a48270b26a2,,01/30/2024 05:30:00 PM,30,STOP SIGN/FLASHER,OTHER,CLEAR,"DARKNESS, LIGHTED ROAD",OTHER NONCOLLISION,DIVIDED - W/MEDIAN (NOT RAISED),,STRAIGHT AND LEVEL,DRY,"RUT, HOLES",NOT ON SCENE (DESK REPORT),NO INJURY / DRIVE AWAY,,,,$500 OR LESS,02/05/2024 03:30:00 PM,UNABLE TO DETERMINE,UNABLE TO DETERMINE,5324,S,DAMEN AVE,932,,,,,,,1,NO INDICATION OF INJURY,0,0,0,0,0,0,1,17,3,1,41.7967697595,-87.6745320472,POINT (-87.674532047245 41.796769759536)
d7f66157a62ffab7bb940f26c3c38fdff266c7308273b4ecc46afb7495e88d7642d679c887ca54148fa5828e7233fc4d9ceb7ed195593adfab40e08698b70042,,01/27/2024 09:15:00 PM,15,STOP SIGN/FLASHER,FUNCTIONING PROPERLY,CLEAR,"DARKNESS, LIGHTED ROAD",ANGLE,NOT DIVIDED,,STRAIGHT AND LEVEL,DRY,NO DEFECTS,,NO INJURY / DRIVE AWAY,,,,"OVER $1,500",01/29/2024 11:00:00 AM,DISREGARDING TRAFFIC SIGNALS,UNABLE TO DETERMINE,6029,S,NORMAL BLVD,711,Y,,,,,,2,NO INDICATION OF INJURY,0,0,0,0,0,0,2,21,7,1,41.7844414183,-87.637448677,POINT (-87.637448677033 41.784441418293)
878b7edde160494be4f5a6ab63dc24312cb2e13f0689d2ffc41dcb203ab31edb99201b70056729327ac934379fd3d58f02305a6554e225bd5ee52ab0d8343572,,01/26/2024 12:51:00 PM,30,STOP SIGN/FLASHER,FUNCTIONING PROPERLY,RAIN,DAYLIGHT,ANGLE,OTHER,,STRAIGHT AND LEVEL,WET,NO DEFECTS,ON SCENE,NO INJURY / DRIVE AWAY,,,,"OVER $1,500",01/26/2024 12:51:00 PM,FAILING TO YIELD RIGHT-OF-WAY,NOT APPLICABLE,2927,W,DEVON AVE,2413,,,,,,,2,NO INDICATION OF INJURY,0,0,0,0,0,0,2,12,6,1,41.9973882526,-87.7032305304,POINT (-87.703230530375 41.997388252633)
89573bafb3e4751477a4b85b08e4b22ef75941ebaf7fa61f7ff9e5eae8685d7fd32217e13acd97b5d62e430e4c237b7008f800bcc2dee438e488f63b8c93db92,,01/21/2024 03:00:00 PM,30,NO CONTROLS,NO CONTROLS,CLEAR,DAYLIGHT,REAR TO FRONT,DIVIDED - W/MEDIAN (NOT RAISED),,STRAIGHT AND LEVEL,DRY,NO DEFECTS,ON SCENE,NO INJURY / DRIVE AWAY,,,,"OVER $1,500",01/21/2024 03:07:00 PM,IMPROPER BACKING,NOT APPLICABLE,7109,S,STONY ISLAND AVE,324,,,,,,,2,NO INDICATION OF INJURY,0,0,0,0,0,0,3,15,1,1,41.7657235005,-87.58576708,POINT (-87.585767079964 41.765723500484)
4b052c04a61c2d10e805c0f95d7eb4fb03470cb930e41e79f86016cfc851e80508d47f46e5bd17ff87b70049062eafc99ef412653b06e7c6a950fd825626903a,,01/20/2024 04:00:00 PM,30,NO CONTROLS,NO CONTROLS,CLEAR,DAYLIGHT,PARKED MOTOR VEHICLE,NOT DIVIDED,,STRAIGHT AND LEVEL,WET,NO DEFECTS,ON SCENE,NO INJURY / DRIVE AWAY,,,Y,"$501 - $1,500",01/20/2024 05:30:00 PM,UNABLE TO DETERMINE,UNABLE TO DETERMINE,5419,S,MENARD AVE,811,,,,,,,2,NO INDICATION OF INJURY,0,0,0,0,0,0,1,16,7,1,41.7943927096,-87.7670905558,POINT (-87.767090555767 41.794392709628)
2f1bb70065e1f68ca651b3d199eb88c37765032a95197ad615e25ee0d78d65f065b3f7bfc29ea4dbb2e89084bc58b805818df3dbd48e01356b4967592c1ed422,Y,01/19/2024 09:00:00 AM,30,NO CONTROLS,NO CONTROLS,SNOW,UNKNOWN,PARKED MOTOR VEHICLE,NOT DIVIDED,,STRAIGHT AND LEVEL,SNOW OR SLUSH,NO DEFECTS,ON SCENE,INJURY AND / OR TOW DUE TO CRASH,,,Y,"OVER $1,500",01/19/2024 01:54:00 PM,UNABLE TO DETERMINE,UNABLE TO DETERMINE,2737,W,59TH ST,824,,,,,,,2,NO INDICATION OF INJURY,0,0,0,0,0,0,1,9,6,1,41.7863135944,-87.6926023538,POINT (-87.692602353832 41.786313594395)
1a8a7035fb6b1cfae55262b62ee0b7009a1f9160d548a78c08e7648a268bafad258ffcf8a2cb20f0bd549fe838e2e422adbec1c57262a9af81749058620974bb,,01/16/2024 09:30:00 AM,30,NO CONTROLS,NO CONTROLS,CLEAR,DAYLIGHT,ANGLE,NOT DIVIDED,,STRAIGHT AND LEVEL,UNKNOWN,UNKNOWN,NOT ON SCENE (DESK REPORT),INJURY AND / OR TOW DUE TO CRASH,,,Y,"OVER $1,500",01/16/2024 12:38:00 PM,UNABLE TO DETERMINE,UNABLE TO DETERMINE,2526,W,GRAND AVE,1221,,,,,,,2,"REPORTED, NOT EVIDENT",1,0,0,0,1,0,2,9,3,1,41.8917945817,-87.6899950358,POINT (-87.689995035818 41.891794581652)
83c1f95716b3eb7008e9bedf841ac613a81727f7c8c350d37ebc5d97ffa9fffc1867cd47600b828a2789ad766742bc10f8d988cf22fd2470bb4713f5b683a8dc,,01/16/2024 07:57:00 AM,30,NO CONTROLS,NO CONTROLS,OTHER,DAYLIGHT,REAR END,DIVIDED - W/MEDIAN (NOT RAISED),,STRAIGHT AND LEVEL,ICE,NO DEFECTS,NOT ON SCENE (DESK REPORT),INJURY AND / OR TOW DUE TO CRASH,,,,"OVER $1,500",01/18/2024 04:20:00 PM,WEATHER,NOT APPLICABLE,4820,W,LAWRENCE AVE,1623,,,,,,,2,NO INDICATION OF INJURY,0,0,0,0,0,0,2,7,3,1,41.9681252697,-87.7487396826,POINT (-87.748739682611 41.968125269652)
7ed488ed3ac870280f837a185a314e2a8ec88774bece09e93b700dcb16e75f33ab6cd1616498c0411d2c4a4b8c5a6bf25fe99bd3a66dc446bc7e64ffe0084ec5,,01/14/2024 11:08:00 AM,30,NO CONTROLS,NO CONTROLS,SNOW,DAYLIGHT,PARKED MOTOR VEHICLE,NOT DIVIDED,,STRAIGHT AND LEVEL,SNOW OR SLUSH,NO DEFECTS,ON SCENE,NO INJURY / DRIVE AWAY,,,,"OVER $1,500",01/14/2024 11:08:00 AM,DISTRACTION - FROM INSIDE VEHICLE,DISTRACTION - FROM INSIDE VEHICLE,4330,N,CLARK ST,1912,,,,,,,3,NO INDICATION OF INJURY,0,0,0,0,0,0,1,11,1,1,41.9606554406,-87.665737039,POINT (-87.665737039018 41.960655440593)
692cfebdff498792e54305b396a6170485863de86dc202a5cda520fe5b4b27b7005a7b4bb8c05cd883dbaf2d2b16909b72b16c484876f859ee21cae11f394480,,01/13/2024 03:51:00 PM,30,NO CONTROLS,NO CONTROLS,CLEAR,DAYLIGHT,PARKED MOTOR VEHICLE,NOT DIVIDED,,STRAIGHT AND LEVEL,WET,NO DEFECTS,ON SCENE,INJURY AND / OR TOW DUE TO CRASH,,,,"OVER $1,500",01/13/2024 03:51:00 PM,FAILING TO REDUCE SPEED TO AVOID CRASH,UNDER THE INFLUENCE OF ALCOHOL/DRUGS (USE WHEN ARREST IS EFFECTED),2509,W,59TH ST,824,,,,,,,2,NO INDICATION OF INJURY,0,0,0,0,0,0,1,15,7,1,41.7864080323,-87.6867030722,POINT (-87.686703072172 41.78640803229)
74b555126473d9c1e51ff9ea718f26ae351dc884229fec4ad011d4c81eff1247aab2d566306e3441c8be44d883975df9b17eb4440b4ee4b537c29b700864ccae,,01/13/2024 03:30:00 PM,35,STOP SIGN/FLASHER,FUNCTIONING PROPERLY,CLEAR,DAYLIGHT,ANGLE,NOT DIVIDED,,STRAIGHT AND LEVEL,SNOW OR SLUSH,NO DEFECTS,NOT ON SCENE (DESK REPORT),NO INJURY / DRIVE AWAY,,,,"OVER $1,500",01/13/2024 07:00:00 PM,DRIVING SKILLS/KNOWLEDGE/EXPERIENCE,NOT APPLICABLE,8300,S,KEDVALE AVE,834,,,,,,,2,NO INDICATION OF INJURY,0,0,0,0,0,0,2,15,7,1,41.7420206346,-87.7254637757,POINT (-87.72546377565 41.742020634624)
ca9b1756b7001455b0c31d6e3ad04688e5fe0dd61f5f655f65f843d975623c4ca904930759f6fc99d3f99aafff01e9691b6d75400861eeaae512094eed730796,,01/13/2024 01:14:00 PM,30,NO CONTROLS,NO CONTROLS,CLEAR,DAYLIGHT,PARKED MOTOR VEHICLE,NOT DIVIDED,,STRAIGHT AND LEVEL,WET,UNKNOWN,,NO INJURY / DRIVE AWAY,,,,"OVER $1,500",01/13/2024 01:15:00 PM,FAILING TO REDUCE SPEED TO AVOID CRASH,NOT APPLICABLE,5508,W,AUGUSTA BLVD,1524,,,,,,,3,NO INDICATION OF INJURY,0,0,0,0,0,0,3,13,7,1,41.89861888,-87.7641174689,POINT (-87.764117468887 41.898618879961)
658781ec944b43e3b09927e2e8e158c838ebd21afebfacb8db750a819bc2b775eedd4da7ba5c948106db382c2429b70039f8761ce1b684eb320333c0dc6ffe30,,01/09/2024 10:46:00 AM,30,NO CONTROLS,NO CONTROLS,FREEZING RAIN/DRIZZLE,DAYLIGHT,SIDESWIPE OPPOSITE DIRECTION,NOT DIVIDED,,STRAIGHT AND LEVEL,WET,NO DEFECTS,,INJURY AND / OR TOW DUE TO CRASH,,,,"OVER $1,500",01/09/2024 10:47:00 AM,IMPROPER LANE USAGE,UNABLE TO DETERMINE,415,N,LARAMIE AVE,1532,,,,,,,2,NONINCAPACITATING INJURY,1,0,0,1,0,0,1,10,3,1,41.8882660687,-87.7552076937,POINT (-87.755207693662 41.888266068733)
1b700e0a3ad2b9662adeb1744b711c40342fc7b3c913533096e52ad635cd8632effd377489153685e9d030ba9bc940ff03fc8b51d3c85e2549bb7d4c5872df5f,Y,01/08/2024 11:07:00 PM,10,STOP SIGN/FLASHER,UNKNOWN,UNKNOWN,"DARKNESS, LIGHTED ROAD",REAR END,UNKNOWN,,STRAIGHT AND LEVEL,UNKNOWN,UNKNOWN,NOT ON SCENE (DESK REPORT),NO INJURY / DRIVE AWAY,Y,,,"OVER $1,500",01/09/2024 10:00:00 AM,UNABLE TO DETERMINE,UNABLE TO DETERMINE,10000,W,OHARE ST,1651,,,,,,,2,NO INDICATION OF INJURY,0,0,0,0,0,0,2,23,2,1,41.976201139,-87.9053091251,POINT (-87.905309125103 41.976201139024)