CRASH_RECORD_ID,CRASH_DATE_EST_I,CRASH_DATE,POSTED_SPEED_LIMIT,TRAFFIC_CONTROL_DEVICE,DEVICE_CONDITION,WEATHER_CONDITION,LIGHTING_CONDITION,FIRST_CRASH_TYPE,TRAFFICWAY_TYPE,LANE_CNT,ALIGNMENT,ROADWAY_SURFACE_COND,ROAD_DEFECT,REPORT_TYPE,CRASH_TYPE,INTERSECTION_RELATED_I,NOT_RIGHT_OF_WAY_I,HIT_AND_RUN_I,DAMAGE,DATE_POLICE_NOTIFIED,PRIM_CONTRIBUTORY_CAUSE,SEC_CONTRIBUTORY_CAUSE,STREET_NO,STREET_DIRECTION,STREET_NAME,BEAT_OF_OCCURRENCE,PHOTOS_TAKEN_I,STATEMENTS_TAKEN_I,DOORING_I,WORK_ZONE_I,WORK_ZONE_TYPE,WORKERS_PRESENT_I,NUM_UNITS,MOST_SEVERE_INJURY,INJURIES_TOTAL,INJURIES_FATAL,INJURIES_INCAPACITATING,INJURIES_NON_INCAPACITATING,INJURIES_REPORTED_NOT_EVIDENT,INJURIES_UNKNOWN,INJURIES_NO_INDICATION,CRASH_HOUR,CRASH_DAY_OF_WEEK,CRASH_MONTH,LATITUDE,LONGITUDE,LOCATION
c9dc0db6f2159260231b854209280b4d912542a6ff457ea079339566ab1ba489c203042293a87b925c216b93da93f45f38a3f07e1d09182e3a09e91e5fccb700,,09/26/2023 01:40:00 PM,30,TRAFFIC SIGNAL,FUNCTIONING PROPERLY,CLEAR,DAYLIGHT,REAR END,NOT DIVIDED,,STRAIGHT AND LEVEL,DRY,NO DEFECTS,NOT ON SCENE (DESK REPORT),NO INJURY / DRIVE AWAY,,,,"OVER $1,500",09/26/2023 02:40:00 PM,UNABLE TO DETERMINE,NOT APPLICABLE,1965,N,KIMBALL AVE,1422,,,,,,,2,NO INDICATION OF INJURY,0,0,0,0,0,0,2,13,3,9,41.9173153503,-87.7117584637,POINT (-87.711758463664 41.917315350321)
cdea0d01a1d62879ffa709cf3a6d2d4eec7e103de3a4cfa11928edba787e2d3deb678ac5427eb70072ffd1507a5113237272c7266d7369402d23d96ed559af86,,09/25/2023 05:00:00 PM,30,NO CONTROLS,NO CONTROLS,CLEAR,DAYLIGHT,REAR END,NOT DIVIDED,,STRAIGHT AND LEVEL,DRY,NO DEFECTS,ON SCENE,NO INJURY / DRIVE AWAY,,,,"OVER $1,500",09/25/2023 05:03:00 PM,NOT APPLICABLE,NOT APPLICABLE,3656,W,MONTROSE AVE,1723,,,,,,,3,NO INDICATION OF INJURY,0,0,0,0,0,0,3,17,2,9,41.9611501734,-87.7203511853,POINT (-87.720351185319 41.961150173431)
cda6a84a647f538f443391b92b1b96c1595f150a46a89114254f6882031fe10f3bdd0103b700cb72b767c48637efacadcf3cf8dc5015e9df64cabe41b62399d6,,09/25/2023 09:05:00 AM,30,TRAFFIC SIGNAL,FUNCTIONING PROPERLY,CLEAR,DAYLIGHT,SIDESWIPE OPPOSITE DIRECTION,NOT DIVIDED,,STRAIGHT AND LEVEL,DRY,UNKNOWN,NOT ON SCENE (DESK REPORT),NO INJURY / DRIVE AWAY,,,,"$501 - $1,500",09/25/2023 03:40:00 PM,DRIVING SKILLS/KNOWLEDGE/EXPERIENCE,DRIVING SKILLS/KNOWLEDGE/EXPERIENCE,1900,S,WELLS ST,914,,,,,,,2,NO INDICATION OF INJURY,0,0,0,0,0,0,2,9,2,9,41.856607491,-87.6332661543,POINT (-87.633266154306 41.856607491018)
02d73a78307661f64a670636203d022f436553bb7001477d83b2a5be4c0c6336d0e347c1e49367cd8e3e6cd560bfd83166695a5b6e465198950d6704bd2fa25a,,09/19/2023 06:44:00 PM,25,UNKNOWN,UNKNOWN,RAIN,DAYLIGHT,REAR END,DIVIDED - W/MEDIAN (NOT RAISED),,STRAIGHT AND LEVEL,WET,UNKNOWN,NOT ON SCENE (DESK REPORT),NO INJURY / DRIVE AWAY,,,Y,"OVER $1,500",09/20/2023 08:05:00 AM,UNABLE TO DETERMINE,UNABLE TO DETERMINE,2000,W,NORTH AVE,1434,,,,,,,2,NO INDICATION OF INJURY,0,0,0,0,0,0,2,18,3,9,41.9105827644,-87.6777016771,POINT (-87.677701677062 41.910582764445)
fa65496678ea939861452e39726f641643db4b8eb85205e014397387c458759fbf8e0bde53c154dbec0b70055de7f5866a4d99895cfc9e323f18073877582ea1,,09/18/2023 07:25:00 AM,30,NO CONTROLS,NO CONTROLS,CLEAR,DAYLIGHT,REAR END,NOT DIVIDED,,STRAIGHT AND LEVEL,DRY,NO DEFECTS,NOT ON SCENE (DESK REPORT),NO INJURY / DRIVE AWAY,,,,"OVER $1,500",09/18/2023 07:45:00 AM,FOLLOWING TOO CLOSELY,UNABLE TO DETERMINE,1923,S,HALSTED ST,1235,,,,,,,2,NO INDICATION OF INJURY,0,0,0,0,0,0,2,7,2,9,41.8560352549,-87.6464447974,POINT (-87.646444797412 41.856035254903)
f8543127960d8311561cedb74fe3d6144be4aaaa37a667db6bf5f102759ec3c654b1b70084767ad6c6594969498b39122d97bbbeb1c7d37ddf5725d66c8208f1,,09/11/2023 07:50:00 AM,45,NO CONTROLS,NO CONTROLS,RAIN,DAYLIGHT,SIDESWIPE SAME DIRECTION,DIVIDED - W/MEDIAN BARRIER,,STRAIGHT AND LEVEL,WET,NO DEFECTS,NOT ON SCENE (DESK REPORT),NO INJURY / DRIVE AWAY,N,,,"OVER $1,500",09/11/2023 12:15:00 PM,IMPROPER LANE USAGE,IMPROPER LANE USAGE,5300,S,LAKE SHORE DR SB,234,,,,,,,2,NO INDICATION OF INJURY,0,0,0,0,0,0,2,7,2,9,41.7995693995,-87.5815490603,POINT (-87.581549060329 41.7995693995)
6e30fe7422aa9ef95b827978bf3a3f28452e071b08e6e7ef4f31e5f814f81d4d9c1564ae176bec7857df3de98a23b700aa924c1ece9824f347cfbec358eb2e7f,,09/10/2023 11:53:00 PM,30,NO CONTROLS,NO CONTROLS,CLEAR,"DARKNESS, LIGHTED ROAD",SIDESWIPE SAME DIRECTION,NOT DIVIDED,,STRAIGHT AND LEVEL,DRY,NO DEFECTS,NOT ON SCENE (DESK REPORT),NO INJURY / DRIVE AWAY,,,Y,$500 OR LESS,09/11/2023 12:01:00 AM,UNABLE TO DETERMINE,UNABLE TO DETERMINE,650,N,PULASKI RD,1111,,,,,,,2,NO INDICATION OF INJURY,0,0,0,0,0,0,2,23,1,9,41.8932156267,-87.7261660923,POINT (-87.726166092265 41.893215626737)
052b700e4a0eeace82f1ab29369e8aac9e0ecc715fb0fe0c368e9ab0b739591e1a0a2f6b5fb5d98303d85ac669e9c8f9404151a844e06561f6b520aa87001ce6,,09/10/2023 08:06:00 PM,30,NO CONTROLS,NO CONTROLS,CLEAR,DAYLIGHT,SIDESWIPE SAME DIRECTION,DIVIDED - W/MEDIAN BARRIER,,STRAIGHT AND LEVEL,DRY,NO DEFECTS,NOT ON SCENE (DESK REPORT),NO INJURY / DRIVE AWAY,,,Y,"OVER $1,500",09/11/2023 02:15:00 PM,UNABLE TO DETERMINE,UNABLE TO DETERMINE,601,S,MICHIGAN AVE,114,,,,,,,2,NO INDICATION OF INJURY,0,0,0,0,0,0,2,20,1,9,41.874376938,-87.6240858834,POINT (-87.624085883427 41.874376937955)
91b9be83826344c351390f09b8087f5f5ecaf94f04eafb32fe749acc437ee4a4feb70034b5ae346537b61dd3a4a276c23b0042933714592c3d9c98f370865dcd,,09/10/2023 12:30:00 PM,30,TRAFFIC SIGNAL,UNKNOWN,CLEAR,DAYLIGHT,SIDESWIPE SAME DIRECTION,NOT DIVIDED,,STRAIGHT AND LEVEL,UNKNOWN,UNKNOWN,NOT ON SCENE (DESK REPORT),NO INJURY / DRIVE AWAY,,,Y,"$501 - $1,500",09/10/2023 01:30:00 PM,UNABLE TO DETERMINE,NOT APPLICABLE,1601,N,AUSTIN AVE,2531,,,,,,,2,NO INDICATION OF INJURY,0,0,0,0,0,0,2,12,1,9,41.9092808221,-87.7754085622,POINT (-87.775408562206 41.909280822073)
117478af4b5d5705bb311f5b81c41344540fd96a08bd2a419f854b80409571e7f51fdd49c4aa97cf805b5dbb8f21f7b7001e5b832d972db1b5ba1ff9ddfbc23a,,09/09/2023 01:00:00 PM,30,NO CONTROLS,NO CONTROLS,CLEAR,DAYLIGHT,REAR END,UNKNOWN,,STRAIGHT AND LEVEL,DRY,NO DEFECTS,NOT ON SCENE (DESK REPORT),INJURY AND / OR TOW DUE TO CRASH,,,,"OVER $1,500",09/09/2023 07:50:00 PM,FAILING TO REDUCE SPEED TO AVOID CRASH,UNABLE TO DETERMINE,141,W,DIVERSEY PKWY,1934,,,,,,,2,NO INDICATION OF INJURY,0,0,0,0,0,0,2,13,7,9,41.9332251537,-87.6336498102,POINT (-87.633649810198 41.933225153685)
b03417acbe8c119a9e2ed41e14ed5554aa2bd0dcb4163fe631d0658fb700f646d07f486265077b85698c05096323c15a2f7c73f8a74d9083d3f1d05c05b9e613,,09/09/2023 12:01:00 PM,30,NO CONTROLS,NO CONTROLS,CLEAR,DAYLIGHT,REAR END,NOT DIVIDED,,STRAIGHT AND LEVEL,DRY,NO DEFECTS,ON SCENE,INJURY AND / OR TOW DUE TO CRASH,,,,"OVER $1,500",09/09/2023 12:35:00 PM,UNABLE TO DETERMINE,UNABLE TO DETERMINE,2900,N,DAMEN AVE,1931,,,,,,,2,NO INDICATION OF INJURY,0,0,0,0,0,0,2,12,7,9,41.934151762,-87.6783277267,POINT (-87.678327726731 41.934151762035)
af7e329037833119cdf8a58e09236830b700d38b0d87951a259a4a05595d2d5442e62feeefa528f178214e5425616cdc54611dff3f5e09631f4257c9387bdc83,,09/08/2023 04:19:00 PM,15,NO CONTROLS,NO CONTROLS,RAIN,DAYLIGHT,PEDESTRIAN,PARKING LOT,,STRAIGHT AND LEVEL,WET,NO DEFECTS,ON SCENE,NO INJURY / DRIVE AWAY,,,Y,$500 OR LESS,09/08/2023 04:22:00 PM,"OPERATING VEHICLE IN ERRATIC, RECKLESS, CARELESS, NEGLIGENT OR AGGRESSIVE MANNER","OPERATING VEHICLE IN ERRATIC, RECKLESS, CARELESS, NEGLIGENT OR AGGRESSIVE MANNER",233,W,87TH ST,634,,,,,,,2,NO INDICATION OF INJURY,0,0,0,0,0,0,2,16,6,9,41.7359358711,-87.6298265784,POINT (-87.629826578351 41.73593587109)
9beb989b3250825e28c4eef980362748db55b63e0bbc811f05f8df3e686f25ec9002d6d5b20f8ac9bdc177e7b5eea705aa528d43e6d72a3c939ef1b700b9671f,,09/07/2023 03:30:00 PM,30,TRAFFIC SIGNAL,FUNCTIONING PROPERLY,CLEAR,DAYLIGHT,SIDESWIPE SAME DIRECTION,NOT DIVIDED,,STRAIGHT AND LEVEL,DRY,NO DEFECTS,NOT ON SCENE (DESK REPORT),NO INJURY / DRIVE AWAY,Y,,Y,$500 OR LESS,09/07/2023 05:10:00 PM,UNABLE TO DETERMINE,NOT APPLICABLE,1600,N,DAMEN AVE,1434,,,,,,,2,NO INDICATION OF INJURY,0,0,0,0,0,0,2,15,5,9,41.9105884215,-87.6776438203,POINT (-87.677643820277 41.91058842145)
4d895e15e68da84f2b30912cc9d4917b7f1bd0c629d1d12ff06af64698f3b7002ad2ce9543352630963b4ceb55ef0879692ac082df323a1e54fe58aac0894006,,09/04/2023 05:00:00 PM,30,STOP SIGN/FLASHER,FUNCTIONING PROPERLY,CLEAR,DAYLIGHT,PEDALCYCLIST,OTHER,,STRAIGHT AND LEVEL,DRY,NO DEFECTS,ON SCENE,INJURY AND / OR TOW DUE TO CRASH,Y,,Y,"$501 - $1,500",09/04/2023 05:02:00 PM,FAILING TO YIELD RIGHT-OF-WAY,NOT APPLICABLE,3499,N,NARRAGANSETT AVE,1633,,,,,,,2,NONINCAPACITATING INJURY,1,0,0,1,0,0,1,17,2,9,41.9437859128,-87.7861418676,POINT (-87.786141867633 41.943785912816)
8d7d2e1ad21b4c038a7bffba4b7ad5800403663212fb9191d2e8b4d9937138086c76ae8c28ea763043ebd826d9fbad4b680795651092bb5fb700dd42e9dcb1fb,,09/04/2023 08:50:00 AM,40,OTHER WARNING SIGN,FUNCTIONING PROPERLY,CLEAR,DAYLIGHT,HEAD ON,DIVIDED - W/MEDIAN BARRIER,,STRAIGHT AND LEVEL,DRY,NO DEFECTS,ON SCENE,INJURY AND / OR TOW DUE TO CRASH,,,,"OVER $1,500",09/04/2023 08:50:00 AM,DRIVING ON WRONG SIDE/WRONG WAY,UNDER THE INFLUENCE OF ALCOHOL/DRUGS (USE WHEN ARREST IS EFFECTED),4200,N,LAKE SHORE DR NB,1915,,,,,,,2,NONINCAPACITATING INJURY,2,0,0,2,0,0,0,8,2,9,41.9585518376,-87.6462377598,POINT (-87.646237759782 41.958551837596)
424784343f47b4b0265fb70073dfc2945df6f7af2e27677caf70f4bdc993f2d1e29f416e057f2056cfb2360fdac68f530c163134624ea69dfa4b78927661b252,,09/02/2023 11:10:00 PM,30,TRAFFIC SIGNAL,FUNCTIONING PROPERLY,CLEAR,"DARKNESS, LIGHTED ROAD",TURNING,FOUR WAY,,STRAIGHT AND LEVEL,DRY,NO DEFECTS,NOT ON SCENE (DESK REPORT),NO INJURY / DRIVE AWAY,Y,,,"OVER $1,500",09/02/2023 11:40:00 PM,DISREGARDING TRAFFIC SIGNALS,FAILING TO REDUCE SPEED TO AVOID CRASH,38,W,MARQUETTE RD,722,,,,,,,2,NO INDICATION OF INJURY,0,0,0,0,0,0,5,23,7,9,41.7727956678,-87.6267519044,POINT (-87.626751904425 41.77279566782)
742604e74bb0fb354b70011f96b720f9c05b457f90a47b2e4eced6fadc4dd976f7d4624acea1d66fe2378cc50ed70d4df931ae69535dfb4df020ccb62668783f,,08/30/2023 08:29:00 PM,30,NO CONTROLS,NO CONTROLS,CLEAR,"DARKNESS, LIGHTED ROAD",PEDALCYCLIST,DIVIDED - W/MEDIAN (NOT RAISED),,STRAIGHT AND LEVEL,DRY,NO DEFECTS,ON SCENE,INJURY AND / OR TOW DUE TO CRASH,,,,$500 OR LESS,08/30/2023 08:33:00 PM,NOT APPLICABLE,NOT APPLICABLE,2706,N,HALSTED ST,1935,,,Y,,,,2,NONINCAPACITATING INJURY,1,0,0,1,0,0,1,20,4,8,41.9317570701,-87.6491246882,POINT (-87.649124688182 41.931757070123)
ac909fff902ed64ce272257a213db476e3808ad008a1beb236304cd44d4ee5afb70000f2d13f11198cdb4153f20f7dca0e48e80415e79711f4f5a1bd944d39ce,,08/28/2023 03:50:00 PM,35,TRAFFIC SIGNAL,FUNCTIONING PROPERLY,CLEAR,DAYLIGHT,TURNING,DIVIDED - W/MEDIAN (NOT RAISED),,STRAIGHT AND LEVEL,DRY,OTHER,ON SCENE,INJURY AND / OR TOW DUE TO CRASH,,,,"OVER $1,500",08/28/2023 04:40:00 PM,NOT APPLICABLE,NOT APPLICABLE,2159,E,95TH ST,431,,,,,,,2,NONINCAPACITATING INJURY,2,0,0,2,0,0,1,15,2,8,41.7224190037,-87.5705572095,POINT (-87.570557209482 41.72241900367)
8e55c7bfb6848c2f4ef88badaa0d79ab700964b4f7191eeec099193d01745b296d922f11c1bea98ca3e2e07ce70f4ea9e2bd3f4a0be657d1335d49e5e45eca02,,08/27/2023 01:50:00 PM,35,TRAFFIC SIGNAL,UNKNOWN,CLEAR,DAYLIGHT,TURNING,T-INTERSECTION,,STRAIGHT AND LEVEL,DRY,UNKNOWN,NOT ON SCENE (DESK REPORT),NO INJURY / DRIVE AWAY,Y,,,"OVER $1,500",08/27/2023 02:30:00 PM,UNABLE TO DETERMINE,NOT APPLICABLE,1600,E,87TH ST,412,,Y,,,,,2,NO INDICATION OF INJURY,0,0,0,0,0,0,2,13,1,8,41.7370309923,-87.5850864535,POINT (-87.585086453532 41.737030992315)
aa538003cdee274c69ab477ca433cec7ba1995aef2b6bad445ab7001a44cb8411099f76105569f6a3600256e80f463bfca60484670f45ee090e1bbdb4b484795,,08/27/2023 07:36:00 AM,30,NO CONTROLS,NO CONTROLS,CLEAR,DAYLIGHT,PARKED MOTOR VEHICLE,NOT DIVIDED,,STRAIGHT AND LEVEL,DRY,NO DEFECTS,,INJURY AND / OR TOW DUE TO CRASH,,,Y,"OVER $1,500",08/27/2023 07:45:00 AM,DRIVING ON WRONG SIDE/WRONG WAY,IMPROPER LANE USAGE,3322,N,BROADWAY,1925,,,,,,,4,NO INDICATION OF INJURY,0,0,0,0,0,0,1,7,1,8,41.9426231581,-87.6446253646,POINT (-87.644625364601 41.942623158142)
70155d51da4147a00d5eb672fb7001ddbc1c8523be4b9deddffa3e8b8387a40696af49f6f8f43b8268bd9618fd51cfecf197c82ce1f623dd5719d1a86d431e81,,08/25/2023 11:30:00 AM,30,STOP SIGN/FLASHER,FUNCTIONING PROPERLY,CLOUDY/OVERCAST,DAYLIGHT,ANGLE,OTHER,,STRAIGHT AND LEVEL,DRY,NO DEFECTS,ON SCENE,INJURY AND / OR TOW DUE TO CRASH,Y,,,"$501 - $1,500",08/25/2023 11:35:00 AM,UNABLE TO DETERMINE,NOT APPLICABLE,9500,S,ESCANABA AVE,431,,,,,,,2,"REPORTED, NOT EVIDENT",1,0,0,0,1,0,1,11,6,8,41.7226409885,-87.5539916123,POINT (-87.553991612319 41.722640988484)
c7d5af7192c9985b7008284f5c1bc533845560a66ba21315fcc39010c014070c54f12f69fbf5b7e1af853f6b79d1fcb5b38fed0db9d94d9b0fec5b53beb7808e,,08/25/2023 11:00:00 AM,30,TRAFFIC SIGNAL,FUNCTIONING PROPERLY,CLEAR,DAYLIGHT,TURNING,NOT DIVIDED,,STRAIGHT AND LEVEL,DRY,UNKNOWN,ON SCENE,NO INJURY / DRIVE AWAY,,,,$500 OR LESS,08/25/2023 11:24:00 AM,IMPROPER LANE USAGE,NOT APPLICABLE,1550,W,DEVON AVE,2432,,,,,,,2,NO INDICATION OF INJURY,0,0,0,0,0,0,2,11,6,8,41.9981948511,-87.6698240291,POINT (-87.669824029079 41.998194851104)
0479411f5eba62e526e89c43664e075300cbd8e566072e330b7228fa42a03d7801868d7c0c9628fcd1211e5d6379cf95b5c3321a3773898ca706d89293b70024,,08/24/2023 03:42:00 PM,30,TRAFFIC SIGNAL,FUNCTIONING PROPERLY,CLEAR,DAYLIGHT,ANGLE,FOUR WAY,,STRAIGHT AND LEVEL,DRY,NO DEFECTS,ON SCENE,INJURY AND / OR TOW DUE TO CRASH,Y,,,"OVER $1,500",08/24/2023 05:30:00 PM,FAILING TO YIELD RIGHT-OF-WAY,NOT APPLICABLE,5801,W,DIVISION ST,1511,,,,,,,2,NONINCAPACITATING INJURY,1,0,0,1,0,0,3,15,5,8,41.9019600161,-87.7705645068,POINT (-87.770564506824 41.901960016084)
02c24df036e2962e775680a2b9944615330d98daf1fa148e982d15ab15db4933e9924b7002d3d7b3ab095a2fc07c6eb2e0f52e3ac045e735caba74ddb0485146,,08/23/2023 08:39:00 AM,30,NO CONTROLS,UNKNOWN,CLEAR,DAYLIGHT,REAR END,DIVIDED - W/MEDIAN (NOT RAISED),,STRAIGHT AND LEVEL,DRY,NO DEFECTS,ON SCENE,NO INJURY / DRIVE AWAY,N,,,"OVER $1,500",08/23/2023 09:11:00 AM,FOLLOWING TOO CLOSELY,"DISTRACTION - OTHER ELECTRONIC DEVICE (NAVIGATION DEVICE, DVD PLAYER, ETC.)",101,N,CENTRAL AVE,1523,,,,,,,2,NO INDICATION OF INJURY,0,0,0,0,0,0,2,8,4,8,41.8823480796,-87.7647844746,POINT (-87.764784474593 41.882348079553)
efac529917ffb1ddbbbe14374f66b79c3cd4c819d492ef69f6ecb29771021f4c32bd3bec642ff3d23ac425ec596e7fe3732eb7b700705057fe074ff9ba3a91cc,Y,08/22/2023 06:10:00 AM,30,TRAFFIC SIGNAL,FUNCTIONING PROPERLY,CLEAR,DAYLIGHT,TURNING,FOUR WAY,,STRAIGHT AND LEVEL,DRY,NO DEFECTS,,NO INJURY / DRIVE AWAY,,,Y,"$501 - $1,500",08/25/2023 12:00:00 PM,UNABLE TO DETERMINE,UNABLE TO DETERMINE,5700,N,SHERIDAN RD,2022,,,,,,,2,NO INDICATION OF INJURY,0,0,0,0,0,0,2,6,3,8,41.9856410954,-87.6553885441,POINT (-87.655388544127 41.985641095429)
9e5df8c1d0a1151cfe72807d3731fc98f781fd5f233523d5d2d8b700917d64892e1956545813bd7ee01fcc34496019ee8052d4413694025bd5c750bc9bc23a0b,,08/21/2023 05:40:00 PM,30,NO CONTROLS,NO CONTROLS,CLEAR,DAYLIGHT,PARKED MOTOR VEHICLE,NOT DIVIDED,,STRAIGHT AND LEVEL,DRY,NO DEFECTS,ON SCENE,INJURY AND / OR TOW DUE TO CRASH,,,,"OVER $1,500",08/21/2023 05:55:00 PM,UNABLE TO DETERMINE,UNABLE TO DETERMINE,7634,S,YATES BLVD,414,,,,,,,2,NO INDICATION OF INJURY,0,0,0,0,0,0,1,17,2,8,41.7561183577,-87.5664627663,POINT (-87.566462766336 41.756118357684)
888279e2ef3d61a790e29deb4bc05f41224b5af61c316693336e36d2619334f039ba10d1010507b7001a900bd04054af88713390687cc2409ee56ecf136baaee,,08/19/2023 02:50:00 PM,30,NO CONTROLS,NO CONTROLS,CLEAR,DAYLIGHT,REAR END,NOT DIVIDED,,STRAIGHT AND LEVEL,DRY,UNKNOWN,NOT ON SCENE (DESK REPORT),NO INJURY / DRIVE AWAY,,,,$500 OR LESS,08/19/2023 05:30:00 PM,IMPROPER BACKING,NOT APPLICABLE,3312,S,HALSTED ST,913,Y,Y,,,,,2,NO INDICATION OF INJURY,0,0,0,0,0,0,2,14,7,8,41.8343697848,-87.6463401103,POINT (-87.64634011032 41.834369784775)
143d5ddd0f4d78e1cffafe0a3e68c4811e0d82e5ae2ec8f7f6f730ddcc50cc27443e9410f92ee8899d247bab700c4b9eea6dcc573f3035f4789f96374d0a6246,,08/16/2023 10:00:00 AM,20,NO CONTROLS,NO CONTROLS,CLEAR,"DARKNESS, LIGHTED ROAD",PARKED MOTOR VEHICLE,ONE-WAY,,STRAIGHT AND LEVEL,DRY,NO DEFECTS,NOT ON SCENE (DESK REPORT),NO INJURY / DRIVE AWAY,,,Y,"$501 - $1,500",08/16/2023 10:00:00 AM,UNABLE TO DETERMINE,NOT APPLICABLE,4810,W,MEDILL AVE,2522,,,,,,,2,NO INDICATION OF INJURY,0,0,0,0,0,0,1,10,4,8,41.923429462,-87.7469322252,POINT (-87.746932225239 41.923429462003)
386ac6146625a91184fd0e50133ae51643c7d377724b9e95ad22d4ae204d2e9209c172ec4b7000da928e0f699d7063d5f6fccec12b8069ddf12e14682b0b9b25,,08/15/2023 02:40:00 PM,30,NO CONTROLS,NO CONTROLS,CLEAR,DAYLIGHT,PARKED MOTOR VEHICLE,NOT DIVIDED,,STRAIGHT AND LEVEL,DRY,NO DEFECTS,NOT ON SCENE (DESK REPORT),NO INJURY / DRIVE AWAY,,,Y,"$501 - $1,500",08/15/2023 03:20:00 PM,UNABLE TO DETERMINE,UNABLE TO DETERMINE,2335,W,21ST ST,1234,,,,,,,2,NO INDICATION OF INJURY,0,0,0,0,0,0,2,14,3,8,41.8537712922,-87.6846992412,POINT (-87.684699241191 41.853771292186)
fbece9c5640114988a9217043fe613606d0620f8367dd60486adba21c457bb700eb24be651cae96d3104dc17fc6ef17d981272773840628478d7c8ad1c353d49,,08/14/2023 06:40:00 PM,35,TRAFFIC SIGNAL,NO CONTROLS,RAIN,DUSK,TURNING,NOT DIVIDED,,STRAIGHT AND LEVEL,WET,NO DEFECTS,ON SCENE,INJURY AND / OR TOW DUE TO CRASH,Y,,,"OVER $1,500",08/14/2023 06:47:00 PM,FAILING TO YIELD RIGHT-OF-WAY,NOT APPLICABLE,7098,N,RIDGE BLVD,2411,,,,,,,2,INCAPACITATING INJURY,1,0,1,0,0,0,3,18,2,8,42.0111747061,-87.6828355116,POINT (-87.682835511579 42.011174706058)
2571cfd64aa94d63324a6f1342181b38c3645c290f9df0aafb40a479464d57dc059eb8cd8caa262f0c076e66651b6135e738ee6e7f435bfb7092f38548b7007f,,08/14/2023 04:07:00 PM,30,NO CONTROLS,NO CONTROLS,RAIN,DAYLIGHT,PARKED MOTOR VEHICLE,NOT DIVIDED,,STRAIGHT AND LEVEL,WET,NO DEFECTS,ON SCENE,INJURY AND / OR TOW DUE TO CRASH,,,,"OVER $1,500",08/14/2023 04:12:00 PM,UNABLE TO DETERMINE,NOT APPLICABLE,3400,W,ROOSEVELT RD,1133,,,,,,,2,NO INDICATION OF INJURY,0,0,0,0,0,0,3,16,2,8,41.8664572689,-87.7106673317,POINT (-87.710667331739 41.866457268922)
238ab92528eda6ac422589ca119289e4dceefa75171624d0a69ed58dc4c4445e1569ca9f1e2caba38b700639e3d5d63016b6621b85d2a106051844d105011488,,08/13/2023 09:48:00 PM,40,NO CONTROLS,NO CONTROLS,CLEAR,"DARKNESS, LIGHTED ROAD",SIDESWIPE SAME DIRECTION,RAMP,,STRAIGHT AND LEVEL,DRY,NO DEFECTS,NOT ON SCENE (DESK REPORT),NO INJURY / DRIVE AWAY,N,,,"OVER $1,500",08/13/2023 10:15:00 PM,UNABLE TO DETERMINE,FAILING TO YIELD RIGHT-OF-WAY,3150,N,LAKE SHORE DR SB,1934,,,,,,,2,NO INDICATION OF INJURY,0,0,0,0,0,0,3,21,1,8,41.9396804515,-87.6379521263,POINT (-87.637952126316 41.939680451461)
48a8c43c723dcafb467adbe6427deb643711401b6927825ba93917178edcd99a06d9fe193d91975ae7da8c6a385f6f676903e1d5a000556a2bab70086d610527,,08/10/2023 06:30:00 PM,25,NO CONTROLS,NO CONTROLS,UNKNOWN,UNKNOWN,PARKED MOTOR VEHICLE,ONE-WAY,,STRAIGHT AND LEVEL,UNKNOWN,UNKNOWN,NOT ON SCENE (DESK REPORT),INJURY AND / OR TOW DUE TO CRASH,Y,,,"OVER $1,500",08/10/2023 09:05:00 PM,ANIMAL,NOT APPLICABLE,5245,S,ROCKWELL ST,923,,Y,,,,,2,NO INDICATION OF INJURY,0,0,0,0,0,0,1,18,5,8,41.7979141627,-87.6888875175,POINT (-87.68888751747 41.797914162673)
36c01ac67d91151deb6cca95c8922ced4e3bc8c1deb700386581fec3af3e3ae0349262e15da1a8957b57080e327403468e756392d6e8b1c28d3542fda35841cd,,08/09/2023 06:02:00 PM,35,UNKNOWN,UNKNOWN,CLEAR,DAYLIGHT,PARKED MOTOR VEHICLE,NOT DIVIDED,,STRAIGHT AND LEVEL,DRY,NO DEFECTS,ON SCENE,NO INJURY / DRIVE AWAY,,,,"$501 - $1,500",08/09/2023 06:15:00 PM,NOT APPLICABLE,NOT APPLICABLE,3750,N,WOLCOTT AVE,1922,,,,,,,2,NO INDICATION OF INJURY,0,0,0,0,0,0,1,18,4,8,41.9502388781,-87.676376338,POINT (-87.676376337983 41.950238878142)
2b865b700396bbc162c1c3c7a6e322e4afc38ce255c350628eef31dd857078e5f7fe7634f538683752c5c4c07fe0a05127fb286ab32dab6b9893559b241d60e2,Y,08/09/2023 02:00:00 PM,10,UNKNOWN,UNKNOWN,UNKNOWN,UNKNOWN,PARKED MOTOR VEHICLE,PARKING LOT,,STRAIGHT AND LEVEL,UNKNOWN,UNKNOWN,NOT ON SCENE (DESK REPORT),NO INJURY / DRIVE AWAY,,,Y,"OVER $1,500",08/09/2023 09:00:00 PM,UNABLE TO DETERMINE,UNABLE TO DETERMINE,910,S,ABERDEEN ST,1232,,,,,,,2,NO INDICATION OF INJURY,0,0,0,0,0,0,1,14,4,8,41.8703271694,-87.6543938103,POINT (-87.654393810252 41.870327169416)