CRASH_RECORD_ID,CRASH_DATE_EST_I,CRASH_DATE,POSTED_SPEED_LIMIT,TRAFFIC_CONTROL_DEVICE,DEVICE_CONDITION,WEATHER_CONDITION,LIGHTING_CONDITION,FIRST_CRASH_TYPE,TRAFFICWAY_TYPE,LANE_CNT,ALIGNMENT,ROADWAY_SURFACE_COND,ROAD_DEFECT,REPORT_TYPE,CRASH_TYPE,INTERSECTION_RELATED_I,NOT_RIGHT_OF_WAY_I,HIT_AND_RUN_I,DAMAGE,DATE_POLICE_NOTIFIED,PRIM_CONTRIBUTORY_CAUSE,SEC_CONTRIBUTORY_CAUSE,STREET_NO,STREET_DIRECTION,STREET_NAME,BEAT_OF_OCCURRENCE,PHOTOS_TAKEN_I,STATEMENTS_TAKEN_I,DOORING_I,WORK_ZONE_I,WORK_ZONE_TYPE,WORKERS_PRESENT_I,NUM_UNITS,MOST_SEVERE_INJURY,INJURIES_TOTAL,INJURIES_FATAL,INJURIES_INCAPACITATING,INJURIES_NON_INCAPACITATING,INJURIES_REPORTED_NOT_EVIDENT,INJURIES_UNKNOWN,INJURIES_NO_INDICATION,CRASH_HOUR,CRASH_DAY_OF_WEEK,CRASH_MONTH,LATITUDE,LONGITUDE,LOCATION
c748595d1d5b1dffe67fa376836ccf42c498c61c54dec211e5d4e50e6d5d4d9b51826975b56c3daffe76fe41cc208aebdb85b804de75dfa4bd431a0f62b700ff,,08/06/2023 03:15:00 PM,30,NO CONTROLS,NO CONTROLS,CLEAR,UNKNOWN,PARKED MOTOR VEHICLE,PARKING LOT,,STRAIGHT AND LEVEL,DRY,NO DEFECTS,NOT ON SCENE (DESK REPORT),NO INJURY / DRIVE AWAY,,,Y,"OVER $1,500",08/06/2023 08:40:00 PM,UNABLE TO DETERMINE,NOT APPLICABLE,205,W,87TH ST,634,,,,,,,2,NO INDICATION OF INJURY,0,0,0,0,0,0,1,15,1,8,41.7360301752,-87.6290945086,POINT (-87.629094508576 41.736030175198)
3e059f508d315c6071190f166134fcf1bdb3359c30894de75ee30885531cb584d49a262c3c2430b96351b76522f837c72f819f38c0d4cba72c1a860b7004455c,,08/06/2023 12:00:00 PM,10,NO CONTROLS,NO CONTROLS,CLEAR,DAYLIGHT,PARKED MOTOR VEHICLE,PARKING LOT,,STRAIGHT AND LEVEL,DRY,NO DEFECTS,NOT ON SCENE (DESK REPORT),NO INJURY / DRIVE AWAY,,Y,Y,"OVER $1,500",08/06/2023 12:20:00 PM,UNABLE TO DETERMINE,UNABLE TO DETERMINE,1224,S,WABASH AVE,131,,,,,,,2,NO INDICATION OF INJURY,0,0,0,0,0,0,1,12,1,8,41.8667243541,-87.6259611484,POINT (-87.625961148378 41.866724354056)
012f162e867055d823512c1649ed794413dd78d0b700694d23db903fa25d787cc93c598accfdb5b78b198551bf5f7d2ef153a6c8e2ca8a09a05f50396237329c,,08/06/2023 01:30:00 AM,30,UNKNOWN,UNKNOWN,RAIN,DUSK,REAR END,NOT DIVIDED,,STRAIGHT AND LEVEL,WET,UNKNOWN,,NO INJURY / DRIVE AWAY,Y,,Y,"$501 - $1,500",08/06/2023 02:30:00 AM,NOT APPLICABLE,UNABLE TO DETERMINE,1645,W,OGDEN AVE,1224,,,,,,,2,NO INDICATION OF INJURY,0,0,0,0,0,0,2,1,1,8,41.8797225597,-87.6679487978,POINT (-87.66794879779 41.879722559704)
e3e907535a0a8e277afab700f4f83e14ac4f720dfce28b04224ef700863fbd4780c7f104440759a3c9c825b9ea458688eaa961ca97d7c5f82f2b2dfa0fdad335,,08/05/2023 03:50:00 PM,30,NO CONTROLS,NO CONTROLS,CLEAR,DAYLIGHT,SIDESWIPE SAME DIRECTION,DIVIDED - W/MEDIAN (NOT RAISED),,STRAIGHT AND LEVEL,DRY,NO DEFECTS,NOT ON SCENE (DESK REPORT),NO INJURY / DRIVE AWAY,,,,"OVER $1,500",08/05/2023 04:15:00 PM,UNABLE TO DETERMINE,NOT APPLICABLE,1413,N,ASHLAND AVE,1433,,,,,,,2,NO INDICATION OF INJURY,0,0,0,0,0,0,3,15,7,8,41.9074425646,-87.6674546618,POINT (-87.667454661776 41.907442564575)
331eaa5f7e11682ca1b5202e07be2def0bfa44ee74c705c91d2790044f1737dad4b2b5222495b4304257b7009cd7fcff241afc23654b3f73a46f52b46752b997,,08/04/2023 11:20:00 PM,30,NO CONTROLS,NO CONTROLS,CLEAR,"DARKNESS, LIGHTED ROAD",REAR END,DIVIDED - W/MEDIAN BARRIER,,STRAIGHT AND LEVEL,UNKNOWN,NO DEFECTS,,NO INJURY / DRIVE AWAY,,,,"OVER $1,500",08/08/2023 11:16:00 AM,UNABLE TO DETERMINE,NOT APPLICABLE,119,S,MICHIGAN AVE,114,,,,,,,2,NO INDICATION OF INJURY,0,0,0,0,0,0,4,23,6,8,41.8803478704,-87.6242073734,POINT (-87.624207373396 41.880347870357)
60ff454e2a404d21bcc5a431bba3a2bcd427c8e75278cc546c5c4624aa27f99eb75df369aa96944796dc5fc6127bd913b70065f10af3bbeee88918b76d8d0298,,08/03/2023 05:18:00 PM,30,TRAFFIC SIGNAL,FUNCTIONING PROPERLY,CLEAR,DAYLIGHT,PARKED MOTOR VEHICLE,NOT DIVIDED,,STRAIGHT AND LEVEL,DRY,NO DEFECTS,ON SCENE,NO INJURY / DRIVE AWAY,,,,"OVER $1,500",08/03/2023 05:20:00 PM,FAILING TO YIELD RIGHT-OF-WAY,FAILING TO YIELD RIGHT-OF-WAY,2750,W,DEVON AVE,2412,,,,,,,2,NO INDICATION OF INJURY,0,0,0,0,0,0,3,17,5,8,41.9976770767,-87.6992489782,POINT (-87.699248978162 41.997677076652)
5b7419996f38ea843fba7f410bfa91a32a6dc74699b7294920b700d31ba28076687a04bc703ad1beb89def8a5dcd374e8cfc057ad5d1f10321bb7a362e32363b,,08/03/2023 07:04:00 AM,30,NO CONTROLS,NO CONTROLS,CLEAR,DAYLIGHT,SIDESWIPE SAME DIRECTION,NOT DIVIDED,,STRAIGHT AND LEVEL,DRY,UNKNOWN,NOT ON SCENE (DESK REPORT),NO INJURY / DRIVE AWAY,,,Y,"OVER $1,500",08/03/2023 02:20:00 PM,UNABLE TO DETERMINE,UNABLE TO DETERMINE,11101,S,CICERO AVE,2211,,,,,,,2,NO INDICATION OF INJURY,0,0,0,0,0,0,2,7,5,8,41.690773405,-87.7395887281,POINT (-87.739588728068 41.690773405017)
13ec48fd650281032a5c0df9d543f280ca67ecc2b69fc3fbf0fc575887c19fa96b700366df31a6b5d81af70f2b0200bd2e9ee2900de6836b1481278249b48f30,,08/02/2023 04:30:00 PM,30,UNKNOWN,NO CONTROLS,CLEAR,DAYLIGHT,REAR END,NOT DIVIDED,,STRAIGHT AND LEVEL,UNKNOWN,NO DEFECTS,NOT ON SCENE (DESK REPORT),NO INJURY / DRIVE AWAY,Y,,,"$501 - $1,500",08/08/2023 07:20:00 PM,FOLLOWING TOO CLOSELY,FOLLOWING TOO CLOSELY,6836,N,SHERIDAN RD,2431,,,,,,,2,NO INDICATION OF INJURY,0,0,0,0,0,0,2,16,4,8,42.0066797904,-87.661418203,POINT (-87.661418203029 42.006679790429)
2aa9adc53ea5112406ecec9d9a7af21d4973345a9420a259b5640e13e71d8ef233812bc23ee761261c8ab7001080d3626638acbe69fc488a95e23524da67ead3,,07/28/2023 04:30:00 PM,30,NO CONTROLS,NO CONTROLS,CLEAR,DAYLIGHT,SIDESWIPE SAME DIRECTION,NOT DIVIDED,,STRAIGHT AND LEVEL,DRY,NO DEFECTS,,NO INJURY / DRIVE AWAY,,,,"OVER $1,500",07/28/2023 05:10:00 PM,IMPROPER OVERTAKING/PASSING,UNABLE TO DETERMINE,5543,N,HARLEM AVE,1613,,,,,,,2,NO INDICATION OF INJURY,0,0,0,0,0,0,3,16,6,7,41.9820879027,-87.8067940878,POINT (-87.8067940878 41.982087902725)
ad66a7f629c2cc63bddd633c9d538f8594ae07375ec4cf83583e1db72aca8d3835b79183e8bb18c4ea648582c97027bfb61ffc921b447d4dc18c13fe3f3ab700,,07/23/2023 03:45:00 PM,30,UNKNOWN,UNKNOWN,UNKNOWN,UNKNOWN,SIDESWIPE SAME DIRECTION,NOT REPORTED,,STRAIGHT AND LEVEL,UNKNOWN,UNKNOWN,NOT ON SCENE (DESK REPORT),NO INJURY / DRIVE AWAY,Y,,,"OVER $1,500",08/07/2023 03:55:00 PM,UNABLE TO DETERMINE,UNABLE TO DETERMINE,611,W,MONTROSE DR,1915,,,,,,,2,NO INDICATION OF INJURY,0,0,0,0,0,0,2,15,1,7,41.9618918962,-87.6461235379,POINT (-87.646123537947 41.961891896202)
99c155a0d1cda22e9c2968980526f58050a89eec93dee6cc72d3b70063268bbd8441dc4fce0d7549ddbdcc02bfc95487994043691a488e3c8bc3122923fa2acc,,07/22/2023 05:52:00 PM,30,NO CONTROLS,NO CONTROLS,CLEAR,DAYLIGHT,TURNING,NOT DIVIDED,,STRAIGHT AND LEVEL,DRY,NO DEFECTS,NOT ON SCENE (DESK REPORT),NO INJURY / DRIVE AWAY,,,Y,"$501 - $1,500",07/22/2023 06:20:00 PM,FOLLOWING TOO CLOSELY,NOT APPLICABLE,3717,N,RACINE AVE,1923,,,,,,,2,NO INDICATION OF INJURY,0,0,0,0,0,0,3,17,7,7,41.9494551083,-87.6590781107,POINT (-87.659078110741 41.949455108321)
57298395b39d513ed256f4526b184e43d3e93913b3f7d6142bdb5ed63edb5503adbabaf1bc7493ba4f0126e9440055fa823cfb05df016c07cfa15b7003a17ffc,,07/22/2023 02:30:00 AM,35,NO CONTROLS,FUNCTIONING PROPERLY,UNKNOWN,DARKNESS,TURNING,T-INTERSECTION,,STRAIGHT AND LEVEL,UNKNOWN,UNKNOWN,NOT ON SCENE (DESK REPORT),NO INJURY / DRIVE AWAY,,,,$500 OR LESS,07/31/2023 03:00:00 PM,UNABLE TO DETERMINE,UNABLE TO DETERMINE,230,W,ERIE ST,1831,,,,,,,2,NO INDICATION OF INJURY,0,0,0,0,0,0,2,2,7,7,41.8940827178,-87.6354827078,POINT (-87.635482707778 41.894082717758)
993df802eccaf4d1d6e245f079c10d2bbea4b20819fcada4b27df59b3acf56c92d59f2535abb44ae100ef58bd8cd649f79a4935227eb700746aa9cbe161c5cb7,,07/19/2023 03:10:00 PM,30,NO CONTROLS,NO CONTROLS,CLEAR,DAYLIGHT,PARKED MOTOR VEHICLE,NOT DIVIDED,,STRAIGHT AND LEVEL,DRY,NO DEFECTS,NOT ON SCENE (DESK REPORT),NO INJURY / DRIVE AWAY,,,,"$501 - $1,500",07/19/2023 04:30:00 PM,UNABLE TO DETERMINE,UNABLE TO DETERMINE,2757,N,PINE GROVE AVE,1935,,,,,,,2,NO INDICATION OF INJURY,0,0,0,0,0,0,2,15,4,7,41.9326487251,-87.6411505683,POINT (-87.641150568254 41.932648725117)
1494bf07bd70ce12f988a3c0c18fb12077a77464ac906f773ecef5917eee7bb78804750d13da7e1761b700370aebcfdaa8c35e4a1b83aa770b5e600f487824ed,,07/18/2023 12:30:00 PM,30,NO CONTROLS,NO CONTROLS,CLEAR,DAYLIGHT,PARKED MOTOR VEHICLE,ONE-WAY,,STRAIGHT AND LEVEL,DRY,NO DEFECTS,ON SCENE,NO INJURY / DRIVE AWAY,,,Y,"OVER $1,500",07/18/2023 12:40:00 PM,UNABLE TO DETERMINE,NOT APPLICABLE,7455,N,OAKLEY AVE,2411,,,,,,,2,NO INDICATION OF INJURY,0,0,0,0,0,0,1,12,3,7,42.0172012032,-87.68736118,POINT (-87.687361180005 42.01720120317)
35668ceab7005bc1b261487f3a6da003e01d200273c5c5c146eedb7c7eda015e30abb8bc7d741dbbf87c0c4a86f476394db2d41847a32fc782dc01326887e482,,07/17/2023 08:01:00 PM,15,STOP SIGN/FLASHER,FUNCTIONING PROPERLY,CLEAR,DAYLIGHT,PEDALCYCLIST,NOT DIVIDED,,STRAIGHT AND LEVEL,DRY,UNKNOWN,ON SCENE,INJURY AND / OR TOW DUE TO CRASH,Y,,Y,$500 OR LESS,07/17/2023 08:14:00 PM,FAILING TO YIELD RIGHT-OF-WAY,NOT APPLICABLE,1300,S,CHRISTIANA AVE,1021,,,,,,,2,NONINCAPACITATING INJURY,1,0,0,1,0,0,4,20,2,7,41.8644477013,-87.7094147,POINT (-87.709414699966 41.864447701344)
0a1b700fdd2655d5df3036911ef1203acba8c01afce308538ccd28e64a05e08794ecb6c1935a82111f56409f19fec9cd2e6915970dcbd3701e2378afc48858be,,07/16/2023 03:00:00 AM,30,NO CONTROLS,UNKNOWN,UNKNOWN,UNKNOWN,PARKED MOTOR VEHICLE,NOT DIVIDED,,STRAIGHT AND LEVEL,UNKNOWN,UNKNOWN,NOT ON SCENE (DESK REPORT),NO INJURY / DRIVE AWAY,,,Y,"OVER $1,500",07/23/2023 03:50:00 PM,IMPROPER BACKING,IMPROPER BACKING,6148,N,MILWAUKEE AVE,1611,,,,,,,2,NO INDICATION OF INJURY,0,0,0,0,0,0,1,3,1,7,41.9933757631,-87.7842752195,POINT (-87.784275219486 41.993375763056)
bb48222b70003e1f454d74b5bf382b3496ecac1e34bea8dc92f20d082066f7264870a2be5d19810ff25862355287455f6b24fbf7163452e2a59d3f5a47cc0eaa,,07/15/2023 08:01:00 PM,30,NO CONTROLS,NO CONTROLS,CLEAR,DUSK,TURNING,NOT DIVIDED,,STRAIGHT AND LEVEL,DRY,NO DEFECTS,ON SCENE,NO INJURY / DRIVE AWAY,,,Y,"OVER $1,500",07/15/2023 08:01:00 PM,IMPROPER TURNING/NO SIGNAL,NOT APPLICABLE,714,W,KINZIE ST,1214,,,,,,,2,NO INDICATION OF INJURY,0,0,0,0,0,0,2,20,7,7,41.8891723662,-87.6464458087,POINT (-87.646445808659 41.889172366215)
f9664f8f4366f2d627c75eb9b97e9d88f4f3ab7000868f32ccc8f55f7fb32d93a4be911e222c87848a192547116b2fd7de001d7f5a27c69f9a64d9894d06f05c,,07/14/2023 02:20:00 PM,35,OTHER,UNKNOWN,UNKNOWN,UNKNOWN,REAR END,NOT DIVIDED,,STRAIGHT AND LEVEL,UNKNOWN,UNKNOWN,NOT ON SCENE (DESK REPORT),NO INJURY / DRIVE AWAY,,,,"$501 - $1,500",07/14/2023 03:45:00 PM,FOLLOWING TOO CLOSELY,UNABLE TO DETERMINE,1200,S,CLINTON ST,124,,,,,,,2,NO INDICATION OF INJURY,0,0,0,0,0,0,2,14,6,7,41.8671561888,-87.6408671106,POINT (-87.640867110581 41.867156188799)
756d00fb6e7809c497fbdd649bdb0f0990b5c17408c79214e825970f1a88fd59940145a47da5cd8ff00a9dfae2434636b700dcd565872e4c7101594750ff94b4,,07/14/2023 11:40:00 AM,30,TRAFFIC SIGNAL,FUNCTIONING PROPERLY,CLEAR,DAYLIGHT,REAR END,FOUR WAY,,STRAIGHT AND LEVEL,DRY,NO DEFECTS,ON SCENE,NO INJURY / DRIVE AWAY,Y,,N,"OVER $1,500",07/14/2023 12:00:00 PM,FOLLOWING TOO CLOSELY,NOT APPLICABLE,2426,N,WESTERN AVE,1431,,,,,,,3,NO INDICATION OF INJURY,0,0,0,0,0,0,9,11,6,7,41.9258056292,-87.6878225877,POINT (-87.687822587677 41.925805629244)
8ff4368c17c50558061b35a8929b877a04c848fdf055257f5cb3c1a13bb5f3413489dccd3a0083bf1c1c86b54a931fb9fcdb245bc00b700385ee9d5a04fe8ce8,,07/13/2023 03:10:00 AM,10,NO CONTROLS,NO CONTROLS,CLEAR,DARKNESS,PARKED MOTOR VEHICLE,OTHER,,STRAIGHT AND LEVEL,DRY,NO DEFECTS,ON SCENE,NO INJURY / DRIVE AWAY,,Y,,$500 OR LESS,07/13/2023 03:24:00 AM,UNABLE TO DETERMINE,UNABLE TO DETERMINE,6739,S,RIDGELAND AVE,332,,,,,,,2,NO INDICATION OF INJURY,0,0,0,0,0,0,1,3,5,7,41.7721922516,-87.5824709813,POINT (-87.582470981297 41.772192251627)
f6127225785c43d5cceb0a7d46ea222f095c5df80118a708d4b1f79e9db700cb06669bd2c0b4e507bd7f303b0d0fe788065cc84541971abea75f4fead78235f0,,07/12/2023 10:15:00 PM,30,TRAFFIC SIGNAL,FUNCTIONING PROPERLY,RAIN,"DARKNESS, LIGHTED ROAD",TURNING,NOT DIVIDED,,STRAIGHT AND LEVEL,WET,NO DEFECTS,NOT ON SCENE (DESK REPORT),INJURY AND / OR TOW DUE TO CRASH,,,,"OVER $1,500",07/12/2023 11:15:00 PM,UNABLE TO DETERMINE,UNABLE TO DETERMINE,5100,S,COTTAGE GROVE AVE,233,,,,,,,2,"REPORTED, NOT EVIDENT",3,0,0,0,3,0,2,22,4,7,41.8022206334,-87.60655293,POINT (-87.606552929969 41.802220633425)
96907b9c497fc1e7b1b2b4459b34b6870ea7622c978a51af644bd91f3107ccb03b70018487ac3fc9060f37dff51be494a469bc43448d98af9ab783503a043015,,07/07/2023 06:30:00 PM,30,TRAFFIC SIGNAL,FUNCTIONING IMPROPERLY,CLEAR,DAYLIGHT,SIDESWIPE SAME DIRECTION,DIVIDED - W/MEDIAN BARRIER,,STRAIGHT AND LEVEL,DRY,UNKNOWN,ON SCENE,NO INJURY / DRIVE AWAY,,,,"OVER $1,500",07/07/2023 06:38:00 PM,IMPROPER LANE USAGE,NOT APPLICABLE,24,W,87TH ST,622,,,,,,,2,NO INDICATION OF INJURY,0,0,0,0,0,0,6,18,6,7,41.7363811718,-87.625426497,POINT (-87.625426497041 41.736381171795)
94e3bddfebc7f5c908673cf213911da21ef8ec813d9691518c66e07405c7069f0286a02501c2116416752bf889b213127909410b700c691ace18d07f51b84e7a,,07/07/2023 10:30:00 AM,30,NO CONTROLS,NO CONTROLS,CLEAR,DAYLIGHT,PARKED MOTOR VEHICLE,NOT DIVIDED,,STRAIGHT AND LEVEL,DRY,NO DEFECTS,NOT ON SCENE (DESK REPORT),NO INJURY / DRIVE AWAY,,,,"$501 - $1,500",07/07/2023 11:00:00 AM,UNABLE TO DETERMINE,NOT APPLICABLE,2845,N,MILWAUKEE AVE,1412,,,,,,,2,NO INDICATION OF INJURY,0,0,0,0,0,0,1,10,6,7,41.9329764826,-87.7135795574,POINT (-87.713579557366 41.932976482569)
9e8825dee7c1f9b0c30fff1ae73f7588bdad8890c8578775b8c08e92a56dfdcc4d20e6772dc976730a4a672da334eb700e7f5b6c930fd8fa5813868406e3a394,,07/03/2023 02:00:00 PM,30,NO CONTROLS,NO CONTROLS,CLEAR,DAYLIGHT,SIDESWIPE SAME DIRECTION,NOT DIVIDED,,STRAIGHT AND LEVEL,DRY,NO DEFECTS,NOT ON SCENE (DESK REPORT),NO INJURY / DRIVE AWAY,Y,,,"$501 - $1,500",07/03/2023 02:00:00 PM,IMPROPER LANE USAGE,IMPROPER LANE USAGE,511,N,COLUMBUS DR,1834,,,,,,,2,NO INDICATION OF INJURY,0,0,0,0,0,0,2,14,2,7,41.8914048807,-87.6200812297,POINT (-87.620081229738 41.891404880694)
cb67de58b700da815b93c70990550b425201787703a57dbf3f4b4b97f97e0cfa58192f67a23e72d11e5b99e43bc05a129a99b1dcf85c90c4cac7c31806a5999d,,07/02/2023 01:00:00 PM,30,TRAFFIC SIGNAL,FUNCTIONING PROPERLY,RAIN,DAYLIGHT,REAR END,NOT DIVIDED,,STRAIGHT AND LEVEL,WET,NO DEFECTS,NOT ON SCENE (DESK REPORT),NO INJURY / DRIVE AWAY,,,,"$501 - $1,500",07/02/2023 01:41:00 PM,FOLLOWING TOO CLOSELY,NOT APPLICABLE,3332,W,55TH ST,822,,,,,,,2,NO INDICATION OF INJURY,0,0,0,0,0,0,4,13,1,7,41.7935696336,-87.7072950407,POINT (-87.707295040674 41.793569633574)
20e5922e68718b67a5b35329e958304b700c61ab73e5e3383648021c836d26aabe7e7c0584fb1e8f3dc8b358ea1a22a940957db4f3a98c3c90cd4550593f771f,,06/28/2023 07:40:00 PM,30,UNKNOWN,UNKNOWN,UNKNOWN,UNKNOWN,REAR END,DIVIDED - W/MEDIAN (NOT RAISED),,STRAIGHT AND LEVEL,UNKNOWN,UNKNOWN,NOT ON SCENE (DESK REPORT),NO INJURY / DRIVE AWAY,,,,$500 OR LESS,06/28/2023 08:35:00 PM,FOLLOWING TOO CLOSELY,NOT APPLICABLE,6100,S,PULASKI RD,813,,,,,,,2,NO INDICATION OF INJURY,0,0,0,0,0,0,3,19,4,6,41.7822483397,-87.7230081715,POINT (-87.723008171535 41.782248339738)
18080b8ef097a5bddadb94fb6e3f834c1145c603b32d9d8fb79dd137b70010323b288e68472720973121a8230392490e74110f6fd26f03dbead16d98a54e807e,,06/28/2023 02:05:00 PM,25,NO CONTROLS,NO CONTROLS,CLEAR,DAYLIGHT,PARKED MOTOR VEHICLE,DIVIDED - W/MEDIAN (NOT RAISED),,STRAIGHT AND LEVEL,UNKNOWN,UNKNOWN,ON SCENE,NO INJURY / DRIVE AWAY,,,Y,"OVER $1,500",06/28/2023 02:55:00 PM,IMPROPER LANE USAGE,NOT APPLICABLE,3822,W,NORTH AVE,2535,,,,,,,2,NO INDICATION OF INJURY,0,0,0,0,0,0,2,14,4,6,41.9100393618,-87.7224573189,POINT (-87.722457318859 41.910039361797)
b061a2b42fefca59243a355fcd9c922ae3de8beb00494a3b700db9372ed436796f55cdec806752f00bdf67bfda223abfbcb58463af5e61d0509721fb4d2d158b,Y,06/28/2023 01:00:00 AM,30,NO CONTROLS,NO CONTROLS,CLEAR,DAYLIGHT,PARKED MOTOR VEHICLE,NOT DIVIDED,,STRAIGHT AND LEVEL,DRY,NO DEFECTS,NOT ON SCENE (DESK REPORT),NO INJURY / DRIVE AWAY,,,Y,"OVER $1,500",06/28/2023 10:00:00 AM,UNABLE TO DETERMINE,NOT APPLICABLE,6423,N,GREENVIEW AVE,2432,,,,,,,2,NO INDICATION OF INJURY,0,0,0,0,0,0,1,1,4,6,41.9987892241,-87.6678302644,POINT (-87.667830264418 41.998789224075)
11e4cb15a11e7683968a2c6f4898fe13f86b1f6b0440b1bb2fa4f70ff30deaf557bdf50573e443570aa6a694ccd419f72734b9326ff0db1eb700295ba63f7a55,Y,06/26/2023 01:30:00 PM,5,NO CONTROLS,NO CONTROLS,CLEAR,DAYLIGHT,FIXED OBJECT,PARKING LOT,,STRAIGHT AND LEVEL,DRY,NO DEFECTS,ON SCENE,NO INJURY / DRIVE AWAY,,Y,Y,"OVER $1,500",06/27/2023 04:34:00 PM,UNABLE TO DETERMINE,UNABLE TO DETERMINE,1933,W,103RD ST,2212,,,,,,,1,NO INDICATION OF INJURY,0,0,0,0,0,0,1,13,2,6,41.706454243,-87.6705321731,POINT (-87.670532173095 41.706454243021)
761f5e9d2609c56404c07c277ca13970b7005146e4643a923b952effd6b519a2486cfd3b35b4d341856c1ed68547c9ad1a381098576c3363067f10a55f7c49b7,N,06/26/2023 07:00:00 AM,20,NO CONTROLS,NO CONTROLS,CLEAR,DAYLIGHT,PARKED MOTOR VEHICLE,ONE-WAY,,STRAIGHT AND LEVEL,DRY,NO DEFECTS,ON SCENE,NO INJURY / DRIVE AWAY,,,Y,$500 OR LESS,06/26/2023 08:26:00 AM,UNABLE TO DETERMINE,NOT APPLICABLE,2129,N,LONG AVE,2515,,,,,,,2,NO INDICATION OF INJURY,0,0,0,0,0,0,1,7,2,6,41.9195060139,-87.7607730589,POINT (-87.760773058948 41.919506013878)
df73363436b700b2dbc6082bf37e115bd36bcafb0240738c39497df87b02b136c1f82e4f956c914b919c788abc1791ef2f59cc9bd61f40c92067593e94722e59,Y,06/24/2023 02:45:00 PM,30,NO CONTROLS,NO CONTROLS,UNKNOWN,UNKNOWN,PARKED MOTOR VEHICLE,ONE-WAY,,STRAIGHT AND LEVEL,UNKNOWN,UNKNOWN,NOT ON SCENE (DESK REPORT),NO INJURY / DRIVE AWAY,,,Y,"OVER $1,500",06/26/2023 09:15:00 AM,IMPROPER LANE USAGE,UNABLE TO DETERMINE,537,N,LECLAIRE AVE,1532,,,,,,,2,NO INDICATION OF INJURY,0,0,0,0,0,0,1,14,7,6,41.8904400643,-87.7528421661,POINT (-87.752842166118 41.890440064309)
c6b5322ac70229668db87699ef0fc0c13b6e0782ff1fdc9f55a4c80fab453d03930b4962cffdbe56e98b700ef0e79fd5840c927973cd594dcdec169bbd5efa12,,06/24/2023 12:00:00 AM,30,NO CONTROLS,NO CONTROLS,CLEAR,"DARKNESS, LIGHTED ROAD",REAR TO FRONT,ONE-WAY,,STRAIGHT AND LEVEL,DRY,NO DEFECTS,NOT ON SCENE (DESK REPORT),NO INJURY / DRIVE AWAY,,,,"$501 - $1,500",06/27/2023 09:50:00 AM,IMPROPER BACKING,NOT APPLICABLE,1250,S,UNION AVE,1232,,,,,,,2,NO INDICATION OF INJURY,0,0,0,0,0,0,2,0,7,6,41.8657845412,-87.6452147735,POINT (-87.645214773503 41.865784541222)
4f1c3b2404915d09c2c11ae3a2d38a1afcf4c5e617b3022241b85ce1e173179d5837dfbf444bf28637d87fc93871a359e12d1269f348fef193b77c1b700aa333,,06/20/2023 06:40:00 PM,20,NO CONTROLS,UNKNOWN,CLEAR,UNKNOWN,PARKED MOTOR VEHICLE,DIVIDED - W/MEDIAN (NOT RAISED),,STRAIGHT AND LEVEL,DRY,UNKNOWN,ON SCENE,NO INJURY / DRIVE AWAY,,,Y,"OVER $1,500",06/20/2023 06:45:00 PM,NOT APPLICABLE,NOT APPLICABLE,1120,E,82ND ST,411,,,,,,,2,NO INDICATION OF INJURY,0,0,0,0,0,0,1,18,3,6,41.7459959459,-87.5968459205,POINT (-87.59684592054 41.745995945885)
aeb94f78dac61871720e2731bc954c448315ec9f8f2adfbe64082d9deac1e953b66b483a8316ab700de7110c1f401beb9ee87f264d5e6d111b11d8f7c2de8f86,,06/20/2023 12:00:00 PM,30,NO CONTROLS,NO CONTROLS,CLEAR,DAYLIGHT,REAR TO FRONT,NOT DIVIDED,,STRAIGHT AND LEVEL,DRY,UNKNOWN,NOT ON SCENE (DESK REPORT),NO INJURY / DRIVE AWAY,,,,"OVER $1,500",06/20/2023 03:50:00 PM,IMPROPER BACKING,IMPROPER BACKING,2200,S,DAMEN AVE,1034,,,,,,,2,NO INDICATION OF INJURY,0,0,0,0,0,0,2,12,3,6,41.8521276608,-87.6759854491,POINT (-87.675985449051 41.852127660753)
21b4a60433071c21a627581f167a5582a60932b229c6c8c5e874e5b700c2cbba6fe7b842ec6d5469a89cec40d0bed0094307d84cd9d5a3a85e12a6373a923e52,,06/17/2023 01:50:00 PM,30,TRAFFIC SIGNAL,FUNCTIONING PROPERLY,CLEAR,DAYLIGHT,TURNING,FOUR WAY,,STRAIGHT AND LEVEL,DRY,NO DEFECTS,ON SCENE,NO INJURY / DRIVE AWAY,Y,,Y,"$501 - $1,500",06/17/2023 01:55:00 PM,UNABLE TO DETERMINE,UNABLE TO DETERMINE,5200,W,NORTH AVE,2532,,,,,,,2,NO INDICATION OF INJURY,0,0,0,0,0,0,2,13,7,6,41.9096103676,-87.7558522787,POINT (-87.755852278737 41.909610367569)