CRASH_RECORD_ID,CRASH_DATE_EST_I,CRASH_DATE,POSTED_SPEED_LIMIT,TRAFFIC_CONTROL_DEVICE,DEVICE_CONDITION,WEATHER_CONDITION,LIGHTING_CONDITION,FIRST_CRASH_TYPE,TRAFFICWAY_TYPE,LANE_CNT,ALIGNMENT,ROADWAY_SURFACE_COND,ROAD_DEFECT,REPORT_TYPE,CRASH_TYPE,INTERSECTION_RELATED_I,NOT_RIGHT_OF_WAY_I,HIT_AND_RUN_I,DAMAGE,DATE_POLICE_NOTIFIED,PRIM_CONTRIBUTORY_CAUSE,SEC_CONTRIBUTORY_CAUSE,STREET_NO,STREET_DIRECTION,STREET_NAME,BEAT_OF_OCCURRENCE,PHOTOS_TAKEN_I,STATEMENTS_TAKEN_I,DOORING_I,WORK_ZONE_I,WORK_ZONE_TYPE,WORKERS_PRESENT_I,NUM_UNITS,MOST_SEVERE_INJURY,INJURIES_TOTAL,INJURIES_FATAL,INJURIES_INCAPACITATING,INJURIES_NON_INCAPACITATING,INJURIES_REPORTED_NOT_EVIDENT,INJURIES_UNKNOWN,INJURIES_NO_INDICATION,CRASH_HOUR,CRASH_DAY_OF_WEEK,CRASH_MONTH,LATITUDE,LONGITUDE,LOCATION
f31db94fa37acd400f6a4e8e1745a4aee1d91bcad33a15e209b0c7c766e920f821160c0d184a0d32bdad84344808dc61a28d4b7009af973a18826dd5ab6cf15e,,06/14/2023 07:25:00 PM,30,TRAFFIC SIGNAL,FUNCTIONING PROPERLY,CLEAR,DARKNESS,PEDALCYCLIST,NOT DIVIDED,,STRAIGHT AND LEVEL,DRY,NO DEFECTS,NOT ON SCENE (DESK REPORT),INJURY AND / OR TOW DUE TO CRASH,Y,,Y,"$501 - $1,500",06/15/2023 01:30:00 PM,FAILING TO YIELD RIGHT-OF-WAY,UNABLE TO DETERMINE,626,N,MICHIGAN AVE,1834,,,,,,,2,NONINCAPACITATING INJURY,1,0,0,1,0,0,1,19,4,6,41.8933722143,-87.6243614185,POINT (-87.624361418497 41.893372214284)
bf78cb7003218f34b5cc62feddfa0c203c871cd1384df081249a33db25933e9de2cc9abbdfeb156dbe18bef4e3ff200a1dffd38cd03fa5179dcda62e73e44d48,,06/12/2023 03:05:00 PM,30,NO CONTROLS,NO CONTROLS,CLEAR,DAYLIGHT,SIDESWIPE SAME DIRECTION,NOT DIVIDED,,STRAIGHT AND LEVEL,DRY,NO DEFECTS,NOT ON SCENE (DESK REPORT),NO INJURY / DRIVE AWAY,,,,"$501 - $1,500",06/12/2023 04:43:00 PM,UNABLE TO DETERMINE,UNABLE TO DETERMINE,5801,N,SHERIDAN RD,2022,,,,,,,2,NO INDICATION OF INJURY,0,0,0,0,0,0,3,15,2,6,41.987452355,-87.6551588441,POINT (-87.655158844144 41.987452354954)
57de3a274a89163b68dd16b954bcff9493f5d7ef743d72e32066ea958b70079b3c7e9c60d74671eb380d17b47d1cacb8e709a6f04b3e9769d4fe38395f6565a7,,06/11/2023 11:15:00 AM,30,NO CONTROLS,NO CONTROLS,CLEAR,DAWN,SIDESWIPE OPPOSITE DIRECTION,NOT DIVIDED,,STRAIGHT AND LEVEL,DRY,NO DEFECTS,NOT ON SCENE (DESK REPORT),NO INJURY / DRIVE AWAY,,,Y,$500 OR LESS,06/11/2023 03:20:00 PM,UNABLE TO DETERMINE,UNABLE TO DETERMINE,200,E,100TH ST,511,,,,,,,2,NO INDICATION OF INJURY,0,0,0,0,0,0,4,11,1,6,41.7128143692,-87.6187103436,POINT (-87.618710343584 41.712814369246)
cd96c45ebc1d05024279b764f94fb031ca782bb2684f28ee9db120b7e61c174cd0f59df07ce30aa5fd2ade045ab7006af6b7f30ffe1dd26dcbb73880b9a71203,,06/09/2023 05:09:00 PM,30,TRAFFIC SIGNAL,FUNCTIONING PROPERLY,CLEAR,DAYLIGHT,SIDESWIPE SAME DIRECTION,DIVIDED - W/MEDIAN BARRIER,,STRAIGHT AND LEVEL,DRY,NO DEFECTS,ON SCENE,INJURY AND / OR TOW DUE TO CRASH,N,,,"OVER $1,500",06/09/2023 05:25:00 PM,FOLLOWING TOO CLOSELY,UNABLE TO DETERMINE,6401,N,SHERIDAN RD,2432,,,,,,,2,NO INDICATION OF INJURY,0,0,0,0,0,0,2,17,6,6,41.9983088064,-87.6596963833,POINT (-87.659696383256 41.99830880639)
ab30d1b1ebc9a99c22b5034b4c03f1fa2fd62143675b34e2d8d5b7000e6535bd26d6ebb5767d5f459933a854c3a1080e6b26f1328dc40a4f652d640251a252c1,,06/09/2023 01:50:00 AM,30,NO CONTROLS,FUNCTIONING PROPERLY,CLEAR,"DARKNESS, LIGHTED ROAD",OVERTURNED,NOT DIVIDED,,STRAIGHT AND LEVEL,DRY,UNKNOWN,ON SCENE,INJURY AND / OR TOW DUE TO CRASH,,,,"OVER $1,500",06/09/2023 01:55:00 AM,EQUIPMENT - VEHICLE CONDITION,NOT APPLICABLE,98,E,ROOSEVELT RD,123,,,,,,,1,NO INDICATION OF INJURY,0,0,0,0,0,0,1,1,6,6,41.8675659268,-87.6242174248,POINT (-87.624217424809 41.867565926761)
6e3a2997ccc7247d54fe6d92a103f25b70006a3fa15fd57e9e0c2e6cccfaeb9842a1aec6fa02c8c4bac9acfd874239bea852ef8e31667445b383a0ff9803290b,,06/03/2023 08:19:00 PM,30,NO CONTROLS,NO CONTROLS,CLEAR,"DARKNESS, LIGHTED ROAD",PARKED MOTOR VEHICLE,NOT DIVIDED,,STRAIGHT AND LEVEL,DRY,UNKNOWN,ON SCENE,NO INJURY / DRIVE AWAY,,,,"OVER $1,500",06/03/2023 08:41:00 PM,UNABLE TO DETERMINE,UNABLE TO DETERMINE,501,N,KEDZIE AVE,1221,,,,,,,2,NO INDICATION OF INJURY,0,0,0,0,0,0,3,20,7,6,41.8903891104,-87.7062530476,POINT (-87.706253047639 41.890389110396)
6b77bf7eb87648f6a96bc9ba708f8868b700e2e25ca5b86890b5b4033b523de67d5d62ee0f30dc62edac3c8336ff8d6c940a7c21b076b10b424b7672ca23fe2a,,05/30/2023 08:15:00 AM,35,NO CONTROLS,NO CONTROLS,CLEAR,DAYLIGHT,ANGLE,DIVIDED - W/MEDIAN (NOT RAISED),,STRAIGHT AND LEVEL,DRY,NO DEFECTS,ON SCENE,INJURY AND / OR TOW DUE TO CRASH,,,,"OVER $1,500",05/30/2023 08:20:00 AM,DRIVING SKILLS/KNOWLEDGE/EXPERIENCE,DRIVING SKILLS/KNOWLEDGE/EXPERIENCE,8000,S,STONY ISLAND AVE,411,,,,,,,2,NONINCAPACITATING INJURY,1,0,0,1,0,0,1,8,3,5,41.7496995768,-87.5859572415,POINT (-87.585957241503 41.749699576791)
ac2c572d0e60e9e3501ced94077e901e1aa630910b9f3c59f51bb8085a4c904dfc1265d0be2aaab70088b863b4a43214e1bcfa3ad592d3c24d25b118d92fb13e,,05/27/2023 10:36:00 AM,5,NO CONTROLS,NO CONTROLS,CLEAR,DAYLIGHT,SIDESWIPE SAME DIRECTION,PARKING LOT,,STRAIGHT AND LEVEL,DRY,NO DEFECTS,ON SCENE,NO INJURY / DRIVE AWAY,,Y,,"OVER $1,500",05/27/2023 11:42:00 AM,IMPROPER TURNING/NO SIGNAL,NOT APPLICABLE,1366,W,FULLERTON AVE,1932,,,,,,,2,NO INDICATION OF INJURY,0,0,0,0,0,0,2,10,7,5,41.9253305553,-87.6631224353,POINT (-87.663122435349 41.925330555308)
be7d83fa3bfb700e0d8a809868ca454d147874ebf64c4245a5859bbdfe1a452c5af0b55ccb944b047743278fbf45d59cc1da5ac5a1ed06277791c90a3f32e97b,,05/26/2023 11:59:00 AM,15,NO CONTROLS,NO CONTROLS,CLEAR,DAYLIGHT,SIDESWIPE SAME DIRECTION,PARKING LOT,,STRAIGHT AND LEVEL,DRY,NO DEFECTS,NOT ON SCENE (DESK REPORT),NO INJURY / DRIVE AWAY,,,,"OVER $1,500",05/26/2023 05:43:00 PM,NOT APPLICABLE,NOT APPLICABLE,5829,S,ARCHER AVE,814,,,,,,,2,NO INDICATION OF INJURY,0,0,0,0,0,0,2,11,6,5,41.7960196245,-87.7596833672,POINT (-87.759683367185 41.796019624453)
782023ab991e9aa7d88b710ee21a88268d133366dd0d3f8c639b5cddef903d70c548b8c6c4a667d4d4b70076f612a87b1ed458820616714047e216234456a427,,05/25/2023 07:15:00 AM,30,STOP SIGN/FLASHER,FUNCTIONING PROPERLY,CLEAR,DAYLIGHT,TURNING,T-INTERSECTION,,STRAIGHT AND LEVEL,DRY,NO DEFECTS,NOT ON SCENE (DESK REPORT),NO INJURY / DRIVE AWAY,Y,,Y,"OVER $1,500",05/25/2023 08:25:00 AM,FAILING TO YIELD RIGHT-OF-WAY,NOT APPLICABLE,202,N,PULASKI RD,1114,Y,,,,,,2,NO INDICATION OF INJURY,0,0,0,0,0,0,2,7,5,5,41.8834667174,-87.7258955623,POINT (-87.725895562326 41.883466717407)
0ea88dd48c3310d8873309dccac070fb99dae20cc85fb7b8cc8a19d7dff7a975ad00a9746da8a8e6dd2627f40e7940a1bcf51d083a0384c98931c879b700f13a,,05/24/2023 09:00:00 PM,35,NO CONTROLS,NO CONTROLS,CLEAR,"DARKNESS, LIGHTED ROAD",PARKED MOTOR VEHICLE,ONE-WAY,,STRAIGHT AND LEVEL,DRY,NO DEFECTS,NOT ON SCENE (DESK REPORT),NO INJURY / DRIVE AWAY,,,,"OVER $1,500",05/24/2023 09:50:00 PM,UNABLE TO DETERMINE,NOT APPLICABLE,250,E,DELAWARE PL,1833,,,,,,,2,NO INDICATION OF INJURY,0,0,0,0,0,0,4,21,4,5,41.8993821157,-87.6198948981,POINT (-87.619894898078 41.899382115675)
a86cd08d5afec67d631f34c03f9cfa8ac2161f3fd3313d0ae541bb700f47793715a1ee60cf84d8784d94c7ec3d64a7d0120deba869303a96770310dde5e46da2,,05/20/2023 09:50:00 PM,30,UNKNOWN,UNKNOWN,UNKNOWN,UNKNOWN,REAR END,NOT DIVIDED,,STRAIGHT AND LEVEL,UNKNOWN,UNKNOWN,NOT ON SCENE (DESK REPORT),NO INJURY / DRIVE AWAY,,,,"OVER $1,500",05/22/2023 08:10:00 PM,UNABLE TO DETERMINE,UNABLE TO DETERMINE,663,S,COLUMBUS DR,114,,,,,,,2,NO INDICATION OF INJURY,0,0,0,0,0,0,2,21,7,5,41.8732430276,-87.6204275783,POINT (-87.620427578349 41.873243027637)
4c2af4cc8eaf15d5fdc47bcad39f2ad3a7dc0d67060c034e837204ce82db700c1dcf37f3dda3c1a6921af3e8a82e515075e916f60e2f9cfa58f16dc992ca46d7,,05/18/2023 06:55:00 PM,25,NO CONTROLS,NO CONTROLS,CLEAR,DAYLIGHT,ANGLE,NOT DIVIDED,,STRAIGHT AND LEVEL,DRY,NO DEFECTS,ON SCENE,INJURY AND / OR TOW DUE TO CRASH,,,,"OVER $1,500",05/18/2023 06:55:00 PM,UNABLE TO DETERMINE,UNABLE TO DETERMINE,6259,W,BELMONT AVE,2511,,,,,,,2,NO INDICATION OF INJURY,0,0,0,0,0,0,4,18,5,5,41.938245949,-87.7833814982,POINT (-87.783381498167 41.938245949027)
8139fb0ef1f1b700b82936bf803cff29fbff373f234b8daab4911603818b66bb842358f15ecb5a56af3cebe9a7e761d59f80d179b07e90e35f3ba7ed7ef961df,,05/18/2023 10:35:00 AM,30,NO CONTROLS,NO CONTROLS,CLEAR,DAYLIGHT,TURNING,NOT DIVIDED,,STRAIGHT AND LEVEL,DRY,NO DEFECTS,NOT ON SCENE (DESK REPORT),INJURY AND / OR TOW DUE TO CRASH,,,,"OVER $1,500",05/18/2023 10:41:00 AM,FAILING TO YIELD RIGHT-OF-WAY,FAILING TO REDUCE SPEED TO AVOID CRASH,4626,W,LAWRENCE AVE,1712,,,,,,,2,NONINCAPACITATING INJURY,1,0,0,1,0,0,1,10,5,5,41.9681795017,-87.7440620375,POINT (-87.744062037452 41.968179501715)
84995ed3a38bfb417994f00c4ae536cd3be1b2c05937f549c0bd579ea57ab839bc7e94e5564eb93bd09198c463c966a3bdcf281323ed79ac9b700e8543987dde,,05/14/2023 06:15:00 PM,30,TRAFFIC SIGNAL,FUNCTIONING PROPERLY,CLEAR,DAYLIGHT,REAR END,NOT DIVIDED,,STRAIGHT AND LEVEL,DRY,NO DEFECTS,NOT ON SCENE (DESK REPORT),NO INJURY / DRIVE AWAY,,,Y,"$501 - $1,500",05/14/2023 06:52:00 PM,FOLLOWING TOO CLOSELY,FOLLOWING TOO CLOSELY,727,E,111TH ST,531,,,,,,,2,NO INDICATION OF INJURY,0,0,0,0,0,0,3,18,1,5,41.6927233639,-87.6045058667,POINT (-87.60450586672 41.692723363896)
5facb146da11e6dd401c1006a2afa8beb8a0fdcaaceb088de8b05946e8b059fb91b32d49412eb726e5aac0967e7ac2494c43d47efb700c6ad375290cd88e1745,,05/12/2023 08:32:00 PM,25,UNKNOWN,UNKNOWN,RAIN,DARKNESS,REAR END,UNKNOWN,,STRAIGHT AND LEVEL,UNKNOWN,UNKNOWN,NOT ON SCENE (DESK REPORT),INJURY AND / OR TOW DUE TO CRASH,,,,"OVER $1,500",05/13/2023 04:15:00 PM,UNABLE TO DETERMINE,NOT APPLICABLE,3340,S,COTTAGE GROVE AVE,211,,,,,,,2,NO INDICATION OF INJURY,0,0,0,0,0,0,2,20,6,5,41.8335662681,-87.6116819248,POINT (-87.61168192479 41.833566268062)
e8fed5ef1901c94f9936a4108f264e39d0b5ecf580b5a6cf5a357e071e5ad8d30d3b93f9fcfe63a2b47c18a4a4ee0bc8114ffd2086523daaa9c4cace3b700251,,05/10/2023 10:30:00 PM,30,TRAFFIC SIGNAL,FUNCTIONING PROPERLY,CLEAR,"DARKNESS, LIGHTED ROAD",REAR END,ONE-WAY,,STRAIGHT AND LEVEL,DRY,NO DEFECTS,NOT ON SCENE (DESK REPORT),NO INJURY / DRIVE AWAY,,,,"$501 - $1,500",05/10/2023 11:10:00 PM,FAILING TO REDUCE SPEED TO AVOID CRASH,FAILING TO REDUCE SPEED TO AVOID CRASH,165,W,MADISON ST,122,,,,,,,3,NO INDICATION OF INJURY,0,0,0,0,0,0,3,22,4,5,41.8818452291,-87.6328152698,POINT (-87.6328152698 41.881845229081)
de1941598a4ab2e9ded018a4842554f7611385ebac118e7df01c4a9d3661b9d80f83c4a435bb2456b11b8a64d0b2e327b92376dd7b700336157ec43d607c4091,Y,05/08/2023 09:00:00 AM,20,UNKNOWN,UNKNOWN,UNKNOWN,UNKNOWN,PARKED MOTOR VEHICLE,UNKNOWN,,STRAIGHT AND LEVEL,UNKNOWN,UNKNOWN,NOT ON SCENE (DESK REPORT),NO INJURY / DRIVE AWAY,,,Y,"OVER $1,500",05/08/2023 10:45:00 AM,UNABLE TO DETERMINE,NOT APPLICABLE,9800,S,VAN VLISSINGEN RD,431,,,,,,,2,NO INDICATION OF INJURY,0,0,0,0,0,0,1,9,2,5,41.7169805075,-87.5757614516,POINT (-87.575761451573 41.71698050746)
e5dcd01c3d0d7c10bbe30ab68130be9ddd821ad980b1b7007b91182db770cbfccd559876b2136c948318672b86aff5d5500d6dcff39003b1637867afc3e2b35a,,05/05/2023 03:30:00 PM,15,NO CONTROLS,NO CONTROLS,CLEAR,DAYLIGHT,PARKED MOTOR VEHICLE,PARKING LOT,,STRAIGHT AND LEVEL,DRY,NO DEFECTS,NOT ON SCENE (DESK REPORT),NO INJURY / DRIVE AWAY,,Y,,"OVER $1,500",05/05/2023 06:30:00 PM,DRIVING SKILLS/KNOWLEDGE/EXPERIENCE,DRIVING SKILLS/KNOWLEDGE/EXPERIENCE,2333,W,GRAND AVE,1221,,,,,,,2,NO INDICATION OF INJURY,0,0,0,0,0,0,1,15,6,5,41.8905693554,-87.6855742485,POINT (-87.685574248532 41.890569355413)
df63b4f09fdd1ed93674ebad5c0b4d3e2819b4effd97060278b20b7000822840f892ed4650b2a7c573aa153b07ace3541006ba7593e41f61b02a7d9324f283fe,,05/04/2023 03:30:00 PM,10,NO CONTROLS,NO CONTROLS,CLEAR,DAYLIGHT,PARKED MOTOR VEHICLE,PARKING LOT,,STRAIGHT AND LEVEL,DRY,NO DEFECTS,NOT ON SCENE (DESK REPORT),NO INJURY / DRIVE AWAY,,,,"OVER $1,500",05/04/2023 06:00:00 PM,IMPROPER BACKING,UNABLE TO DETERMINE,3535,E,114TH ST,433,,,,,,,2,NO INDICATION OF INJURY,0,0,0,0,0,0,1,15,5,5,41.6881094044,-87.5375500983,POINT (-87.537550098331 41.688109404432)
33737e28aa180b3f6136f6bad0f0b738526d40c976c73a9fde78f0a60bffb81649f24350e6921399da73e7cf8667222b700c5186fefe53e978e81e9baada866a,,05/04/2023 12:00:00 PM,30,NO CONTROLS,NO CONTROLS,CLEAR,DAYLIGHT,PARKED MOTOR VEHICLE,NOT DIVIDED,,STRAIGHT AND LEVEL,DRY,NO DEFECTS,NOT ON SCENE (DESK REPORT),NO INJURY / DRIVE AWAY,,,,"OVER $1,500",05/04/2023 12:30:00 PM,DRIVING SKILLS/KNOWLEDGE/EXPERIENCE,NOT APPLICABLE,167,N,GREEN ST,1224,,,,,,,2,NO INDICATION OF INJURY,0,0,0,0,0,0,1,12,5,5,41.8850441767,-87.6484759072,POINT (-87.64847590715 41.885044176659)
098cce62e064310c7d669edd44c4e33c949dfdbef3c42f7d6bcb7004a94cf6b5483bbb239a77590d9db56a4c36713f6de4b2b43a08467b2266a5e409a728b7ac,,05/03/2023 10:30:00 PM,30,TRAFFIC SIGNAL,FUNCTIONING PROPERLY,CLEAR,"DARKNESS, LIGHTED ROAD",REAR END,NOT DIVIDED,,STRAIGHT AND LEVEL,DRY,NO DEFECTS,NOT ON SCENE (DESK REPORT),NO INJURY / DRIVE AWAY,,,Y,"OVER $1,500",05/04/2023 06:55:00 PM,NOT APPLICABLE,NOT APPLICABLE,7601,S,CICERO AVE,833,,,,,,,3,NO INDICATION OF INJURY,0,0,0,0,0,0,5,22,4,5,41.7546601244,-87.7413847586,POINT (-87.741384758605 41.754660124394)
6a63f2ebfff974b910f0ebd95f079a3c17e88f6fe629e5f348b6b7b7003da8d291f40b281d447c5d631fefd5892730f452376b42c431df488550cce13431c4ef,Y,05/02/2023 11:30:00 AM,30,NO CONTROLS,NO CONTROLS,CLEAR,DAYLIGHT,TURNING,DIVIDED - W/MEDIAN BARRIER,,STRAIGHT AND LEVEL,DRY,UNKNOWN,ON SCENE,INJURY AND / OR TOW DUE TO CRASH,Y,,,"$501 - $1,500",05/02/2023 11:30:00 AM,UNABLE TO DETERMINE,NOT APPLICABLE,1598,E,76TH PL,411,,,,,,,2,NO INDICATION OF INJURY,0,0,0,0,0,0,2,11,3,5,41.7561456529,-87.5856996803,POINT (-87.585699680326 41.756145652878)
5af1ecaa2b70026a13076874fcb03d414924944569f474bc24df3aca20f495f2560bab0dabd6128022fe4f5300b89abf3b7b085f1819a28df061bb91ed2b641b,,04/30/2023 11:15:00 AM,30,TRAFFIC SIGNAL,FUNCTIONING PROPERLY,RAIN,DAYLIGHT,TURNING,FOUR WAY,,STRAIGHT AND LEVEL,WET,UNKNOWN,ON SCENE,NO INJURY / DRIVE AWAY,Y,,,"OVER $1,500",04/30/2023 11:17:00 AM,IMPROPER TURNING/NO SIGNAL,NOT APPLICABLE,2,N,HAMLIN BLVD,1122,,Y,,,,,2,NO INDICATION OF INJURY,0,0,0,0,0,0,3,11,1,4,41.8808414769,-87.7209021846,POINT (-87.720902184578 41.880841476944)
b336255808a7f8f6b4fe004e0eb700904e6922c3e459ead5c6f535540c69efe178d0a4c17f0068d12006b17d66f7a5f788032b95e15bad4950181fa095c5fc64,,04/28/2023 07:50:00 PM,30,NO CONTROLS,NO CONTROLS,CLEAR,"DARKNESS, LIGHTED ROAD",PARKED MOTOR VEHICLE,DIVIDED - W/MEDIAN BARRIER,,STRAIGHT AND LEVEL,DRY,NO DEFECTS,ON SCENE,INJURY AND / OR TOW DUE TO CRASH,,,,"OVER $1,500",04/28/2023 07:54:00 PM,IMPROPER BACKING,NOT APPLICABLE,9711,S,HALSTED ST,2223,,,,,,,2,NO INDICATION OF INJURY,0,0,0,0,0,0,1,19,6,4,41.7173813091,-87.6429542437,POINT (-87.642954243736 41.717381309138)
cf9dd39a64284aab70066e2fee73607fa410e36664d028784d315ef561d1bef04316269db40d9e6c40198957687df001352d3a84e45fe14668422a8ec17135a3,,04/25/2023 06:10:00 PM,25,NO CONTROLS,NO CONTROLS,UNKNOWN,UNKNOWN,SIDESWIPE SAME DIRECTION,NOT DIVIDED,,STRAIGHT AND LEVEL,UNKNOWN,UNKNOWN,NOT ON SCENE (DESK REPORT),NO INJURY / DRIVE AWAY,,,Y,"$501 - $1,500",05/01/2023 07:15:00 PM,UNABLE TO DETERMINE,NOT APPLICABLE,1600,N,ELSTON AVE,1433,,,,,,,2,NO INDICATION OF INJURY,0,0,0,0,0,0,2,18,3,4,41.9107069969,-87.6623272446,POINT (-87.662327244597 41.910706996881)
e1a8d59b6d00cd58b9a7723aa48f8d1396c557b5c5102d24363100b9d15b87f92f4f587384955739384f23352cfb98fc5fb65efcdf51e035339b70033705a1a8,,04/24/2023 06:00:00 PM,30,TRAFFIC SIGNAL,FUNCTIONING PROPERLY,CLEAR,DAYLIGHT,REAR END,NOT DIVIDED,,STRAIGHT AND LEVEL,DRY,NO DEFECTS,NOT ON SCENE (DESK REPORT),NO INJURY / DRIVE AWAY,,,,"$501 - $1,500",04/24/2023 07:15:00 PM,UNABLE TO DETERMINE,NOT APPLICABLE,5139,N,BROADWAY,2033,,,,,,,2,NO INDICATION OF INJURY,0,0,0,0,0,0,2,18,2,4,41.9757632746,-87.6597044603,POINT (-87.659704460264 41.975763274613)
bb70054595fdde2246c10917ba8b6c3a23dabda844a3106fca63c0f0c5107090c62516631858c2b0a5f869281b0b4c5fa5b1b49491bffa256196324ca7f37e01,,04/21/2023 09:15:00 PM,30,UNKNOWN,UNKNOWN,CLEAR,DARKNESS,REAR END,NOT DIVIDED,,STRAIGHT AND LEVEL,DRY,NO DEFECTS,ON SCENE,NO INJURY / DRIVE AWAY,,,,$500 OR LESS,04/21/2023 09:24:00 PM,UNABLE TO DETERMINE,UNABLE TO DETERMINE,5528,W,BELMONT AVE,1633,Y,Y,,,,,2,NO INDICATION OF INJURY,0,0,0,0,0,0,2,21,6,4,41.9387005711,-87.7652093773,POINT (-87.765209377257 41.938700571113)
ce528d3c821b06cac3b7c1358141f96467fe7998119b8a50f863279f9bb3f6fcd5824363da2ade8ab70071449e772d7ae25155dba9629f682de36dfab26ae327,,04/21/2023 05:54:00 PM,30,NO CONTROLS,NO CONTROLS,UNKNOWN,UNKNOWN,REAR END,NOT DIVIDED,,STRAIGHT AND LEVEL,UNKNOWN,UNKNOWN,NOT ON SCENE (DESK REPORT),NO INJURY / DRIVE AWAY,,,,"OVER $1,500",04/21/2023 06:00:00 PM,FOLLOWING TOO CLOSELY,NOT APPLICABLE,3237,W,ADDISON ST,1733,,,,,,,2,NO INDICATION OF INJURY,0,0,0,0,0,0,2,17,6,4,41.9465027516,-87.7093723077,POINT (-87.709372307657 41.946502751634)
813f3d4679c3a01982d8e9a8728ff2a3a400da95cd5a794b7003e5bc228d4e676f5afcd87bd8da35987a395efb7de07a2fcc9b87f80155a7340aaebc842349c1,,04/21/2023 03:00:00 PM,30,STOP SIGN/FLASHER,NO CONTROLS,CLEAR,DAYLIGHT,PEDALCYCLIST,ONE-WAY,,STRAIGHT AND LEVEL,DRY,NO DEFECTS,NOT ON SCENE (DESK REPORT),NO INJURY / DRIVE AWAY,,,,"$501 - $1,500",04/21/2023 03:45:00 PM,FAILING TO YIELD RIGHT-OF-WAY,UNABLE TO DETERMINE,720,E,SOLIDARITY DR,132,,,,,,,2,NO INDICATION OF INJURY,0,0,0,0,0,0,2,15,6,4,41.8665630261,-87.6108628295,POINT (-87.610862829506 41.866563026051)
09d30f93a15a2871708e4925c7ccae84ababdfca7440dadf95614c0c237fc1c01f3c2e53e93a85e7d34a30783b6d419e49d811c3e1c14dd839fbb48cb700e759,,04/21/2023 08:40:00 AM,35,OTHER,NO CONTROLS,CLEAR,DAYLIGHT,PEDESTRIAN,NOT DIVIDED,,STRAIGHT AND LEVEL,DRY,NO DEFECTS,NOT ON SCENE (DESK REPORT),INJURY AND / OR TOW DUE TO CRASH,,,,$500 OR LESS,04/21/2023 05:50:00 PM,UNABLE TO DETERMINE,UNABLE TO DETERMINE,820,N,LA SALLE DR,1832,,,,,,,2,INCAPACITATING INJURY,1,0,1,0,0,0,1,8,6,4,41.8972543989,-87.6328683616,POINT (-87.632868361606 41.897254398892)
eb5003e4db0c016b8d1e0181495cff2b31b700c560b71009e6ee32957fc55ac46039afe3187d5c5594541047516b204f325237793904f1fdb7741d779a11c905,,04/20/2023 08:07:00 AM,30,STOP SIGN/FLASHER,FUNCTIONING PROPERLY,CLEAR,DAYLIGHT,SIDESWIPE SAME DIRECTION,NOT DIVIDED,,STRAIGHT AND LEVEL,DRY,NO DEFECTS,NOT ON SCENE (DESK REPORT),NO INJURY / DRIVE AWAY,,,,"$501 - $1,500",04/20/2023 09:05:00 AM,UNABLE TO DETERMINE,UNABLE TO DETERMINE,4505,S,DREXEL BLVD,222,,,,,,,2,NO INDICATION OF INJURY,0,0,0,0,0,0,2,8,5,4,41.8130049512,-87.6038228993,POINT (-87.603822899265 41.813004951227)
de74d07c482d4a333c712a7df97081507f55898ac275bfb700ccca855910c9c9d2dde6b0ad8d840a06bc0eeeee8c255bf78db0eab0b7408fe92209dbd9e18066,,04/18/2023 04:10:00 PM,30,STOP SIGN/FLASHER,UNKNOWN,CLEAR,DAYLIGHT,ANGLE,UNKNOWN INTERSECTION TYPE,,STRAIGHT AND LEVEL,DRY,NO DEFECTS,NOT ON SCENE (DESK REPORT),NO INJURY / DRIVE AWAY,Y,,,"OVER $1,500",04/18/2023 05:00:00 PM,UNABLE TO DETERMINE,UNABLE TO DETERMINE,6300,S,VERNON AVE,312,,,,,,,2,NO INDICATION OF INJURY,0,0,0,0,0,0,3,16,3,4,41.7801680427,-87.6145559297,POINT (-87.614555929706 41.780168042655)
643d85c75c074974b700e12e51cb13170b45e512e7043f1c966e5d223d522f62bf31b04f9aa9be764b42bcb83fb5a8c3119d87fa3ae3667e4fe6a9eabbc387ca,,04/14/2023 09:30:00 AM,30,NO CONTROLS,UNKNOWN,CLEAR,DAYLIGHT,FIXED OBJECT,DIVIDED - W/MEDIAN (NOT RAISED),,STRAIGHT AND LEVEL,DRY,"RUT, HOLES",ON SCENE,INJURY AND / OR TOW DUE TO CRASH,,,,"OVER $1,500",04/14/2023 09:35:00 AM,ROAD ENGINEERING/SURFACE/MARKING DEFECTS,NOT APPLICABLE,401,N,WESTERN AVE,1221,,,,,,,1,INCAPACITATING INJURY,1,0,1,0,0,0,0,9,6,4,41.8886807441,-87.6864752496,POINT (-87.686475249591 41.888680744051)
aa7c56c46a433f2942a1fb1b92470cf29a11a467dada1f4804f4d4bf1593c3dd317e5a51b3b4de3a4b7003e2026467ab7618a6124a70fa97c4140b59bc5864ec,,04/12/2023 03:00:00 PM,30,NO CONTROLS,NO CONTROLS,CLEAR,DAYLIGHT,REAR END,NOT DIVIDED,,STRAIGHT AND LEVEL,DRY,NO DEFECTS,NOT ON SCENE (DESK REPORT),NO INJURY / DRIVE AWAY,,,Y,"$501 - $1,500",04/12/2023 04:25:00 PM,UNABLE TO DETERMINE,UNABLE TO DETERMINE,13000,S,INDIANA AVE,533,,,,,,,3,NO INDICATION OF INJURY,0,0,0,0,0,0,3,15,4,4,41.6590092158,-87.6174479065,POINT (-87.617447906473 41.659009215787)