CRASH_RECORD_ID,CRASH_DATE_EST_I,CRASH_DATE,POSTED_SPEED_LIMIT,TRAFFIC_CONTROL_DEVICE,DEVICE_CONDITION,WEATHER_CONDITION,LIGHTING_CONDITION,FIRST_CRASH_TYPE,TRAFFICWAY_TYPE,LANE_CNT,ALIGNMENT,ROADWAY_SURFACE_COND,ROAD_DEFECT,REPORT_TYPE,CRASH_TYPE,INTERSECTION_RELATED_I,NOT_RIGHT_OF_WAY_I,HIT_AND_RUN_I,DAMAGE,DATE_POLICE_NOTIFIED,PRIM_CONTRIBUTORY_CAUSE,SEC_CONTRIBUTORY_CAUSE,STREET_NO,STREET_DIRECTION,STREET_NAME,BEAT_OF_OCCURRENCE,PHOTOS_TAKEN_I,STATEMENTS_TAKEN_I,DOORING_I,WORK_ZONE_I,WORK_ZONE_TYPE,WORKERS_PRESENT_I,NUM_UNITS,MOST_SEVERE_INJURY,INJURIES_TOTAL,INJURIES_FATAL,INJURIES_INCAPACITATING,INJURIES_NON_INCAPACITATING,INJURIES_REPORTED_NOT_EVIDENT,INJURIES_UNKNOWN,INJURIES_NO_INDICATION,CRASH_HOUR,CRASH_DAY_OF_WEEK,CRASH_MONTH,LATITUDE,LONGITUDE,LOCATION
e79e8b889f8355fb9905494de2cb09ef39c8de67dea6250d2b4b8a2314ab0f5196ce4bdba6b7007afe9e55289ddb78c45cdfc7d00f73d81796dcfa63e1036734,,04/12/2023 12:10:00 PM,10,NO CONTROLS,NO CONTROLS,CLEAR,DAYLIGHT,SIDESWIPE SAME DIRECTION,ROUNDABOUT,,STRAIGHT AND LEVEL,DRY,NO DEFECTS,NOT ON SCENE (DESK REPORT),NO INJURY / DRIVE AWAY,Y,N,,"OVER $1,500",04/12/2023 01:50:00 PM,UNABLE TO DETERMINE,UNABLE TO DETERMINE,1801,W,TAYLOR ST,1231,,,,,,,2,NO INDICATION OF INJURY,0,0,0,0,0,0,2,12,4,4,41.8690832526,-87.6715316916,POINT (-87.671531691578 41.869083252589)
9352eefecb1b7004d711f9bb2777891ff1cf2729b2b0228dc9b15e213c90cab9cc8c5a556845bc7bcfb7c0134d9100b3a6387766c42e20778799af2e2933337d,,04/12/2023 07:00:00 AM,30,NO CONTROLS,NO CONTROLS,CLEAR,DARKNESS,PARKED MOTOR VEHICLE,ONE-WAY,,STRAIGHT AND LEVEL,DRY,NO DEFECTS,NOT ON SCENE (DESK REPORT),NO INJURY / DRIVE AWAY,,,Y,"OVER $1,500",04/12/2023 12:40:00 PM,NOT APPLICABLE,NOT APPLICABLE,8126,S,DREXEL AVE,631,,,,,,,2,NO INDICATION OF INJURY,0,0,0,0,0,0,1,7,4,4,41.7468213773,-87.6027740528,POINT (-87.602774052813 41.746821377295)
c94b700d779527460a7d7c4cd118dc87c6ee55367c2948bbb20bf57a823e0f216c50613a5cb4de2fafa21c2f1cb7b4eeb682bd722ccf01c815602c00839f05be,Y,04/10/2023 12:42:00 PM,30,NO CONTROLS,NO CONTROLS,CLEAR,DAYLIGHT,ANGLE,DIVIDED - W/MEDIAN (NOT RAISED),,STRAIGHT AND LEVEL,DRY,UNKNOWN,ON SCENE,INJURY AND / OR TOW DUE TO CRASH,,,,"OVER $1,500",04/10/2023 12:42:00 PM,UNABLE TO DETERMINE,UNABLE TO DETERMINE,5249,W,MADISON ST,1522,,Y,,,,,2,INCAPACITATING INJURY,2,0,2,0,0,0,2,12,2,4,41.8802386326,-87.7570019699,POINT (-87.757001969894 41.880238632579)
43ac303c700eb14c10dcafbd92ef05c45d737b8c45afca1b1bfd2b9b35d221d37bf8b700a52da7caa980d134b53df284612af1dd2b9fb5b3cb5d05adf860eba8,Y,04/09/2023 09:32:00 PM,30,NO CONTROLS,NO CONTROLS,CLEAR,DARKNESS,TURNING,NOT DIVIDED,,STRAIGHT AND LEVEL,DRY,NO DEFECTS,ON SCENE,INJURY AND / OR TOW DUE TO CRASH,,,Y,"OVER $1,500",04/09/2023 10:49:00 PM,UNABLE TO DETERMINE,NOT APPLICABLE,4030,W,63RD ST,813,,,,,,,2,NO INDICATION OF INJURY,0,0,0,0,0,0,2,21,1,4,41.7787511551,-87.7239235817,POINT (-87.723923581682 41.778751155123)
fd7512814f9c25216fb7fbf1ddb700676e285530223478a3bf97df2a75b6a8784bb8802b41874a7200a9ee11643c73b090852c00c3aca17d9846d589dd2e0528,,04/04/2023 06:37:00 PM,30,TRAFFIC SIGNAL,FUNCTIONING PROPERLY,RAIN,"DARKNESS, LIGHTED ROAD",REAR END,DIVIDED - W/MEDIAN (NOT RAISED),,STRAIGHT AND LEVEL,WET,NO DEFECTS,NOT ON SCENE (DESK REPORT),INJURY AND / OR TOW DUE TO CRASH,,,Y,"OVER $1,500",04/04/2023 08:15:00 PM,FAILING TO REDUCE SPEED TO AVOID CRASH,NOT APPLICABLE,6000,N,HARLEM AVE,1612,,,,,,,2,NONINCAPACITATING INJURY,1,0,0,1,0,0,1,18,3,4,41.990101454,-87.8070184018,POINT (-87.807018401784 41.990101454023)
34c36971e2154197d129e9b26d3aebbccc3a88cae0fb5ec488c184633ca48962aa43d3a9c5fe1ad66e8222b66e37a1d1b700ca3617982ac7c5e2e50d48470002,,04/01/2023 10:20:00 PM,30,TRAFFIC SIGNAL,FUNCTIONING PROPERLY,CLEAR,"DARKNESS, LIGHTED ROAD",REAR END,DIVIDED - W/MEDIAN (NOT RAISED),,STRAIGHT AND LEVEL,DRY,NO DEFECTS,NOT ON SCENE (DESK REPORT),NO INJURY / DRIVE AWAY,,,,"OVER $1,500",04/01/2023 11:30:00 PM,UNABLE TO DETERMINE,UNABLE TO DETERMINE,9100,S,HALSTED ST,2223,,,,,,,2,NO INDICATION OF INJURY,0,0,0,0,0,0,5,22,7,4,41.7286742838,-87.6435580466,POINT (-87.643558046563 41.728674283825)
0715d29190ae04525412f635e2a6cce258cd62b34de8bc4a2b7005994bec3e9c79ace60e38ddc571667d3d46b0e23f0b9f8fbb0dcd8bd339e80b8d50e983f722,,03/28/2023 06:50:00 PM,30,NO CONTROLS,NO CONTROLS,CLEAR,DAYLIGHT,ANGLE,NOT DIVIDED,,STRAIGHT AND LEVEL,DRY,NO DEFECTS,NOT ON SCENE (DESK REPORT),NO INJURY / DRIVE AWAY,,,Y,"OVER $1,500",03/29/2023 08:23:00 AM,UNABLE TO DETERMINE,NOT APPLICABLE,2400,S,PULASKI RD,1013,,,,,,,2,NO INDICATION OF INJURY,0,0,0,0,0,0,4,18,3,3,41.8478576488,-87.7247953052,POINT (-87.724795305234 41.847857648831)
8260913d97358ecff16d3c011e8209f262800e88fb6577514169f59e6d10742f2af819cbc126ccd0dfe3d4b377ddb9ae091b700c225315fb4647dccfa86a736a,,03/25/2023 04:50:00 AM,45,NO CONTROLS,NO CONTROLS,RAIN,"DARKNESS, LIGHTED ROAD",FIXED OBJECT,DIVIDED - W/MEDIAN BARRIER,,STRAIGHT AND LEVEL,WET,UNKNOWN,ON SCENE,INJURY AND / OR TOW DUE TO CRASH,,,,"OVER $1,500",03/25/2023 04:50:00 AM,ROAD ENGINEERING/SURFACE/MARKING DEFECTS,WEATHER,860,N,LAKE SHORE DR,1833,,,,,,,1,NO INDICATION OF INJURY,0,0,0,0,0,0,1,4,7,3,41.8983811242,-87.6182880172,POINT (-87.618288017243 41.898381124242)
57dc52db40b0234cd16d3f1c0ec01d79a725f427866865f6922ad693fdcdba3847ad8bc16834d18bb70011fdfc4b01b1909c8101e1da2294d3a62ae9e239d82e,,03/22/2023 10:30:00 AM,0,NO CONTROLS,NO CONTROLS,CLOUDY/OVERCAST,DAYLIGHT,TURNING,PARKING LOT,,CURVE ON GRADE,DRY,NO DEFECTS,ON SCENE,NO INJURY / DRIVE AWAY,Y,Y,Y,"OVER $1,500",03/22/2023 10:30:00 AM,IMPROPER TURNING/NO SIGNAL,FAILING TO REDUCE SPEED TO AVOID CRASH,1900,W,JACKSON BLVD,1225,,,,,,,2,NO INDICATION OF INJURY,0,0,0,0,0,0,2,10,4,3,41.8776116582,-87.6742278678,POINT (-87.674227867806 41.877611658237)
36bc82a30b8e73c4edc900707a9a5dcc0790b86dbc8579776fa7badfe38710192d1c2b700de0fcd684e0d1025f63c9d04fed96e65f619d8e42aba5a902042575,,03/21/2023 10:15:00 AM,30,NO CONTROLS,NO CONTROLS,CLEAR,DAYLIGHT,PARKED MOTOR VEHICLE,PARKING LOT,,STRAIGHT AND LEVEL,DRY,NO DEFECTS,NOT ON SCENE (DESK REPORT),NO INJURY / DRIVE AWAY,,,,"OVER $1,500",03/21/2023 10:55:00 AM,UNABLE TO DETERMINE,NOT APPLICABLE,6333,S,SANGAMON ST,723,,,,,,,2,NO INDICATION OF INJURY,0,0,0,0,0,0,1,10,3,3,41.7786428182,-87.6482543539,POINT (-87.648254353923 41.778642818166)
51ef10af78a71cb2b7f1ff68670499322badc0e9138be1fa0234c0a4423d99764e658332039d76a1b37575afb61a073ac9e2eff8dfc879f9bb700d2aa8fdcf59,,03/19/2023 02:21:00 AM,30,NO CONTROLS,NO CONTROLS,CLEAR,"DARKNESS, LIGHTED ROAD",SIDESWIPE OPPOSITE DIRECTION,NOT DIVIDED,,STRAIGHT AND LEVEL,DRY,NO DEFECTS,ON SCENE,INJURY AND / OR TOW DUE TO CRASH,,,,"OVER $1,500",03/19/2023 02:32:00 AM,UNABLE TO DETERMINE,NOT APPLICABLE,799,E,RAINEY DR,233,,,,,,,2,NONINCAPACITATING INJURY,1,0,0,1,0,0,4,2,1,3,,,
3fbba37045bb2f29b4c4ff2c65731b34583f600b5f91f4e7fd72c93ca5cc65f6eb7007147a802168b2d310ca0a94720fc60849b32c8a4f9c1fcd233cca85af05,,03/16/2023 03:18:00 PM,30,TRAFFIC SIGNAL,FUNCTIONING PROPERLY,CLEAR,DAYLIGHT,REAR END,NOT DIVIDED,,STRAIGHT AND LEVEL,UNKNOWN,UNKNOWN,NOT ON SCENE (DESK REPORT),NO INJURY / DRIVE AWAY,,,,"OVER $1,500",03/16/2023 09:35:00 PM,UNABLE TO DETERMINE,UNABLE TO DETERMINE,8301,S,CICERO AVE,834,,,,,,,2,NO INDICATION OF INJURY,0,0,0,0,0,0,3,15,5,3,41.741803599,-87.740953582,POINT (-87.740953581987 41.741803598989)
1ede1c9ac5bce5447b700b1f69dede50082b18484de7049997b848346e54b525e05a72d0b6311f10ca115e070d11b214b60ab041fd9fb60f45f98dd63ae3f9c3,,03/12/2023 03:30:00 PM,30,NO CONTROLS,NO CONTROLS,FREEZING RAIN/DRIZZLE,DAYLIGHT,OTHER OBJECT,DIVIDED - W/MEDIAN (NOT RAISED),,STRAIGHT AND LEVEL,WET,NO DEFECTS,NOT ON SCENE (DESK REPORT),NO INJURY / DRIVE AWAY,,,,"$501 - $1,500",03/12/2023 04:00:00 PM,UNABLE TO DETERMINE,UNABLE TO DETERMINE,400,S,CENTRAL AVE,1513,,,,,,,1,NO INDICATION OF INJURY,0,0,0,0,0,0,1,15,1,3,41.8746800919,-87.7648039799,POINT (-87.764803979943 41.874680091945)
61df08621848ba1eaed6d620fed0bcc33bd45a24c412f88b4ef77968454fc86971269572b700268be546c0bfb8fe976837722970876f33200686ebc046230128,,03/12/2023 01:00:00 AM,40,NO CONTROLS,NO CONTROLS,SNOW,"DARKNESS, LIGHTED ROAD",REAR END,DIVIDED - W/MEDIAN BARRIER,,"CURVE, LEVEL",WET,NO DEFECTS,ON SCENE,INJURY AND / OR TOW DUE TO CRASH,,,Y,"OVER $1,500",03/12/2023 01:11:00 AM,UNABLE TO DETERMINE,NOT APPLICABLE,1000,N,LAKE SHORE DR SB,1824,,,,,,,2,NO INDICATION OF INJURY,0,0,0,0,0,0,3,1,1,3,41.9009589191,-87.6199281737,POINT (-87.619928173678 41.900958919109)
9bde07dbb1a2e81db70258ed92103a94ff6ceabb5ff28f7f3e109753badb700a8329de4574beb4b809eb399a3bad25802de33181997286a95ef53753413b8e8d,,03/10/2023 03:35:00 PM,30,NO CONTROLS,NO CONTROLS,CLEAR,DAYLIGHT,SIDESWIPE SAME DIRECTION,NOT DIVIDED,,STRAIGHT AND LEVEL,DRY,NO DEFECTS,NOT ON SCENE (DESK REPORT),NO INJURY / DRIVE AWAY,,,Y,"OVER $1,500",03/11/2023 09:30:00 AM,IMPROPER OVERTAKING/PASSING,NOT APPLICABLE,1443,N,DAYTON ST,1822,,,,,,,2,NO INDICATION OF INJURY,0,0,0,0,0,0,2,15,6,3,41.9076292075,-87.6492765547,POINT (-87.649276554667 41.90762920748)
3aa991b325c7455c69162dd028b44bb99ba2ab3d810a229abb8241f019af54daa0dd7634423cbb1d644e7b7006abeefcf2d74b779b8469675ce9962a7621a6b6,,03/10/2023 03:15:00 PM,30,STOP SIGN/FLASHER,FUNCTIONING PROPERLY,CLEAR,UNKNOWN,SIDESWIPE SAME DIRECTION,DIVIDED - W/MEDIAN (NOT RAISED),,STRAIGHT AND LEVEL,UNKNOWN,UNKNOWN,NOT ON SCENE (DESK REPORT),NO INJURY / DRIVE AWAY,,,,"OVER $1,500",03/10/2023 05:45:00 PM,DISREGARDING STOP SIGN,UNABLE TO DETERMINE,4527,S,KEDZIE AVE,922,,,,,,,2,NO INDICATION OF INJURY,0,0,0,0,0,0,2,15,6,3,41.8109004469,-87.7039348434,POINT (-87.703934843437 41.810900446921)
7ac2c2b03f6b9a445985c64633c18c36a8aa7da572a4498e0033b22bfdfa32a72c1e4f524e0336eff1f835112b700e874a5479c97911bfb31ad7fa3600fb3bbd,,03/10/2023 02:30:00 PM,30,NO CONTROLS,NO CONTROLS,CLEAR,DAYLIGHT,PARKED MOTOR VEHICLE,NOT DIVIDED,,STRAIGHT AND LEVEL,WET,UNKNOWN,NOT ON SCENE (DESK REPORT),NO INJURY / DRIVE AWAY,,,Y,$500 OR LESS,03/10/2023 06:42:00 PM,UNABLE TO DETERMINE,UNABLE TO DETERMINE,10339,S,DR MARTIN LUTHER KING JR DR,512,,,,,,,2,NO INDICATION OF INJURY,0,0,0,0,0,0,1,14,6,3,41.7061496637,-87.6135907264,POINT (-87.613590726391 41.706149663737)
cfb700863f54f8048430c24decbcc00ae9deefd49117dc02f0f1d069b5ba3b7a5da160f89ac27d9a93154a45dfab0fc8708ec07b33021fc0b690a0f50d54045b,,03/09/2023 10:59:00 PM,15,NO CONTROLS,NO CONTROLS,FREEZING RAIN/DRIZZLE,"DARKNESS, LIGHTED ROAD",SIDESWIPE SAME DIRECTION,DIVIDED - W/MEDIAN BARRIER,,STRAIGHT AND LEVEL,WET,NO DEFECTS,ON SCENE,INJURY AND / OR TOW DUE TO CRASH,,,,"OVER $1,500",03/09/2023 11:03:00 PM,UNABLE TO DETERMINE,NOT APPLICABLE,707,W,71ST ST,732,,,,,,,2,NO INDICATION OF INJURY,0,0,0,0,0,0,2,22,5,3,41.7651340833,-87.6418376099,POINT (-87.641837609861 41.765134083316)
fce8d0340f36b1adeb11aa442579d60867d5931b4ebb700be36c59282f497bc65844268790c81f38bb8824404730348b7d2dec2917e6a0136215e7b7aed38465,,03/08/2023 10:44:00 AM,30,TRAFFIC SIGNAL,FUNCTIONING PROPERLY,CLEAR,DAYLIGHT,ANGLE,FOUR WAY,,STRAIGHT AND LEVEL,DRY,NO DEFECTS,ON SCENE,INJURY AND / OR TOW DUE TO CRASH,Y,,Y,"OVER $1,500",03/08/2023 10:46:00 AM,DISREGARDING TRAFFIC SIGNALS,FAILING TO REDUCE SPEED TO AVOID CRASH,2200,W,103RD ST,2213,,,,,,,2,NO INDICATION OF INJURY,0,0,0,0,0,0,4,10,4,3,41.7065613277,-87.676851327,POINT (-87.67685132698 41.706561327738)
fb0ce7a6edbf0244bb8a2a6c03019d0b846986040ba10a5118aafa098b40dcbbdc349743ef9bc5e3d34e5db0f7eb3a97c70e3b700951ccce6a423922c85cb60e,,02/28/2023 12:05:00 PM,30,TRAFFIC SIGNAL,FUNCTIONING PROPERLY,CLEAR,DAYLIGHT,ANGLE,NOT DIVIDED,,STRAIGHT AND LEVEL,DRY,NO DEFECTS,NOT ON SCENE (DESK REPORT),NO INJURY / DRIVE AWAY,Y,,,"OVER $1,500",02/28/2023 12:51:00 PM,FAILING TO YIELD RIGHT-OF-WAY,FAILING TO YIELD RIGHT-OF-WAY,3641,W,83RD PL,834,,,,,,,2,NO INDICATION OF INJURY,0,0,0,0,0,0,2,12,3,2,41.741285236,-87.7136866566,POINT (-87.713686656648 41.741285236049)
219cdcf82f9a599f324ad91584c8078c56a59926146bef91c1991b7008193f71afc78b9c67cf19a8845742064a67fb5ffa1cb159a63b7080bc658d2caca4071d,,02/27/2023 11:05:00 AM,30,TRAFFIC SIGNAL,UNKNOWN,CLEAR,DAYLIGHT,ANGLE,FOUR WAY,,STRAIGHT AND LEVEL,DRY,NO DEFECTS,ON SCENE,INJURY AND / OR TOW DUE TO CRASH,Y,,,"OVER $1,500",02/27/2023 11:06:00 AM,DISREGARDING OTHER TRAFFIC SIGNS,FAILING TO YIELD RIGHT-OF-WAY,3400,W,FRANKLIN BLVD,1121,,,,,,,2,"REPORTED, NOT EVIDENT",2,0,0,0,2,0,0,11,2,2,41.8901255743,-87.7113962215,POINT (-87.711396221469 41.890125574252)
fdc018be0dc192320ab959b0d39f8f6e926dd0b1026e7b7007b7f7a797d60015d68c55232fcd2c8f00de7208e33f9e357db5d9c6baf9be926dee0284c6d89025,,02/27/2023 11:00:00 AM,30,NO CONTROLS,NO CONTROLS,RAIN,DAYLIGHT,SIDESWIPE SAME DIRECTION,NOT DIVIDED,,STRAIGHT AND LEVEL,WET,NO DEFECTS,NOT ON SCENE (DESK REPORT),NO INJURY / DRIVE AWAY,,,,"OVER $1,500",02/27/2023 11:23:00 AM,UNABLE TO DETERMINE,UNABLE TO DETERMINE,3640,W,MONTROSE AVE,1723,,,,,,,2,NO INDICATION OF INJURY,0,0,0,0,0,0,2,11,2,2,41.9611573776,-87.7197169858,POINT (-87.719716985816 41.961157377647)
bae5015ff0c7334e4b7009bc800899a04f880ddb045565c8fe1b72dec6055c9cd8493a365cdd33a01cbc7cac9da7ba49ba9787c0b894ef19522fb88766c0f81d,,02/27/2023 10:07:00 AM,30,STOP SIGN/FLASHER,NO CONTROLS,RAIN,DAYLIGHT,HEAD ON,FOUR WAY,,STRAIGHT AND LEVEL,WET,NO DEFECTS,ON SCENE,NO INJURY / DRIVE AWAY,Y,,,"OVER $1,500",02/27/2023 10:07:00 AM,"DISTRACTION - OTHER ELECTRONIC DEVICE (NAVIGATION DEVICE, DVD PLAYER, ETC.)","DISTRACTION - OTHER ELECTRONIC DEVICE (NAVIGATION DEVICE, DVD PLAYER, ETC.)",1701,W,35TH ST,912,,,,,,,2,NO INDICATION OF INJURY,0,0,0,0,0,0,2,10,2,2,41.8303636184,-87.668011956,POINT (-87.668011955971 41.830363618422)
4b450a61963947484be74b6000ad32b2b189980146c81e39e93ba755e1719fa0380b18008d4ebe5aab39597d9cac1055b700353be96984564a19656e7b8f2f61,,02/24/2023 11:50:00 PM,30,STOP SIGN/FLASHER,FUNCTIONING PROPERLY,SNOW,"DARKNESS, LIGHTED ROAD",ANGLE,NOT DIVIDED,,STRAIGHT AND LEVEL,ICE,NO DEFECTS,ON SCENE,INJURY AND / OR TOW DUE TO CRASH,Y,,,"OVER $1,500",02/24/2023 11:54:00 PM,WEATHER,WEATHER,631,W,OHARE ST,1654,,Y,,,,,2,NO INDICATION OF INJURY,0,0,0,0,0,0,2,23,6,2,,,
671d0b5c9d1e248ee9ad2b0b01012331f189d3072c07ccf591d68a42b942fbb30cfdc5a8ecfdb700530ce2413ada88cfe7e3cf17680e60427c54cd8e36dd0ad7,,02/24/2023 12:19:00 PM,30,TRAFFIC SIGNAL,FUNCTIONING PROPERLY,CLEAR,DAYLIGHT,SIDESWIPE SAME DIRECTION,TRAFFIC ROUTE,,STRAIGHT AND LEVEL,DRY,NO DEFECTS,NOT ON SCENE (DESK REPORT),NO INJURY / DRIVE AWAY,Y,,,$500 OR LESS,02/24/2023 03:30:00 PM,IMPROPER OVERTAKING/PASSING,DRIVING SKILLS/KNOWLEDGE/EXPERIENCE,351,N,LA SALLE DR,1831,,,,,,,2,NO INDICATION OF INJURY,0,0,0,0,0,0,2,12,6,2,41.8888820971,-87.6323686529,POINT (-87.632368652911 41.888882097146)
4781585f9ef7f2231b3e246913c710d1c1c655217fbf4114e413fcb700375c7df1e15b2e31ec449859286cf3a42d0901da1be82215273cdc541c46920319207c,,02/17/2023 04:50:00 PM,30,STOP SIGN/FLASHER,FUNCTIONING PROPERLY,UNKNOWN,UNKNOWN,ANGLE,ONE-WAY,,STRAIGHT AND LEVEL,UNKNOWN,UNKNOWN,NOT ON SCENE (DESK REPORT),NO INJURY / DRIVE AWAY,Y,,Y,"OVER $1,500",02/17/2023 07:51:00 PM,DISREGARDING STOP SIGN,NOT APPLICABLE,2319,N,SACRAMENTO AVE,1414,,,,,,,2,NO INDICATION OF INJURY,0,0,0,0,0,0,2,16,6,2,41.923910889,-87.7021459997,POINT (-87.702145999712 41.923910889014)
65d48c33ea3cc8b469b700e97ddd0faaa32991d511e4bae1bd21d0084b27964f0fe564c802f5a9533e44eaa78385d7ff39d570cc38e9add4eea89f8416d5cfd9,,02/17/2023 08:47:00 AM,30,NO CONTROLS,NO CONTROLS,FREEZING RAIN/DRIZZLE,DAYLIGHT,REAR END,ONE-WAY,,STRAIGHT AND LEVEL,ICE,NO DEFECTS,NOT ON SCENE (DESK REPORT),NO INJURY / DRIVE AWAY,,,,$500 OR LESS,02/17/2023 10:00:00 AM,UNABLE TO DETERMINE,UNABLE TO DETERMINE,4917,N,WOLCOTT AVE,2032,,,,,,,2,NO INDICATION OF INJURY,0,0,0,0,0,0,2,8,6,2,41.9711645105,-87.6761297664,POINT (-87.676129766374 41.971164510471)
5178cd65f2b903ab6434aa0b0af110e719e87afbdf28cc5bfa65dcc277266ef91eac60b700653618174f3cacaaf4376b39dd067b42561853d7a0c0bfdeff4f8f,,02/16/2023 05:20:00 PM,30,NO CONTROLS,NO CONTROLS,SNOW,"DARKNESS, LIGHTED ROAD",REAR END,DIVIDED - W/MEDIAN (NOT RAISED),,STRAIGHT AND LEVEL,SNOW OR SLUSH,NO DEFECTS,ON SCENE,NO INJURY / DRIVE AWAY,N,N,N,"$501 - $1,500",02/16/2023 05:27:00 PM,WEATHER,WEATHER,6255,W,MONTROSE AVE,1624,N,N,,N,,,2,NO INDICATION OF INJURY,0,0,0,0,0,0,2,17,5,2,41.9601425846,-87.7840746424,POINT (-87.784074642423 41.960142584574)
c5b70043d0dd42d3b4be3ad07f1942223564c3116d85560a2e427ab9efa035de4ade5bc557a45c07ee4df968d955e14c234897277feabfd840f61a1972e15faa,,02/16/2023 04:15:00 PM,30,NO CONTROLS,NO CONTROLS,SNOW,DARKNESS,OTHER OBJECT,NOT DIVIDED,,STRAIGHT AND LEVEL,WET,OTHER,NOT ON SCENE (DESK REPORT),NO INJURY / DRIVE AWAY,,,,"$501 - $1,500",02/16/2023 06:50:00 PM,NOT APPLICABLE,NOT APPLICABLE,3949,W,71ST ST,833,,,,,,,1,NO INDICATION OF INJURY,0,0,0,0,0,0,2,16,5,2,41.7639936646,-87.7220803637,POINT (-87.722080363682 41.763993664614)
e7783b036632827bd4c033b700b802f01f4efd8de3316ef65711e72a60393536a2a9c7f8c2ce1fdd896c5e1c5e46022442712c9c345fc243f557c5155246c36e,,02/13/2023 03:46:00 AM,30,NO CONTROLS,NO CONTROLS,CLEAR,"DARKNESS, LIGHTED ROAD",PARKED MOTOR VEHICLE,DIVIDED - W/MEDIAN (NOT RAISED),,STRAIGHT AND LEVEL,DRY,NO DEFECTS,,NO INJURY / DRIVE AWAY,,,Y,"OVER $1,500",02/13/2023 09:35:00 AM,DRIVING ON WRONG SIDE/WRONG WAY,DRIVING ON WRONG SIDE/WRONG WAY,7328,S,DAMEN AVE,735,,,,,,,2,NO INDICATION OF INJURY,0,0,0,0,0,0,1,3,2,2,41.7602703887,-87.6735608584,POINT (-87.673560858449 41.760270388735)
2c3f20d466039712a6f9096c242408d9c3ab96d7056db4e3f33429e505d4b72d2075bdedc238c2412b7138f5d07616fe8cb63488203a95cb700e56eb73104555,,02/11/2023 01:45:00 PM,30,NO CONTROLS,NO CONTROLS,CLEAR,DAYLIGHT,TURNING,FOUR WAY,,STRAIGHT AND LEVEL,DRY,NO DEFECTS,ON SCENE,NO INJURY / DRIVE AWAY,Y,,Y,"OVER $1,500",02/11/2023 01:50:00 PM,"OPERATING VEHICLE IN ERRATIC, RECKLESS, CARELESS, NEGLIGENT OR AGGRESSIVE MANNER",FAILING TO REDUCE SPEED TO AVOID CRASH,4032,W,LAWRENCE AVE,1712,,,,,,,2,NO INDICATION OF INJURY,0,0,0,0,0,0,2,13,7,2,41.9683362947,-87.7294019856,POINT (-87.72940198559 41.96833629472)
56d8b30a143cb707bc7a6a7379c06f3a46e3502130fa5c339941931114412feb824e069e9db700606f69e4eb586c43d97a58e4fcf572cab0f2c01d5616c14bc4,,02/10/2023 05:22:00 PM,30,UNKNOWN,UNKNOWN,UNKNOWN,UNKNOWN,PARKED MOTOR VEHICLE,PARKING LOT,,STRAIGHT AND LEVEL,UNKNOWN,UNKNOWN,NOT ON SCENE (DESK REPORT),NO INJURY / DRIVE AWAY,,Y,,"OVER $1,500",02/10/2023 06:00:00 PM,UNABLE TO DETERMINE,UNABLE TO DETERMINE,6300,S,STATE ST,312,,,,,,,2,NO INDICATION OF INJURY,0,0,0,0,0,0,1,17,6,2,41.7800082774,-87.6255225119,POINT (-87.625522511916 41.780008277408)
7d26c6b9e66faa44e0581aa26c29705aac39781c08e5b18df47bf092e09ec32fd77667523f7b06fbfe3559d6cdd1eeb741638b700e1ff066862d798d3b2f2ab2,,02/09/2023 04:14:00 AM,20,NO CONTROLS,NO CONTROLS,RAIN,"DARKNESS, LIGHTED ROAD",PARKED MOTOR VEHICLE,ONE-WAY,,STRAIGHT AND LEVEL,WET,UNKNOWN,ON SCENE,INJURY AND / OR TOW DUE TO CRASH,,,Y,"OVER $1,500",02/09/2023 04:20:00 AM,UNABLE TO DETERMINE,UNABLE TO DETERMINE,5416,S,ROCKWELL ST,923,,,,,,,3,NO INDICATION OF INJURY,0,0,0,0,0,0,1,4,5,2,41.795022665,-87.6891051455,POINT (-87.689105145495 41.795022664958)
a77830593206fedb57b89f1e9b1828a0866dd01c424bdee167924a2a90a9decc6d93637d7c7e0b700f4690598617dc9edf5d0d4136d61e7604045b4fa387614e,,02/05/2023 06:30:00 PM,30,NO CONTROLS,NO CONTROLS,CLEAR,DARKNESS,PARKED MOTOR VEHICLE,ONE-WAY,,STRAIGHT AND LEVEL,DRY,NO DEFECTS,,NO INJURY / DRIVE AWAY,,,,"OVER $1,500",02/05/2023 07:03:00 PM,IMPROPER BACKING,UNABLE TO DETERMINE,3362,N,NARRAGANSETT AVE,1632,,,,,,,3,NO INDICATION OF INJURY,0,0,0,0,0,0,1,18,1,2,41.9419440702,-87.7863553127,POINT (-87.786355312714 41.941944070222)
842b700ceccca9bd17e9a049f0555bbae03d97ed472bcd1e4752a24fe564896c06678515b5980bc011cf11e27ef89c3ff6aeb74509a36580fcc82184b3498956,,02/01/2023 06:00:00 PM,20,STOP SIGN/FLASHER,FUNCTIONING PROPERLY,UNKNOWN,UNKNOWN,REAR END,ONE-WAY,,STRAIGHT AND LEVEL,UNKNOWN,UNKNOWN,NOT ON SCENE (DESK REPORT),NO INJURY / DRIVE AWAY,,,,$500 OR LESS,02/01/2023 06:30:00 PM,UNABLE TO DETERMINE,NOT APPLICABLE,6259,S,KOLMAR AVE,813,,,,,,,2,NO INDICATION OF INJURY,0,0,0,0,0,0,2,18,4,2,41.7785948316,-87.7360413492,POINT (-87.736041349181 41.778594831621)