CRASH_RECORD_ID,CRASH_DATE_EST_I,CRASH_DATE,POSTED_SPEED_LIMIT,TRAFFIC_CONTROL_DEVICE,DEVICE_CONDITION,WEATHER_CONDITION,LIGHTING_CONDITION,FIRST_CRASH_TYPE,TRAFFICWAY_TYPE,LANE_CNT,ALIGNMENT,ROADWAY_SURFACE_COND,ROAD_DEFECT,REPORT_TYPE,CRASH_TYPE,INTERSECTION_RELATED_I,NOT_RIGHT_OF_WAY_I,HIT_AND_RUN_I,DAMAGE,DATE_POLICE_NOTIFIED,PRIM_CONTRIBUTORY_CAUSE,SEC_CONTRIBUTORY_CAUSE,STREET_NO,STREET_DIRECTION,STREET_NAME,BEAT_OF_OCCURRENCE,PHOTOS_TAKEN_I,STATEMENTS_TAKEN_I,DOORING_I,WORK_ZONE_I,WORK_ZONE_TYPE,WORKERS_PRESENT_I,NUM_UNITS,MOST_SEVERE_INJURY,INJURIES_TOTAL,INJURIES_FATAL,INJURIES_INCAPACITATING,INJURIES_NON_INCAPACITATING,INJURIES_REPORTED_NOT_EVIDENT,INJURIES_UNKNOWN,INJURIES_NO_INDICATION,CRASH_HOUR,CRASH_DAY_OF_WEEK,CRASH_MONTH,LATITUDE,LONGITUDE,LOCATION
ef5a6983759eb62e0b16140f3aa387310fc32ef60094fc5289e4fa78f06096ecb700585f0a58d107982d8ceb4315a95f5e1b0590637a1f24249636f1d41b5212,,01/31/2023 09:10:00 AM,30,NO CONTROLS,NO CONTROLS,CLEAR,DAYLIGHT,SIDESWIPE SAME DIRECTION,NOT DIVIDED,,STRAIGHT AND LEVEL,DRY,NO DEFECTS,NOT ON SCENE (DESK REPORT),NO INJURY / DRIVE AWAY,,,,"OVER $1,500",01/31/2023 09:47:00 AM,IMPROPER LANE USAGE,NOT APPLICABLE,150,W,NORTH AVE,1814,,,,,,,2,NO INDICATION OF INJURY,0,0,0,0,0,0,2,9,3,1,41.9112717612,-87.6336677288,POINT (-87.633667728817 41.911271761156)
4db23520949021474c48c932a13bd4ffba01f455931eed78db70021aaef3a04cc9bc759a3ff8c6c8358469739c41d08e1001fe5802114dbcb5d7c272ce325544,,01/25/2023 01:30:00 PM,25,NO CONTROLS,NO CONTROLS,SNOW,DAYLIGHT,REAR END,DIVIDED - W/MEDIAN (NOT RAISED),,STRAIGHT AND LEVEL,WET,UNKNOWN,NOT ON SCENE (DESK REPORT),NO INJURY / DRIVE AWAY,,,Y,"OVER $1,500",01/25/2023 02:05:00 PM,UNABLE TO DETERMINE,UNABLE TO DETERMINE,2941,W,25TH ST,1033,,,,,,,2,NO INDICATION OF INJURY,0,0,0,0,0,0,2,13,4,1,41.846292496,-87.6994237039,POINT (-87.699423703877 41.846292496042)
42f0ef5697d32b907ee71790b16eec8e53883c3e458b07a13728b5c26e3c083b700dac67e171fe43c810c518f121b8863c631432f87bb2360b58e0764005fd23,Y,01/23/2023 02:10:00 PM,20,NO CONTROLS,NO CONTROLS,CLEAR,DAYLIGHT,SIDESWIPE SAME DIRECTION,DIVIDED - W/MEDIAN (NOT RAISED),,STRAIGHT AND LEVEL,DRY,NO DEFECTS,NOT ON SCENE (DESK REPORT),NO INJURY / DRIVE AWAY,,,Y,"$501 - $1,500",01/24/2023 12:40:00 PM,UNABLE TO DETERMINE,NOT APPLICABLE,300,N,CLARK ST,1831,,,,,,,2,NO INDICATION OF INJURY,0,0,0,0,0,0,2,14,2,1,41.887493173,-87.6311694862,POINT (-87.631169486163 41.887493173012)
ce93caa3c6cb52dbbc738c3c43a55c143ef30b066f6053405e2c57f85fdb70028da360557448bf7b5aee13b518a29a8a2f8a5a185fb556037a8eebe6f732f92a,,01/21/2023 10:30:00 AM,30,NO CONTROLS,NO CONTROLS,CLEAR,DAYLIGHT,PARKED MOTOR VEHICLE,DIVIDED - W/MEDIAN (NOT RAISED),,STRAIGHT AND LEVEL,DRY,NO DEFECTS,NOT ON SCENE (DESK REPORT),NO INJURY / DRIVE AWAY,,,,"OVER $1,500",01/21/2023 03:10:00 PM,IMPROPER TURNING/NO SIGNAL,UNABLE TO DETERMINE,2636,N,KIMBALL AVE,1412,,,,,,,2,NO INDICATION OF INJURY,0,0,0,0,0,0,1,10,7,1,41.9294989593,-87.7123775791,POINT (-87.712377579066 41.92949895935)
9ac9d47514e5e54f33af9e592c1b7008399d3921a8b006a978e3a73cc5985216d262daa42c68b4f9db1bbbbac09c29d0bc9b37ec5c6f08c51fd53d8d6d34950d,Y,01/20/2023 07:00:00 AM,30,NO CONTROLS,UNKNOWN,CLEAR,UNKNOWN,PARKED MOTOR VEHICLE,ONE-WAY,,STRAIGHT AND LEVEL,DRY,UNKNOWN,NOT ON SCENE (DESK REPORT),NO INJURY / DRIVE AWAY,,,Y,"OVER $1,500",01/22/2023 10:35:00 AM,UNABLE TO DETERMINE,NOT APPLICABLE,2350,N,CLIFTON AVE,1811,,,,,,,2,NO INDICATION OF INJURY,0,0,0,0,0,0,1,7,6,1,41.9249921905,-87.6573828622,POINT (-87.657382862238 41.924992190472)
e6c4cb96876a2fbf2e5e21f976e8e06148aebfc9c57e559f9b70078e8377d70e2402db59f412c7a868f13d3a44f880c599228a53384886189ec5302a1b1b18ee,,01/19/2023 06:30:00 PM,40,NO CONTROLS,NO CONTROLS,RAIN,"DARKNESS, LIGHTED ROAD",FIXED OBJECT,DIVIDED - W/MEDIAN BARRIER,,CURVE ON GRADE,WET,NO DEFECTS,ON SCENE,INJURY AND / OR TOW DUE TO CRASH,,,,"OVER $1,500",01/19/2023 06:40:00 PM,WEATHER,NOT APPLICABLE,500,N,LAKE SHORE DR SB,1834,,,,,,,1,NO INDICATION OF INJURY,0,0,0,0,0,0,1,18,5,1,41.8911470717,-87.6143750572,POINT (-87.61437505723 41.89114707171)
2a835465f0630d528d78e0db014c48eac9c0685acfe79df423ab39c27262275aecbc19c2eab8cf2ea3ad6e6bffda777b10fe7c52c5dc38baedb70075c18b50c8,,01/18/2023 01:30:00 PM,30,NO CONTROLS,NO CONTROLS,CLEAR,DAYLIGHT,REAR END,DIVIDED - W/MEDIAN BARRIER,,STRAIGHT AND LEVEL,DRY,NO DEFECTS,NOT ON SCENE (DESK REPORT),NO INJURY / DRIVE AWAY,,,Y,"OVER $1,500",01/18/2023 02:05:00 PM,FAILING TO REDUCE SPEED TO AVOID CRASH,UNABLE TO DETERMINE,2535,S,MICHIGAN AVE,133,,,,,,,2,NO INDICATION OF INJURY,0,0,0,0,0,0,2,13,4,1,41.8464393539,-87.6233154877,POINT (-87.623315487692 41.846439353896)
33763aaaf7ab011dcf525baeb22d624c73136b9ae1d749b700aa32972d1bd74d9eb62e0aa715ffbfd5ad5b1cab62310c0af218a649a0c2b0a7c92da4abab3f92,,01/16/2023 12:11:00 PM,30,NO CONTROLS,NO CONTROLS,RAIN,DAYLIGHT,ANGLE,NOT DIVIDED,,STRAIGHT AND LEVEL,WET,NO DEFECTS,NOT ON SCENE (DESK REPORT),INJURY AND / OR TOW DUE TO CRASH,,,,"OVER $1,500",01/16/2023 02:41:00 PM,FAILING TO YIELD RIGHT-OF-WAY,NOT APPLICABLE,1032,N,KOSTNER AVE,1111,,,,,,,2,"REPORTED, NOT EVIDENT",1,0,0,0,1,0,3,12,2,1,41.8998157321,-87.7362179271,POINT (-87.736217927095 41.899815732062)
f3b561567f81df7faa46d781d4e0c14065fb5e5712b700bdbd652a5e8794b3c4157aba3199bb8091602df0f00ddfa875934038a3174562196df6177920ce4f0d,,01/15/2023 06:30:00 PM,30,NO CONTROLS,NO CONTROLS,CLEAR,DAYLIGHT,PARKED MOTOR VEHICLE,NOT DIVIDED,,STRAIGHT AND LEVEL,DRY,NO DEFECTS,NOT ON SCENE (DESK REPORT),NO INJURY / DRIVE AWAY,,,,"$501 - $1,500",01/25/2023 11:45:00 AM,UNABLE TO DETERMINE,NOT APPLICABLE,3037,N,CLARK ST,1934,,,,,,,2,NO INDICATION OF INJURY,0,0,0,0,0,0,1,18,1,1,41.9374330971,-87.6484648261,POINT (-87.64846482614 41.937433097057)
fbaf6da42e4f90203c6fa2d7241a092ac04021f3444ced69b44f649f14aa29a2946087cbd39e1f1dd92808eba53062bb700356a8f5f381ffcff95739099c4c29,Y,01/14/2023 03:30:00 PM,30,TRAFFIC SIGNAL,FUNCTIONING PROPERLY,CLEAR,DAYLIGHT,SIDESWIPE SAME DIRECTION,DIVIDED - W/MEDIAN (NOT RAISED),,STRAIGHT AND LEVEL,DRY,NO DEFECTS,NOT ON SCENE (DESK REPORT),NO INJURY / DRIVE AWAY,,,,"OVER $1,500",01/14/2023 03:30:00 PM,UNABLE TO DETERMINE,NOT APPLICABLE,800,E,79TH ST,624,,,,,,,2,NO INDICATION OF INJURY,0,0,0,0,0,0,2,15,7,1,41.7513967014,-87.6051546581,POINT (-87.605154658072 41.751396701356)
af8bfe40057edd5882ac35be73dfda8a0cb5d2c4872402942b70010f58c1433f9061b54dc25f8eb8e1ac4936e1b802542499b4391c1345a312ca4e72712e3ab4,,01/13/2023 07:57:00 PM,30,TRAFFIC SIGNAL,FUNCTIONING PROPERLY,SNOW,DARKNESS,TURNING,FOUR WAY,,STRAIGHT AND LEVEL,WET,NO DEFECTS,ON SCENE,INJURY AND / OR TOW DUE TO CRASH,Y,,,"OVER $1,500",01/13/2023 07:57:00 PM,IMPROPER TURNING/NO SIGNAL,NOT APPLICABLE,7099,S,RACINE AVE,733,,Y,,,,,2,NONINCAPACITATING INJURY,4,0,0,4,0,0,0,19,6,1,41.7651500055,-87.6539714881,POINT (-87.653971488107 41.765150005549)
d51b00295247acfa37f9abdce5b0612ef02293c5111453a3d4d7ffa316bcc2d91224cc169087d8f5d1d09d725874ca4bfd1c365b700e1676ece5a2f1a2b4df97,,01/12/2023 06:26:00 PM,30,NO CONTROLS,NO CONTROLS,CLEAR,"DARKNESS, LIGHTED ROAD",HEAD ON,DIVIDED - W/MEDIAN (NOT RAISED),,STRAIGHT AND LEVEL,DRY,UNKNOWN,ON SCENE,INJURY AND / OR TOW DUE TO CRASH,,,,"OVER $1,500",01/12/2023 06:26:00 PM,PHYSICAL CONDITION OF DRIVER,NOT APPLICABLE,1099,W,95TH ST,2223,,Y,,,,,2,NONINCAPACITATING INJURY,1,0,0,1,0,0,1,18,5,1,41.7212599491,-87.6506150542,POINT (-87.650615054229 41.721259949135)
320ce422a43024849a7378883136d751ae08219383b02e590c66884e6b1c0826301c4d3ec9db5bd9187b700cb53c7774ee9ed38ae1345f3500948961cdaaa6e3,,01/12/2023 05:12:00 PM,30,TRAFFIC SIGNAL,FUNCTIONING PROPERLY,CLEAR,DAYLIGHT,PARKED MOTOR VEHICLE,NOT DIVIDED,,STRAIGHT AND LEVEL,DRY,NO DEFECTS,ON SCENE,NO INJURY / DRIVE AWAY,,,,$500 OR LESS,01/12/2023 05:18:00 PM,UNABLE TO DETERMINE,UNABLE TO DETERMINE,8713,S,COTTAGE GROVE AVE,632,,Y,,,,,2,NO INDICATION OF INJURY,0,0,0,0,0,0,1,17,5,1,41.7362273302,-87.6046646497,POINT (-87.604664649669 41.736227330189)
fed853ee044670c8d4c51ff1dc082c5835436bec13185eff2ac6b6f2b17cb8178b7006ea083200329624aa369e6a3c6afbf5a2600319a7791435aeb279c65f34,,01/11/2023 07:00:00 PM,30,NO CONTROLS,NO CONTROLS,UNKNOWN,"DARKNESS, LIGHTED ROAD",PARKED MOTOR VEHICLE,NOT DIVIDED,,STRAIGHT AND LEVEL,UNKNOWN,UNKNOWN,NOT ON SCENE (DESK REPORT),NO INJURY / DRIVE AWAY,,,Y,"OVER $1,500",01/12/2023 09:10:00 AM,UNABLE TO DETERMINE,UNABLE TO DETERMINE,1407,N,KOSTNER AVE,2534,,,,,,,2,NO INDICATION OF INJURY,0,0,0,0,0,0,1,19,4,1,41.9063861492,-87.7361000464,POINT (-87.736100046411 41.906386149182)
3f61bee2cfd60c0543a7cf5b5fa0c713520fc306695f005cd7372a534b7a446d1a24aa2866f095fbdfa9cb89ec3ecd6990cf863567b7008e12a0c2350e7d0d39,,01/10/2023 03:15:00 PM,30,TRAFFIC SIGNAL,FUNCTIONING PROPERLY,CLEAR,DAYLIGHT,SIDESWIPE SAME DIRECTION,DIVIDED - W/MEDIAN (NOT RAISED),,STRAIGHT AND LEVEL,DRY,NO DEFECTS,ON SCENE,INJURY AND / OR TOW DUE TO CRASH,,,,"OVER $1,500",01/10/2023 03:25:00 PM,IMPROPER LANE USAGE,UNABLE TO DETERMINE,3158,W,87TH ST,835,,,,,,,2,NO INDICATION OF INJURY,0,0,0,0,0,0,3,15,3,1,41.7353273444,-87.7015504726,POINT (-87.701550472618 41.735327344387)
4be0c3ea6eae0a793741a7fd1beb700d41c496b5b81f552773bae24d94f90b8c6d64c333f85ac3036a4f520347c6511fc933169fe41b3ff58dbc0a127105a4af,,01/06/2023 07:00:00 AM,25,NO CONTROLS,NO CONTROLS,CLEAR,"DARKNESS, LIGHTED ROAD",PARKED MOTOR VEHICLE,NOT DIVIDED,,STRAIGHT AND LEVEL,DRY,NO DEFECTS,NOT ON SCENE (DESK REPORT),NO INJURY / DRIVE AWAY,,,Y,"$501 - $1,500",01/06/2023 12:40:00 PM,NOT APPLICABLE,NOT APPLICABLE,2600,W,70TH ST,831,,,,,,,2,NO INDICATION OF INJURY,0,0,0,0,0,0,1,7,6,1,41.7665470802,-87.6882483472,POINT (-87.68824834721 41.766547080229)
e4b5ab1ce63cfcbd14fc38070ed5315a8e44ca7ba16f78cb353587c3f507ed10fe7ae3b700689c0503f47bdad23c0cb6937ad5131977b7bc1b4c63c83ef10f8b,,01/05/2023 01:00:00 PM,10,NO CONTROLS,NO CONTROLS,CLEAR,DAYLIGHT,PEDESTRIAN,OTHER,,STRAIGHT AND LEVEL,DRY,NO DEFECTS,ON SCENE,INJURY AND / OR TOW DUE TO CRASH,,,Y,"OVER $1,500",01/05/2023 01:00:00 PM,FAILING TO YIELD RIGHT-OF-WAY,NOT APPLICABLE,1835,W,HARRISON ST,1231,,,,,,,2,INCAPACITATING INJURY,1,0,1,0,0,0,1,13,5,1,41.8739879533,-87.6729974093,POINT (-87.672997409337 41.873987953314)
ea4fe18f2dd503e77c7fcefb30c3107aecd06e317eb6e5e8adb700fb5f6938527e066a4abe78a85f68a086706b9379569b07ba9d0e96bd89932fd27626ac1387,,01/03/2023 10:58:00 PM,35,NO CONTROLS,NO CONTROLS,RAIN,"DARKNESS, LIGHTED ROAD",PARKED MOTOR VEHICLE,NOT DIVIDED,,STRAIGHT AND LEVEL,WET,UNKNOWN,ON SCENE,INJURY AND / OR TOW DUE TO CRASH,,,Y,"OVER $1,500",01/03/2023 10:58:00 PM,UNABLE TO DETERMINE,UNABLE TO DETERMINE,660,E,51ST ST,223,,,,,,,4,NO INDICATION OF INJURY,0,0,0,0,0,0,1,22,3,1,41.8023158103,-87.6089648526,POINT (-87.608964852554 41.802315810274)
e9ee62db92a305b368d0b700317b2378d98fd409c8d246413cba7c1cb6ef1b1dc9c147c1b686c66d60caf69566a4559cb0d73e3b9c605c9148d53cc01626e063,,12/28/2022 10:58:00 AM,30,TRAFFIC SIGNAL,FUNCTIONING PROPERLY,CLEAR,DAYLIGHT,REAR TO FRONT,NOT DIVIDED,,STRAIGHT AND LEVEL,DRY,NO DEFECTS,NOT ON SCENE (DESK REPORT),NO INJURY / DRIVE AWAY,Y,,Y,"OVER $1,500",12/28/2022 12:13:00 PM,IMPROPER BACKING,NOT APPLICABLE,757,N,ORLEANS ST,1831,,,,,,,2,NO INDICATION OF INJURY,0,0,0,0,0,0,2,10,4,12,41.8965031108,-87.6370235709,POINT (-87.637023570947 41.896503110759)
e82dfd9adb4d34fd920c3c6b70034342c0c81b4aa6841dc7112d213f0ee6ff58b1a15e0e88a5ca379e6ba7805ec4844ddf0430b1e4fee8bf5659e497d0994cf9,,12/27/2022 03:58:00 PM,30,STOP SIGN/FLASHER,FUNCTIONING PROPERLY,SNOW,DAYLIGHT,PARKED MOTOR VEHICLE,NOT DIVIDED,,STRAIGHT AND LEVEL,SNOW OR SLUSH,NO DEFECTS,ON SCENE,NO INJURY / DRIVE AWAY,,,Y,"OVER $1,500",12/27/2022 03:58:00 PM,"OPERATING VEHICLE IN ERRATIC, RECKLESS, CARELESS, NEGLIGENT OR AGGRESSIVE MANNER",NOT APPLICABLE,5510,S,HERMITAGE AVE,715,,,,,,,2,NO INDICATION OF INJURY,0,0,0,0,0,0,2,15,3,12,41.7932456561,-87.668363277,POINT (-87.668363276968 41.793245656051)
31ded6dbb48872a1bbcfd4dbd0397e8556c68bbe1b9ad96e43cf885c6b373851c42a4223f07e59eac95b700d9531dae127f7a3da364bfa8e16511cb76acf8b62,,12/26/2022 02:45:00 PM,30,TRAFFIC SIGNAL,FUNCTIONING PROPERLY,CLEAR,DAYLIGHT,FIXED OBJECT,DIVIDED - W/MEDIAN BARRIER,,STRAIGHT AND LEVEL,WET,NO DEFECTS,NOT ON SCENE (DESK REPORT),NO INJURY / DRIVE AWAY,,,,"OVER $1,500",01/08/2023 10:00:00 AM,UNABLE TO DETERMINE,UNABLE TO DETERMINE,501,N,LAKE SHORE DR,1834,,,,,,,1,NO INDICATION OF INJURY,0,0,0,0,0,0,1,14,2,12,41.8911703383,-87.6140992405,POINT (-87.614099240532 41.891170338344)
81eb5a02c5cb1bcefa9d40773d2ecb63c865892c2eb70006ed78d1e19e7a12c61295f9e55c3e7e22b5b94f098dd197c3e1658841d047e186da7b9d729402ceb6,,12/24/2022 12:50:00 PM,20,NO CONTROLS,NO CONTROLS,CLEAR,DAYLIGHT,REAR END,ONE-WAY,,STRAIGHT AND LEVEL,DRY,NO DEFECTS,NOT ON SCENE (DESK REPORT),NO INJURY / DRIVE AWAY,,,,"OVER $1,500",12/24/2022 01:30:00 PM,FOLLOWING TOO CLOSELY,NOT APPLICABLE,1,W,TERMINAL ST,1651,,,,,,,2,NO INDICATION OF INJURY,0,0,0,0,0,0,2,12,7,12,,,
91bbd16917cc83b3fe85e3888f3cc92a72c6fecc3091d465199dcb8e84638d09b9939ef6ce8a1b07a84533819330ef87300beb70084417018f8857261320acc0,N,12/22/2022 01:45:00 PM,30,TRAFFIC SIGNAL,UNKNOWN,SNOW,UNKNOWN,REAR END,UNKNOWN INTERSECTION TYPE,,STRAIGHT AND LEVEL,SNOW OR SLUSH,UNKNOWN,NOT ON SCENE (DESK REPORT),NO INJURY / DRIVE AWAY,Y,,Y,"$501 - $1,500",12/22/2022 03:00:00 PM,UNABLE TO DETERMINE,NOT APPLICABLE,4200,N,ASHLAND AVE,1912,,,,,,,2,NO INDICATION OF INJURY,0,0,0,0,0,0,2,13,5,12,41.9580387737,-87.6693016743,POINT (-87.669301674261 41.958038773675)
f33b5ccb0160a9c888b7000ae80bb844d9e2aa01ad8193bbbfc87e347c2ed04a7915351928b350b401c5812db8415dfbf3fc1179c822e5acd66e70c77bafbb6a,,12/19/2022 05:30:00 AM,5,NO CONTROLS,NO CONTROLS,CLEAR,"DARKNESS, LIGHTED ROAD",FIXED OBJECT,DRIVEWAY,,STRAIGHT AND LEVEL,DRY,NO DEFECTS,ON SCENE,NO INJURY / DRIVE AWAY,,,,"OVER $1,500",12/19/2022 05:50:00 AM,IMPROPER BACKING,NOT APPLICABLE,10458,S,HOXIE AVE,434,,,,,,,1,NO INDICATION OF INJURY,0,0,0,0,0,0,1,5,2,12,41.7046765325,-87.5609831664,POINT (-87.560983166353 41.704676532462)
bb44f19cb7381753a0ca7960e05b5275361c1a4ee46a305877c3feb848dfb35e75e56c5de4be2d679997bd793f4068ce62003be109ab848042bcb7003d884575,,12/16/2022 09:12:00 AM,30,STOP SIGN/FLASHER,FUNCTIONING PROPERLY,SNOW,DAYLIGHT,REAR END,NOT DIVIDED,,STRAIGHT AND LEVEL,WET,NO DEFECTS,NOT ON SCENE (DESK REPORT),NO INJURY / DRIVE AWAY,,,,"OVER $1,500",12/16/2022 02:02:00 PM,NOT APPLICABLE,NOT APPLICABLE,5758,S,RACINE AVE,713,,,,,,,2,NO INDICATION OF INJURY,0,0,0,0,0,0,2,9,6,12,41.7887956628,-87.6548855794,POINT (-87.654885579376 41.788795662816)
d4b8dfd18636c9649e0d362ced69c2b7006888bb8d2322aeaf55df7c81a52166aa2e4dc263c81502ab93144919aac6431bbe153676f2f2be8d58510cd0331751,,12/14/2022 05:20:00 PM,30,STOP SIGN/FLASHER,FUNCTIONING PROPERLY,RAIN,"DARKNESS, LIGHTED ROAD",TURNING,OTHER,,STRAIGHT AND LEVEL,WET,NO DEFECTS,ON SCENE,INJURY AND / OR TOW DUE TO CRASH,Y,,,"OVER $1,500",12/14/2022 05:21:00 PM,FAILING TO YIELD RIGHT-OF-WAY,WEATHER,1528,W,35TH ST,912,,,,,,,2,NO INDICATION OF INJURY,0,0,0,0,0,0,2,17,4,12,41.8306296145,-87.6642469034,POINT (-87.664246903355 41.830629614514)
5646dda86e234f1ce8bfa1e378bf771577b7005be140fffa305cf1250bdb1516b1f9a09f6213a72ad281346cc6c4068243f182a9ebf55ccaf7d4d6efdf257b6f,,12/14/2022 08:05:00 AM,30,NO CONTROLS,NO CONTROLS,RAIN,DAYLIGHT,ANGLE,NOT DIVIDED,,STRAIGHT AND LEVEL,WET,NO DEFECTS,,NO INJURY / DRIVE AWAY,,,,"OVER $1,500",12/14/2022 09:10:00 AM,DRIVING SKILLS/KNOWLEDGE/EXPERIENCE,NOT APPLICABLE,2042,N,CLARK ST,1814,,,,,,,2,NO INDICATION OF INJURY,0,0,0,0,0,0,4,8,4,12,41.9195958795,-87.6370125838,POINT (-87.637012583842 41.91959587954)
85070e713fa26312f063c3a4fa16efeb0aa059992e076a294054369d8b4d7ac088fb47e1a1933e1da040e8bd028af136bccfbc4d654557b9b6fa1d5bb700cf46,,12/12/2022 01:45:00 PM,30,NO CONTROLS,NO CONTROLS,CLEAR,DAYLIGHT,REAR END,NOT DIVIDED,,STRAIGHT AND LEVEL,DRY,NO DEFECTS,NOT ON SCENE (DESK REPORT),NO INJURY / DRIVE AWAY,,,Y,"$501 - $1,500",12/27/2022 02:20:00 PM,FOLLOWING TOO CLOSELY,FOLLOWING TOO CLOSELY,3570,N,ELSTON AVE,1733,,,,,,,2,NO INDICATION OF INJURY,0,0,0,0,0,0,2,13,2,12,41.946057604,-87.7082301098,POINT (-87.708230109805 41.946057604016)
42de930d9569b624b700ab41d1b9dc65a809b8bbfdafe611a3bab7a856768f031af744458c30ae7426aa461592f131a5bab668a109e2ca80c2622a00b8210d5d,,12/08/2022 06:07:00 PM,35,NO CONTROLS,NO CONTROLS,CLEAR,"DARKNESS, LIGHTED ROAD",TURNING,NOT DIVIDED,,STRAIGHT AND LEVEL,DRY,NO DEFECTS,ON SCENE,NO INJURY / DRIVE AWAY,,,,$500 OR LESS,12/08/2022 07:55:00 PM,FAILING TO YIELD RIGHT-OF-WAY,NOT APPLICABLE,536,W,ERIE ST,1831,,,,,,,2,NO INDICATION OF INJURY,0,0,0,0,0,0,2,18,5,12,41.8939918838,-87.6428499477,POINT (-87.642849947697 41.893991883801)
2300d1fd3226511598a96f57f3bb700f66c252814c01f320a08c0ddd3b178c7b849b26c100f9dede75635e1ca12664932e6215611a58dd5b1a73c44d951a407d,,12/06/2022 04:45:00 PM,30,TRAFFIC SIGNAL,FUNCTIONING PROPERLY,CLEAR,DAYLIGHT,SIDESWIPE SAME DIRECTION,NOT DIVIDED,,STRAIGHT AND LEVEL,DRY,NO DEFECTS,NOT ON SCENE (DESK REPORT),NO INJURY / DRIVE AWAY,Y,,,"OVER $1,500",12/06/2022 05:10:00 PM,UNABLE TO DETERMINE,NOT APPLICABLE,298,N,OGDEN AVE,1215,,,,,,,2,NO INDICATION OF INJURY,0,0,0,0,0,0,2,16,3,12,41.8858494344,-87.6626039739,POINT (-87.662603973878 41.885849434411)
fbeb5afcf0c5acb9884772686111372fb3aa9eb6a5f7f7feb7e7ff64b7003826496979d1894dd78b8b1056e3bec9ce702e78a5a11cfa7995d4af768dbf7d2b2a,,12/06/2022 01:56:00 PM,30,OTHER REG. SIGN,FUNCTIONING PROPERLY,CLEAR,DAYLIGHT,ANGLE,T-INTERSECTION,,STRAIGHT AND LEVEL,DRY,NO DEFECTS,ON SCENE,INJURY AND / OR TOW DUE TO CRASH,Y,,,"OVER $1,500",12/06/2022 02:06:00 PM,FAILING TO YIELD RIGHT-OF-WAY,IMPROPER TURNING/NO SIGNAL,600,S,JEFFERSON ST,124,,,,,,,2,NONINCAPACITATING INJURY,1,0,0,1,0,0,2,13,3,12,41.8743278118,-87.6425691755,POINT (-87.642569175521 41.874327811839)
db2cf4c8d61106d73ab971e8591cbae84be0456990177ab589bca6550b906ca2f4f8c880b364f1ff8c78877c2f1b700493b2958359a2bcbaabf8ca40ecdd0898,,12/04/2022 11:33:00 AM,30,STOP SIGN/FLASHER,FUNCTIONING PROPERLY,CLEAR,DAYLIGHT,REAR END,NOT DIVIDED,,STRAIGHT AND LEVEL,DRY,NO DEFECTS,ON SCENE,INJURY AND / OR TOW DUE TO CRASH,,,Y,"OVER $1,500",12/04/2022 11:33:00 AM,FOLLOWING TOO CLOSELY,UNABLE TO DETERMINE,6499,S,RACINE AVE,724,,,,,,,2,"REPORTED, NOT EVIDENT",1,0,0,0,1,0,3,11,1,12,41.7760665784,-87.6542576697,POINT (-87.654257669711 41.77606657842)
cb69573c733f74c29163d6d85ae3440b700b6dd1541fa4e5816f56f7b26ceac7cb585764ffc7531f02a19fe75e67fb494129e7839c98969a811f3aa78c738f11,,11/30/2022 04:20:00 PM,30,NO CONTROLS,NO CONTROLS,CLEAR,"DARKNESS, LIGHTED ROAD",ANIMAL,ALLEY,,STRAIGHT AND LEVEL,DRY,NO DEFECTS,NOT ON SCENE (DESK REPORT),NO INJURY / DRIVE AWAY,,,Y,$500 OR LESS,11/30/2022 06:00:00 PM,FAILING TO REDUCE SPEED TO AVOID CRASH,UNABLE TO DETERMINE,1819,W,MAYPOLE AVE,1223,,,,,,,1,NO INDICATION OF INJURY,0,0,0,0,0,0,1,16,4,11,41.8840490066,-87.672623444,POINT (-87.672623443971 41.884049006642)
78d45be906e709431fb3d3198872b700f19eb4cba61f929b6e9c70edd76d00760c1794bcf7b51409c94aff5ac1c31871f02ee3c5aa0c6f68dfdf64765ac28788,,11/29/2022 10:15:00 PM,30,TRAFFIC SIGNAL,FUNCTIONING PROPERLY,CLEAR,"DARKNESS, LIGHTED ROAD",TURNING,ONE-WAY,,STRAIGHT AND LEVEL,DRY,NO DEFECTS,NOT ON SCENE (DESK REPORT),NO INJURY / DRIVE AWAY,Y,,Y,"$501 - $1,500",12/02/2022 01:05:00 PM,DRIVING SKILLS/KNOWLEDGE/EXPERIENCE,UNABLE TO DETERMINE,8700,S,STATE ST,632,,,,,,,2,NO INDICATION OF INJURY,0,0,0,0,0,0,2,22,3,11,41.7362094694,-87.6243055191,POINT (-87.624305519124 41.736209469449)
3e77052fbe1f067c6719607eee2a3280408762ca2a2c6f8b5df8028e61bec3d678393b385329d003e5138d0a50839c5355efafd453eecc4516b7001bd3ff61f7,,11/27/2022 06:05:00 PM,30,TRAFFIC SIGNAL,FUNCTIONING PROPERLY,CLEAR,"DARKNESS, LIGHTED ROAD",ANGLE,T-INTERSECTION,,STRAIGHT AND LEVEL,DRY,NO DEFECTS,NOT ON SCENE (DESK REPORT),NO INJURY / DRIVE AWAY,Y,,N,"OVER $1,500",11/27/2022 06:30:00 PM,UNABLE TO DETERMINE,UNABLE TO DETERMINE,5700,N,CUMBERLAND AVE,1614,,,,,,,2,NO INDICATION OF INJURY,0,0,0,0,0,0,2,18,1,11,41.9825995547,-87.8367284068,POINT (-87.836728406808 41.982599554701)