CRASH_RECORD_ID,CRASH_DATE_EST_I,CRASH_DATE,POSTED_SPEED_LIMIT,TRAFFIC_CONTROL_DEVICE,DEVICE_CONDITION,WEATHER_CONDITION,LIGHTING_CONDITION,FIRST_CRASH_TYPE,TRAFFICWAY_TYPE,LANE_CNT,ALIGNMENT,ROADWAY_SURFACE_COND,ROAD_DEFECT,REPORT_TYPE,CRASH_TYPE,INTERSECTION_RELATED_I,NOT_RIGHT_OF_WAY_I,HIT_AND_RUN_I,DAMAGE,DATE_POLICE_NOTIFIED,PRIM_CONTRIBUTORY_CAUSE,SEC_CONTRIBUTORY_CAUSE,STREET_NO,STREET_DIRECTION,STREET_NAME,BEAT_OF_OCCURRENCE,PHOTOS_TAKEN_I,STATEMENTS_TAKEN_I,DOORING_I,WORK_ZONE_I,WORK_ZONE_TYPE,WORKERS_PRESENT_I,NUM_UNITS,MOST_SEVERE_INJURY,INJURIES_TOTAL,INJURIES_FATAL,INJURIES_INCAPACITATING,INJURIES_NON_INCAPACITATING,INJURIES_REPORTED_NOT_EVIDENT,INJURIES_UNKNOWN,INJURIES_NO_INDICATION,CRASH_HOUR,CRASH_DAY_OF_WEEK,CRASH_MONTH,LATITUDE,LONGITUDE,LOCATION
e2cf7a6e987057467ced66be68f38789f5d5eeaa28330579ac4380dfeba27253a71b9b71708a7b0a21dbbe2a913f7463813b70001fedae7594d76a0c6d2e731a,,11/27/2022 10:30:00 AM,20,NO CONTROLS,NO CONTROLS,RAIN,DAYLIGHT,REAR END,ONE-WAY,,STRAIGHT AND LEVEL,WET,NO DEFECTS,NOT ON SCENE (DESK REPORT),NO INJURY / DRIVE AWAY,,,,"OVER $1,500",11/28/2022 01:30:00 PM,FOLLOWING TOO CLOSELY,NOT APPLICABLE,4250,N,ST LOUIS AVE,1723,,,,,,,2,NO INDICATION OF INJURY,0,0,0,0,0,0,2,10,1,11,41.9589617883,-87.7156682882,POINT (-87.715668288231 41.958961788331)
e373eb5566e09597761abba9236931e8180cbeb3b700b24deb39e0c11a1f9be601ae0228785a627ac053cce004fb01ea241760167125165830b7a9ca86021e9a,,11/26/2022 02:15:00 PM,30,NO CONTROLS,NO CONTROLS,CLEAR,DAYLIGHT,TURNING,DIVIDED - W/MEDIAN (NOT RAISED),,STRAIGHT AND LEVEL,DRY,NO DEFECTS,NOT ON SCENE (DESK REPORT),NO INJURY / DRIVE AWAY,,,,"$501 - $1,500",11/27/2022 12:45:00 PM,UNABLE TO DETERMINE,UNABLE TO DETERMINE,1,N,STATE ST,112,,,,,,,2,NO INDICATION OF INJURY,0,0,0,0,0,0,2,14,7,11,41.8821176335,-87.6276736122,POINT (-87.627673612189 41.882117633495)
68f4fb8e458ce61f044186db1390afc9f95f7746d5406ef081f4899199b700a8d7be0525291045572d003f72c7ffbb6fdd14dd8f3c56a0a0e048eba6dd4c68a1,,11/20/2022 03:34:00 AM,30,NO CONTROLS,NO CONTROLS,CLEAR,"DARKNESS, LIGHTED ROAD",PEDESTRIAN,NOT DIVIDED,,STRAIGHT AND LEVEL,DRY,NO DEFECTS,ON SCENE,INJURY AND / OR TOW DUE TO CRASH,,,Y,$500 OR LESS,11/20/2022 03:40:00 AM,NOT APPLICABLE,NOT APPLICABLE,9235,S,PRINCETON AVE,634,,,,,,,2,NONINCAPACITATING INJURY,1,0,0,1,0,0,1,3,1,11,41.7260383088,-87.6297359747,POINT (-87.62973597475 41.726038308825)
0401fe4645b4f51e7e27afccb8ee6f19e6db8e656df606bfce043726ab700d740f447a552762f3ae5faccabf0b6aa7eaedec4ed6e5914e71de2ba915e0f9634d,,11/19/2022 01:30:00 PM,30,TRAFFIC SIGNAL,FUNCTIONING PROPERLY,CLEAR,DAYLIGHT,OTHER NONCOLLISION,NOT DIVIDED,,STRAIGHT AND LEVEL,DRY,UNKNOWN,ON SCENE,NO INJURY / DRIVE AWAY,Y,,,"OVER $1,500",11/19/2022 02:00:00 PM,UNABLE TO DETERMINE,UNABLE TO DETERMINE,100,E,LOWER WACKER DR,114,,,,,,,2,NO INDICATION OF INJURY,0,0,0,0,0,0,1,13,7,11,41.888432092,-87.6244246869,POINT (-87.624424686932 41.88843209205)
76b45eeae3db76657017f6c01c44a5a153bb85fcd65d93005df3eb70051b87dfc57d00ec9cb31329914d218badc006e9e60ccd1f9998bab3dbb88d2b53462b36,,11/19/2022 11:15:00 AM,30,NO CONTROLS,NO CONTROLS,CLOUDY/OVERCAST,DAYLIGHT,REAR TO SIDE,FOUR WAY,,STRAIGHT AND LEVEL,DRY,NO DEFECTS,NOT ON SCENE (DESK REPORT),NO INJURY / DRIVE AWAY,,,Y,"OVER $1,500",11/19/2022 12:18:00 PM,IMPROPER BACKING,NOT APPLICABLE,4100,W,63RD ST,813,,,,,,,2,NO INDICATION OF INJURY,0,0,0,0,0,0,2,11,7,11,41.7787377481,-87.7252667856,POINT (-87.725266785648 41.778737748083)
2ad82c13fd2a9eb0530b700766c2055fa309ad5d2522dce4df370240c9ff42c0e959a6f6e2bf170a47a98c0cefcbc557024bfc4f7c56bad7ed77cd42abc8bfc0,,11/16/2022 05:30:00 PM,30,NO CONTROLS,NO CONTROLS,CLEAR,DUSK,REAR END,UNKNOWN,,STRAIGHT AND LEVEL,DRY,NO DEFECTS,NOT ON SCENE (DESK REPORT),NO INJURY / DRIVE AWAY,,,,"$501 - $1,500",11/21/2022 06:14:00 PM,FAILING TO REDUCE SPEED TO AVOID CRASH,FOLLOWING TOO CLOSELY,1138,S,CLINTON ST,124,,,,,,,2,NO INDICATION OF INJURY,0,0,0,0,0,0,2,17,4,11,41.8678011767,-87.6408870569,POINT (-87.640887056944 41.867801176705)
d66b4c2f8ab7005a6959de491f71e9a34a91549b1d0c10b12f667e524d30665522d53328267b1b26c954623b9d70d43f29f6065c625660d013de3d141cae056f,,11/05/2022 09:40:00 PM,30,STOP SIGN/FLASHER,FUNCTIONING PROPERLY,CLEAR,"DARKNESS, LIGHTED ROAD",REAR END,DIVIDED - W/MEDIAN (NOT RAISED),,STRAIGHT AND LEVEL,DRY,NO DEFECTS,NOT ON SCENE (DESK REPORT),NO INJURY / DRIVE AWAY,,,,"OVER $1,500",11/15/2022 08:00:00 PM,FOLLOWING TOO CLOSELY,NOT APPLICABLE,4100,W,BELMONT AVE,1731,,,,,,,2,NO INDICATION OF INJURY,0,0,0,0,0,0,2,21,7,11,41.9391700991,-87.7297660003,POINT (-87.729766000282 41.939170099101)
9f89453901e331f7d41cb0b2c8aa30b0276151e5d7ff082f80995c06b8daea500f38877aff5fde6f324b53e48b7121d25f4efb7f47fec6ac0cb700749531ac9e,,11/05/2022 02:30:00 AM,30,TRAFFIC SIGNAL,FUNCTIONING PROPERLY,RAIN,"DARKNESS, LIGHTED ROAD",TURNING,DIVIDED - W/MEDIAN (NOT RAISED),,STRAIGHT AND LEVEL,WET,NO DEFECTS,ON SCENE,INJURY AND / OR TOW DUE TO CRASH,Y,,Y,"OVER $1,500",11/05/2022 02:35:00 AM,DISREGARDING TRAFFIC SIGNALS,UNABLE TO DETERMINE,1000,W,69TH ST,724,,,,,,,2,"REPORTED, NOT EVIDENT",1,0,0,0,1,0,1,2,7,11,41.7688741883,-87.6494209327,POINT (-87.649420932667 41.768874188284)
06b4456185ae460134314ce227b39d661e7893dbba5f05b9fcf5f91901c2f8b700cf6f1ac7f9cceb5b6025120ab44c9b5df4d4dd9de9e9c316670368f13e1bb3,,11/03/2022 03:31:00 PM,30,NO CONTROLS,NO CONTROLS,CLEAR,DAYLIGHT,PARKED MOTOR VEHICLE,DIVIDED - W/MEDIAN (NOT RAISED),,STRAIGHT AND LEVEL,DRY,NO DEFECTS,NOT ON SCENE (DESK REPORT),NO INJURY / DRIVE AWAY,,,Y,"OVER $1,500",11/04/2022 02:15:00 PM,IMPROPER BACKING,NOT APPLICABLE,12814,S,COMMERCIAL AVE,433,,,,,,,2,NO INDICATION OF INJURY,0,0,0,0,0,0,1,15,5,11,41.6622463509,-87.5509137936,POINT (-87.55091379359 41.662246350939)
399525e6149cddaf824c16686e6ac3db579023c13993d350a8991a920351fdb2dabbb295fb109bdf99a0df7a28718e6fab6858ddc90760098fa5b700342a14b2,,10/28/2022 05:00:00 PM,30,NO CONTROLS,NO CONTROLS,CLEAR,DAYLIGHT,ANGLE,DIVIDED - W/MEDIAN (NOT RAISED),,STRAIGHT AND LEVEL,DRY,NO DEFECTS,NOT ON SCENE (DESK REPORT),NO INJURY / DRIVE AWAY,,,,"OVER $1,500",10/28/2022 06:25:00 PM,UNABLE TO DETERMINE,UNABLE TO DETERMINE,7226,W,BELMONT AVE,1631,,,,,,,2,NO INDICATION OF INJURY,0,0,0,0,0,0,3,17,6,10,41.9380992823,-87.8079017052,POINT (-87.807901705202 41.938099282286)
c1e3e7bec9050a30225a82880a973e44fb7cd4e95dc75d19122ff8082268cb700a609738ab7163e0cc7165cd6e80616d0101e11e244211327eec0b34021b25b8,,10/28/2022 04:35:00 PM,25,STOP SIGN/FLASHER,NO CONTROLS,CLEAR,DAYLIGHT,REAR END,T-INTERSECTION,,STRAIGHT AND LEVEL,DRY,NO DEFECTS,ON SCENE,INJURY AND / OR TOW DUE TO CRASH,Y,,,"OVER $1,500",10/28/2022 04:38:00 PM,FOLLOWING TOO CLOSELY,UNABLE TO DETERMINE,5525,N,CLARK ST,2013,,,,,,,2,"REPORTED, NOT EVIDENT",5,0,0,0,5,0,0,16,6,10,41.9824611375,-87.6683993479,POINT (-87.668399347888 41.982461137455)
8ee79e047d53478aa8a03260c7798e032cfe72a393b70097b336bf1869085a396ada67abf555d79ea01cd18faa7794ff9297dbb65d90d6fa5f817208ce479176,,10/28/2022 08:00:00 AM,10,NO CONTROLS,NO CONTROLS,CLEAR,UNKNOWN,PARKED MOTOR VEHICLE,PARKING LOT,,STRAIGHT AND LEVEL,DRY,NO DEFECTS,NOT ON SCENE (DESK REPORT),NO INJURY / DRIVE AWAY,,Y,,"OVER $1,500",10/29/2022 11:00:00 AM,UNABLE TO DETERMINE,NOT APPLICABLE,4431,S,ARCHER AVE,821,,,,,,,2,NO INDICATION OF INJURY,0,0,0,0,0,0,1,8,6,10,41.8126289892,-87.7063942041,POINT (-87.706394204098 41.812628989175)
b0436910fc04997ee5e45dc5b4c712b12a650942fad9eb7001855aa025d62b072ef63a545ffcff1817cb2153d28557963d20bcd0d810993b3d4e2c05a9bf1b14,,10/27/2022 02:28:00 PM,30,TRAFFIC SIGNAL,FUNCTIONING PROPERLY,CLEAR,DAYLIGHT,REAR END,DIVIDED - W/MEDIAN (NOT RAISED),,STRAIGHT AND LEVEL,DRY,NO DEFECTS,NOT ON SCENE (DESK REPORT),NO INJURY / DRIVE AWAY,,,Y,"OVER $1,500",10/27/2022 03:35:00 PM,UNABLE TO DETERMINE,UNABLE TO DETERMINE,3855,N,PULASKI RD,1732,,,,,,,2,NO INDICATION OF INJURY,0,0,0,0,0,0,2,14,5,10,41.9516909238,-87.7274071801,POINT (-87.727407180134 41.951690923803)
5a9f58826fdd73a4d32d2b66f616b2981cd382be1f01cb0118898bcf7d63a1e1e8790a201166bc5733457bbedaaa34c1ef7e541fe9975354937ea4b5b700f8bd,,10/24/2022 11:45:00 AM,30,NO CONTROLS,NO CONTROLS,CLEAR,DAYLIGHT,SIDESWIPE OPPOSITE DIRECTION,ONE-WAY,,STRAIGHT AND LEVEL,DRY,NO DEFECTS,NOT ON SCENE (DESK REPORT),NO INJURY / DRIVE AWAY,,,,"OVER $1,500",10/24/2022 01:19:00 PM,NOT APPLICABLE,NOT APPLICABLE,4900,S,TRIPP AVE,815,,,,,,,2,NO INDICATION OF INJURY,0,0,0,0,0,0,2,11,2,10,41.8040452209,-87.7297438951,POINT (-87.729743895111 41.804045220915)
b2dcc0d4fd070b257cf77c39fefe36fbce7c5fc7a23e3cffc90048b1569601e7ae3b856d8b35ad2b700950cd79ebc52df6e979bf3b77b0688e2cb2c615e9379f,,10/15/2022 10:08:00 PM,30,TRAFFIC SIGNAL,FUNCTIONING PROPERLY,CLEAR,"DARKNESS, LIGHTED ROAD",REAR END,DIVIDED - W/MEDIAN (NOT RAISED),,STRAIGHT AND LEVEL,DRY,NO DEFECTS,ON SCENE,NO INJURY / DRIVE AWAY,,,,$500 OR LESS,10/15/2022 10:50:00 PM,FOLLOWING TOO CLOSELY,NOT APPLICABLE,500,S,LAKE SHORE DR SB,114,,,,,,,2,NO INDICATION OF INJURY,0,0,0,0,0,0,7,22,7,10,41.8757562552,-87.6175156798,POINT (-87.617515679751 41.875756255241)
8f1ff3dab8dc10be0d3b532cf2eb80e90d1f78d8ec4b948a9ca07a7e1ed73e366a68a220bbc05ef14b606794b9e2ca305b8de28278b700b53ee544dd92702cf4,,10/15/2022 09:10:00 AM,30,NO CONTROLS,NO CONTROLS,CLEAR,DAYLIGHT,SIDESWIPE SAME DIRECTION,ONE-WAY,,STRAIGHT AND LEVEL,DRY,NO DEFECTS,ON SCENE,NO INJURY / DRIVE AWAY,,,,"OVER $1,500",10/15/2022 09:11:00 AM,UNABLE TO DETERMINE,UNABLE TO DETERMINE,4420,N,WHIPPLE ST,1724,,,,,,,4,NO INDICATION OF INJURY,0,0,0,0,0,0,4,9,7,10,41.9618684042,-87.704746426,POINT (-87.704746426049 41.961868404164)
da0c0c5533557aedb941300f2db3d19ccd44db700a91213ee741d89bd6d232f03ebe767d77b355650f8798d43b7c6ab874825206d4e3295c222de592d093c1cf,,10/14/2022 10:30:00 AM,30,TRAFFIC SIGNAL,FUNCTIONING PROPERLY,CLEAR,DAYLIGHT,TURNING,NOT DIVIDED,,STRAIGHT AND LEVEL,DRY,NO DEFECTS,NOT ON SCENE (DESK REPORT),NO INJURY / DRIVE AWAY,Y,,,"$501 - $1,500",10/14/2022 12:17:00 PM,DRIVING SKILLS/KNOWLEDGE/EXPERIENCE,UNABLE TO DETERMINE,4701,W,GRAND AVE,2533,,,,,,,2,NO INDICATION OF INJURY,0,0,0,0,0,0,2,10,6,10,41.9128855211,-87.7436996189,POINT (-87.743699618945 41.912885521124)
0d13c8528c0131ce06e2e07b91b60bf5f7ce26b700cc6b669b6da01575c373899481f980bf9c8af63fe181cc3eff893776a892b08ffc4596c261e000ebea6b30,,10/12/2022 10:00:00 AM,35,NO CONTROLS,NO CONTROLS,RAIN,DAYLIGHT,REAR END,NOT DIVIDED,,STRAIGHT AND LEVEL,WET,NO DEFECTS,NOT ON SCENE (DESK REPORT),INJURY AND / OR TOW DUE TO CRASH,,,,"OVER $1,500",10/13/2022 07:15:00 PM,FOLLOWING TOO CLOSELY,UNABLE TO DETERMINE,1960,W,MADISON ST,1223,,,,,,,2,NO INDICATION OF INJURY,0,0,0,0,0,0,2,10,4,10,41.8814246017,-87.6765845868,POINT (-87.676584586792 41.88142460173)
7a110f0872d41c30a9b8a2119e968fa015b6f489e08b700a3bce30e7d8352870dbbb80a0c62d726ea65f49dcec6be9c488b8a91c80abc53642741fde56c3dc91,,10/12/2022 05:42:00 AM,30,NO CONTROLS,NO CONTROLS,RAIN,"DARKNESS, LIGHTED ROAD",PARKED MOTOR VEHICLE,OTHER,,STRAIGHT AND LEVEL,WET,NO DEFECTS,ON SCENE,NO INJURY / DRIVE AWAY,,,,"OVER $1,500",10/12/2022 05:47:00 AM,UNABLE TO DETERMINE,WEATHER,1400,W,43RD ST,924,,,,,,,2,NO INDICATION OF INJURY,0,0,0,0,0,0,1,5,4,10,41.8160165892,-87.6604433208,POINT (-87.660443320846 41.816016589176)
61f9765ee3cdabdb71981db922968eb7b639db77b700a8e884133276779f6b3645a63e8a9c0c3d81ea51deb84cab1a3a725264a6523e03393910086b80539c54,,10/11/2022 05:00:00 PM,30,NO CONTROLS,NO CONTROLS,RAIN,DAYLIGHT,REAR END,NOT DIVIDED,,STRAIGHT AND LEVEL,WET,NO DEFECTS,NOT ON SCENE (DESK REPORT),NO INJURY / DRIVE AWAY,,,,"OVER $1,500",10/11/2022 06:15:00 PM,UNABLE TO DETERMINE,UNABLE TO DETERMINE,460,N,LARAMIE AVE,1523,,,,,,,2,NO INDICATION OF INJURY,0,0,0,0,0,0,2,17,3,10,41.8888841151,-87.7555259632,POINT (-87.755525963215 41.888884115089)
3cb4e372ac4f5e9664e8879d067cdf91e0029e706179c4c46dc504e6b7005a0d5646085bcaeae99c081407ae4373650a04e574b0cd0f2973b053eb00d3fba4a6,,10/09/2022 09:45:00 AM,30,NO CONTROLS,NO CONTROLS,CLEAR,DAYLIGHT,SIDESWIPE SAME DIRECTION,DIVIDED - W/MEDIAN (NOT RAISED),,STRAIGHT AND LEVEL,DRY,NO DEFECTS,NOT ON SCENE (DESK REPORT),NO INJURY / DRIVE AWAY,,,Y,"OVER $1,500",10/09/2022 01:45:00 PM,UNABLE TO DETERMINE,NOT APPLICABLE,4827,W,FULLERTON AVE,2522,,,,,,,2,NO INDICATION OF INJURY,0,0,0,0,0,0,2,9,1,10,41.9241145595,-87.7474133314,POINT (-87.747413331384 41.924114559484)
3d09de6acd5b0323ec69247b9a86b7007e85e010c6bdc1b0d1265b90090647f2effe6b38c37ee3f49327e5a1f6bae037b0a1ee318fc5a64db9ea1935a88f4f4a,,10/07/2022 07:45:00 AM,30,STOP SIGN/FLASHER,FUNCTIONING PROPERLY,RAIN,UNKNOWN,TURNING,T-INTERSECTION,,STRAIGHT AND LEVEL,WET,UNKNOWN,ON SCENE,NO INJURY / DRIVE AWAY,Y,,,"OVER $1,500",10/07/2022 07:50:00 AM,UNABLE TO DETERMINE,UNABLE TO DETERMINE,2000,S,RACINE AVE,1235,,,,,,,2,NO INDICATION OF INJURY,0,0,0,0,0,0,2,7,6,10,41.8551544621,-87.656491279,POINT (-87.656491278962 41.855154462063)
60dbad53514aef9db5d7182e6931ef69ac660a1be44561306d721b7659db9be6a684795beb879593507b8aea44f7ea602158707eab4de40ede77b70080ee85bb,,10/03/2022 02:55:00 PM,15,NO CONTROLS,NO CONTROLS,CLEAR,DAYLIGHT,REAR TO SIDE,PARKING LOT,,STRAIGHT AND LEVEL,DRY,NO DEFECTS,NOT ON SCENE (DESK REPORT),NO INJURY / DRIVE AWAY,,N,,"OVER $1,500",10/03/2022 04:50:00 PM,IMPROPER BACKING,NOT APPLICABLE,4431,S,ARCHER AVE,821,,,,,,,2,NO INDICATION OF INJURY,0,0,0,0,0,0,2,14,2,10,41.8126289892,-87.7063942041,POINT (-87.706394204098 41.812628989175)
f33e52c98c78b933271fc04cd3964841d8780fd4e5d38470144e6c940e267a2de5c0dc0af9b8b451231c2e4731b70077a7d21092f135edabb54812ba92757a80,,10/02/2022 04:00:00 PM,25,NO CONTROLS,NO CONTROLS,UNKNOWN,UNKNOWN,ANGLE,ONE-WAY,,STRAIGHT AND LEVEL,UNKNOWN,UNKNOWN,NOT ON SCENE (DESK REPORT),NO INJURY / DRIVE AWAY,,,,"$501 - $1,500",10/02/2022 05:30:00 PM,UNABLE TO DETERMINE,NOT APPLICABLE,5399,W,WOLFRAM ST,2514,,,,,,,2,NO INDICATION OF INJURY,0,0,0,0,0,0,3,16,1,10,41.9321432069,-87.7612391439,POINT (-87.761239143885 41.9321432069)
f983a0c70327702cfd9f057771644015351878e9dfb7002140c18ca708b32abd97da6b83880947293affe4c6cfe19afa12feecb322cfadd971d46685258db909,,10/02/2022 09:54:00 AM,30,NO CONTROLS,NO CONTROLS,CLEAR,DAYLIGHT,PARKED MOTOR VEHICLE,PARKING LOT,,STRAIGHT AND LEVEL,DRY,NO DEFECTS,ON SCENE,NO INJURY / DRIVE AWAY,,,Y,"OVER $1,500",10/02/2022 09:54:00 AM,"OPERATING VEHICLE IN ERRATIC, RECKLESS, CARELESS, NEGLIGENT OR AGGRESSIVE MANNER",FAILING TO REDUCE SPEED TO AVOID CRASH,5107,W,MADISON ST,1533,,,,,,,3,NO INDICATION OF INJURY,0,0,0,0,0,0,3,9,1,10,41.8802900451,-87.7529779206,POINT (-87.752977920608 41.880290045069)
90b16baa9346beb59f4b23a485c52eb0adc682f6cb3773fa333585ff9993c013ab700fe1cc56f4de13db84f3fd8a03218d1a392e2d922e831d0055943259c015,,10/01/2022 07:40:00 PM,30,TRAFFIC SIGNAL,FUNCTIONING PROPERLY,CLEAR,"DARKNESS, LIGHTED ROAD",TURNING,NOT DIVIDED,,STRAIGHT AND LEVEL,DRY,NO DEFECTS,NOT ON SCENE (DESK REPORT),INJURY AND / OR TOW DUE TO CRASH,,,,"$501 - $1,500",10/01/2022 10:36:00 PM,UNABLE TO DETERMINE,UNABLE TO DETERMINE,13000,S,INDIANA AVE,533,,,,,,,2,NO INDICATION OF INJURY,0,0,0,0,0,0,2,19,7,10,41.6590092158,-87.6174479065,POINT (-87.617447906473 41.659009215787)
4254f08a0e72d4fb73016dba5b700de94ae0929ffb0a5374677315e973ae7101df4dac004184d84407536d8cd2be7797d353f55372fb47dc37a5148d45868e05,,09/29/2022 08:33:00 AM,30,UNKNOWN,UNKNOWN,CLEAR,DAYLIGHT,SIDESWIPE OPPOSITE DIRECTION,ONE-WAY,,STRAIGHT AND LEVEL,DRY,UNKNOWN,ON SCENE,INJURY AND / OR TOW DUE TO CRASH,,,,"OVER $1,500",09/29/2022 08:33:00 AM,IMPROPER OVERTAKING/PASSING,NOT APPLICABLE,134,N,MAYFIELD AVE,1512,,,,,,,2,NO INDICATION OF INJURY,0,0,0,0,0,0,4,8,5,9,41.8832294725,-87.7720391256,POINT (-87.772039125638 41.883229472528)
4ac9962c26e15dc839d259eb7008e5ccd924561f052ae908a4fa755aeb05b33422ca9b265ebbcc76ee86ed36f15abc0b1d71b7fee2c335042844ad50d9ac353d,,09/28/2022 05:48:00 PM,40,NO CONTROLS,NO CONTROLS,CLEAR,"DARKNESS, LIGHTED ROAD",SIDESWIPE SAME DIRECTION,NOT DIVIDED,,STRAIGHT AND LEVEL,DRY,NO DEFECTS,ON SCENE,INJURY AND / OR TOW DUE TO CRASH,,,,"OVER $1,500",09/28/2022 05:48:00 PM,IMPROPER OVERTAKING/PASSING,DRIVING SKILLS/KNOWLEDGE/EXPERIENCE,3700,N,LAKE SHORE DR,1925,,,,,,,3,NO INDICATION OF INJURY,0,0,0,0,0,0,3,17,4,9,41.95049927,-87.6447490514,POINT (-87.644749051362 41.950499269971)
8086c85321b3bfb92ca87db5ebee44a9f7942de81bcd844cf06ba14217ca846791543372e682ea3c854188883638b33a4a2b7007753a493a4bb3e7fa867e4d44,,09/28/2022 02:30:00 PM,30,NO CONTROLS,NO CONTROLS,CLEAR,DAYLIGHT,PARKED MOTOR VEHICLE,DIVIDED - W/MEDIAN (NOT RAISED),,STRAIGHT AND LEVEL,DRY,NO DEFECTS,NOT ON SCENE (DESK REPORT),NO INJURY / DRIVE AWAY,,,Y,"OVER $1,500",09/28/2022 05:00:00 PM,UNABLE TO DETERMINE,UNABLE TO DETERMINE,801,N,WESTERN AVE,1212,,,,,,,2,NO INDICATION OF INJURY,0,0,0,0,0,0,2,14,4,9,41.8957908909,-87.6866968024,POINT (-87.686696802422 41.895790890935)
045d6a54cfadb7009e7f371cd4091781c2354639bdefde48a64613de05b1473d94f2d7de132660e31efac4a72552d343e01240402328f42df2db59e2326da67e,,09/28/2022 08:05:00 AM,30,NO CONTROLS,NO CONTROLS,CLEAR,DAYLIGHT,REAR END,NOT DIVIDED,,STRAIGHT AND LEVEL,DRY,NO DEFECTS,NOT ON SCENE (DESK REPORT),NO INJURY / DRIVE AWAY,,,,$500 OR LESS,09/28/2022 09:10:00 AM,"EVASIVE ACTION DUE TO ANIMAL, OBJECT, NONMOTORIST",NOT APPLICABLE,801,W,DIVISION ST,1822,,,,,,,2,NO INDICATION OF INJURY,0,0,0,0,0,0,2,8,4,9,41.9035260921,-87.648159783,POINT (-87.648159783038 41.903526092119)
f7a14c9b6dace5fcba94142b7000d8f9f77fbd4cca964f9dfa0edd3c9c178feccbe71e0f328621b461d4d0693f3d8e24b4c0e0d0809b47cea8706ae86fe3432c,,09/27/2022 01:00:00 PM,30,TRAFFIC SIGNAL,FUNCTIONING PROPERLY,CLEAR,DAYLIGHT,REAR END,NOT DIVIDED,,STRAIGHT AND LEVEL,DRY,NO DEFECTS,NOT ON SCENE (DESK REPORT),NO INJURY / DRIVE AWAY,,,,"OVER $1,500",09/27/2022 02:45:00 PM,UNABLE TO DETERMINE,UNABLE TO DETERMINE,9500,S,COLFAX AVE,431,,,,,,,2,NO INDICATION OF INJURY,0,0,0,0,0,0,2,13,3,9,41.7226027789,-87.5608678863,POINT (-87.56086788635 41.72260277893)
4cbc757b17936a4b961e666d2646b106f0909dc8cf2d12fc8507db700729b1b36d0f78ccead1a711f34917f24c2b8d6d075c546849177baa59801fbab47242dc,,09/25/2022 05:10:00 PM,30,YIELD,FUNCTIONING PROPERLY,CLEAR,DAYLIGHT,REAR END,NOT DIVIDED,,STRAIGHT AND LEVEL,DRY,NO DEFECTS,NOT ON SCENE (DESK REPORT),NO INJURY / DRIVE AWAY,,,Y,$500 OR LESS,09/25/2022 06:30:00 PM,FAILING TO YIELD RIGHT-OF-WAY,NOT APPLICABLE,4200,W,MONTROSE AVE,1722,,,,,,,2,NO INDICATION OF INJURY,0,0,0,0,0,0,3,17,1,9,41.9610011677,-87.7327962933,POINT (-87.73279629329 41.961001167744)
867919a70b372f1870e8f37a05c28bf18afbd1485896af47c39952c955eabaac277a5d40dbe6b3ca33ff3c9b30825b9bb87b2d8ce2e3f275c946eb7006d71e03,,09/25/2022 10:34:00 AM,30,NO CONTROLS,NO CONTROLS,CLEAR,"DARKNESS, LIGHTED ROAD",REAR END,UNKNOWN,,STRAIGHT AND LEVEL,DRY,NO DEFECTS,NOT ON SCENE (DESK REPORT),NO INJURY / DRIVE AWAY,,,,"OVER $1,500",09/26/2022 01:00:00 PM,UNABLE TO DETERMINE,NOT APPLICABLE,8159,S,DAMEN AVE,614,,,,,,,2,NO INDICATION OF INJURY,0,0,0,0,0,0,2,10,1,9,41.744873295,-87.6728584833,POINT (-87.672858483261 41.74487329501)
bb9f853727292dce35ae5f10390fe9b7005d31fd3baa0f74711e2c1d96a5b05ec21edfa0ec2bc04edd1bdd9132361344fd0e9f0cd3afa9ae71f718146f042e64,,09/24/2022 07:25:00 AM,40,NO CONTROLS,NO CONTROLS,CLEAR,DAYLIGHT,SIDESWIPE SAME DIRECTION,DIVIDED - W/MEDIAN BARRIER,,STRAIGHT AND LEVEL,DRY,NO DEFECTS,ON SCENE,INJURY AND / OR TOW DUE TO CRASH,,,,"OVER $1,500",09/24/2022 07:35:00 AM,HAD BEEN DRINKING (USE WHEN ARREST IS NOT MADE),IMPROPER LANE USAGE,1501,S,LAKE SHORE DR E,132,,,,,,,2,NONINCAPACITATING INJURY,1,0,0,1,0,0,2,7,7,9,41.8620524285,-87.6181363513,POINT (-87.618136351336 41.862052428489)
44dea7ba516f9f35c4cbd462eafd86b7970abb700f53a9625777186fb17742f756396b4db9f2da752044137a67dd80625db80683436e022497ca1d30c0015fb6,,09/22/2022 08:20:00 AM,30,NO CONTROLS,NO CONTROLS,CLEAR,DAYLIGHT,REAR TO SIDE,ONE-WAY,,STRAIGHT AND LEVEL,DRY,NO DEFECTS,NOT ON SCENE (DESK REPORT),NO INJURY / DRIVE AWAY,,,,"OVER $1,500",09/26/2022 11:10:00 AM,IMPROPER BACKING,UNABLE TO DETERMINE,5210,W,PALMER ST,2515,,,,,,,2,NO INDICATION OF INJURY,0,0,0,0,0,0,2,8,5,9,41.9205605788,-87.7565307156,POINT (-87.756530715586 41.920560578754)