CRASH_RECORD_ID,CRASH_DATE_EST_I,CRASH_DATE,POSTED_SPEED_LIMIT,TRAFFIC_CONTROL_DEVICE,DEVICE_CONDITION,WEATHER_CONDITION,LIGHTING_CONDITION,FIRST_CRASH_TYPE,TRAFFICWAY_TYPE,LANE_CNT,ALIGNMENT,ROADWAY_SURFACE_COND,ROAD_DEFECT,REPORT_TYPE,CRASH_TYPE,INTERSECTION_RELATED_I,NOT_RIGHT_OF_WAY_I,HIT_AND_RUN_I,DAMAGE,DATE_POLICE_NOTIFIED,PRIM_CONTRIBUTORY_CAUSE,SEC_CONTRIBUTORY_CAUSE,STREET_NO,STREET_DIRECTION,STREET_NAME,BEAT_OF_OCCURRENCE,PHOTOS_TAKEN_I,STATEMENTS_TAKEN_I,DOORING_I,WORK_ZONE_I,WORK_ZONE_TYPE,WORKERS_PRESENT_I,NUM_UNITS,MOST_SEVERE_INJURY,INJURIES_TOTAL,INJURIES_FATAL,INJURIES_INCAPACITATING,INJURIES_NON_INCAPACITATING,INJURIES_REPORTED_NOT_EVIDENT,INJURIES_UNKNOWN,INJURIES_NO_INDICATION,CRASH_HOUR,CRASH_DAY_OF_WEEK,CRASH_MONTH,LATITUDE,LONGITUDE,LOCATION
86ef168e8fe123ddec43d451d1d16094c7dda393ed254f9e99687d640b75517aa9ae3608e5328189dabc4fd21b7009b82ce52d29e5c3319e1e777efdcd6d3287,,09/17/2022 01:15:00 PM,35,NO CONTROLS,NO CONTROLS,CLEAR,DAYLIGHT,TURNING,DIVIDED - W/MEDIAN (NOT RAISED),,STRAIGHT AND LEVEL,DRY,NO DEFECTS,ON SCENE,NO INJURY / DRIVE AWAY,Y,,N,"$501 - $1,500",09/17/2022 01:17:00 PM,IMPROPER TURNING/NO SIGNAL,UNABLE TO DETERMINE,1050,W,59TH ST,712,,,,,,,2,NO INDICATION OF INJURY,0,0,0,0,0,0,2,13,7,9,41.7870349065,-87.6519286031,POINT (-87.651928603129 41.787034906519)
cf58b4873c6c5ed1d55aa7988ce6d96fcab1e2c5881f5b416a824bfbc00db4773b7001b55945a2750c3b357f4a50f5b5169e7eec26ab8978c9396e4468698768,,09/13/2022 11:40:00 AM,35,OTHER,FUNCTIONING PROPERLY,CLEAR,DAYLIGHT,PEDESTRIAN,ONE-WAY,,STRAIGHT AND LEVEL,DRY,NO DEFECTS,NOT ON SCENE (DESK REPORT),NO INJURY / DRIVE AWAY,,,Y,$500 OR LESS,09/13/2022 01:55:00 PM,FAILING TO YIELD RIGHT-OF-WAY,UNABLE TO DETERMINE,22,S,WABASH AVE,112,,,,,,,2,NO INDICATION OF INJURY,0,0,0,0,0,0,2,11,3,9,41.8815283726,-87.6263425254,POINT (-87.626342525353 41.881528372578)
76070822007b2b83fdef4464cf647a4767c25ef5726dcf34b1a7ce241c3db70081f40174f75fb55e2802734618339c2894a9a33de206c6ccae4e72f9634e4648,Y,09/12/2022 06:00:00 AM,30,NO CONTROLS,NO CONTROLS,CLEAR,DAYLIGHT,PARKED MOTOR VEHICLE,PARKING LOT,,STRAIGHT AND LEVEL,DRY,NO DEFECTS,NOT ON SCENE (DESK REPORT),NO INJURY / DRIVE AWAY,,,Y,"$501 - $1,500",09/15/2022 05:30:00 PM,UNABLE TO DETERMINE,UNABLE TO DETERMINE,3400,E,126TH ST,433,,,,,,,2,NO INDICATION OF INJURY,0,0,0,0,0,0,1,6,2,9,41.6662240404,-87.5409145621,POINT (-87.540914562136 41.666224040409)
4b47c074fe9b7006c6b439b556129c949289a4b00acff1a412bab56b36c6aa6e006388c95b79bc8697ac1581c92b556bdaea40f93e38587fc857d9afb0e1de39,,09/05/2022 10:15:00 AM,35,NO CONTROLS,NO CONTROLS,CLEAR,DAYLIGHT,PEDALCYCLIST,NOT DIVIDED,,STRAIGHT AND LEVEL,DRY,UNKNOWN,,INJURY AND / OR TOW DUE TO CRASH,,,Y,$500 OR LESS,09/05/2022 10:17:00 AM,UNABLE TO DETERMINE,NOT APPLICABLE,4438,W,GRAND AVE,2533,,,,,,,2,NONINCAPACITATING INJURY,1,0,0,1,0,0,1,10,2,9,41.9106438013,-87.7374166293,POINT (-87.737416629265 41.910643801316)
bd360247bf1786b354c50ff0a476709db700e6dbba4b6d667ba452662da53fcb997b0c71690c870f2b58c508a1d4244068046e01973356d902cb87ed81f37ed1,,09/02/2022 01:37:00 PM,40,NO CONTROLS,NO CONTROLS,CLEAR,DAYLIGHT,FIXED OBJECT,DIVIDED - W/MEDIAN BARRIER,,STRAIGHT AND LEVEL,DRY,"RUT, HOLES",NOT ON SCENE (DESK REPORT),INJURY AND / OR TOW DUE TO CRASH,,,,"OVER $1,500",10/20/2022 07:15:00 PM,NOT APPLICABLE,NOT APPLICABLE,3100,S,LAKE SHORE DR NB,211,,,,,,,1,NO INDICATION OF INJURY,0,0,0,0,0,0,1,13,6,9,41.8383932992,-87.6087495204,POINT (-87.608749520406 41.838393299151)
a6894b5577a5eb5d3a18bc67bec3bd2c971f0fca45c69b9df3db693292b7f584a0662f7ea15a90fbd330f2766391b256b03142aa322ea8e217f5e517a6b7005f,,09/01/2022 05:15:00 PM,30,NO CONTROLS,NO CONTROLS,CLEAR,DAYLIGHT,SIDESWIPE SAME DIRECTION,DIVIDED - W/MEDIAN (NOT RAISED),,STRAIGHT AND LEVEL,DRY,NO DEFECTS,NOT ON SCENE (DESK REPORT),NO INJURY / DRIVE AWAY,,,,$500 OR LESS,09/01/2022 05:30:00 PM,UNABLE TO DETERMINE,UNABLE TO DETERMINE,708,N,CICERO AVE,1531,,,,,,,2,NO INDICATION OF INJURY,0,0,0,0,0,0,2,17,5,9,41.8934713389,-87.7459048163,POINT (-87.745904816303 41.893471338937)
6a306d70c8e3adf7a6db0a7e3d4966cfab564934978a66b3f7942f80225903b700b872b3073f43914265b178f6a6ed28f21b02a5dd13c9eee5225df622e430ce,,09/01/2022 01:30:00 PM,35,NO CONTROLS,NO CONTROLS,CLEAR,DAYLIGHT,TURNING,DIVIDED - W/MEDIAN (NOT RAISED),,STRAIGHT AND LEVEL,DRY,NO DEFECTS,NOT ON SCENE (DESK REPORT),NO INJURY / DRIVE AWAY,,,Y,"OVER $1,500",09/01/2022 02:20:00 PM,IMPROPER TURNING/NO SIGNAL,UNABLE TO DETERMINE,7900,S,DAMEN AVE,611,,,,,,,2,NO INDICATION OF INJURY,0,0,0,0,0,0,2,13,5,9,41.7501823555,-87.6732788568,POINT (-87.673278856776 41.750182355465)
acce9e3dd5fbb5df8847ccc69249730b21ecccbfbc3b7008c6463b47ff4a7d7710cab601a2ae9b0d95ecf4db4d3d89b1f316bd6709524673077b9307b347fecb,,08/31/2022 02:55:00 PM,30,STOP SIGN/FLASHER,FUNCTIONING PROPERLY,CLEAR,DAYLIGHT,REAR END,NOT DIVIDED,,STRAIGHT AND LEVEL,DRY,NO DEFECTS,NOT ON SCENE (DESK REPORT),NO INJURY / DRIVE AWAY,,,,"$501 - $1,500",08/31/2022 06:30:00 PM,FOLLOWING TOO CLOSELY,NOT APPLICABLE,6347,N,MILWAUKEE AVE,1611,,,,,,,2,NO INDICATION OF INJURY,0,0,0,0,0,0,2,14,4,8,41.9962255939,-87.7866370243,POINT (-87.786637024345 41.996225593888)
b6ac56e68e9fb11ba85d2a8fd7b7004349f7959f5e6b7c2e0be5dc43f534e46eca47097e33c22db4af3429b4d949f24f66170db2c9989a1bbfec1891c5f419ab,Y,08/31/2022 01:30:00 PM,30,NO CONTROLS,NO CONTROLS,CLEAR,DAYLIGHT,PARKED MOTOR VEHICLE,DIVIDED - W/MEDIAN (NOT RAISED),,STRAIGHT AND LEVEL,DRY,UNKNOWN,NOT ON SCENE (DESK REPORT),NO INJURY / DRIVE AWAY,,,Y,"OVER $1,500",08/31/2022 04:40:00 PM,UNABLE TO DETERMINE,UNABLE TO DETERMINE,4257,N,PULASKI RD,1723,,,,,,,2,NO INDICATION OF INJURY,0,0,0,0,0,0,1,13,4,8,41.9588301851,-87.7276196798,POINT (-87.727619679766 41.958830185079)
f708adca0bf209c4219698151736a31cbb2fe8e29fa7992e80a09423838a31db700c5dbb468c9297757173f6a867fee3506f23aa1339b7fb7442cc9a43f42cc1,,08/30/2022 11:52:00 PM,30,TRAFFIC SIGNAL,FUNCTIONING PROPERLY,CLEAR,"DARKNESS, LIGHTED ROAD",REAR END,FOUR WAY,,STRAIGHT AND LEVEL,DRY,NO DEFECTS,ON SCENE,INJURY AND / OR TOW DUE TO CRASH,Y,,Y,"OVER $1,500",08/30/2022 11:55:00 PM,NOT APPLICABLE,NOT APPLICABLE,3400,W,OGDEN AVE,1021,,N,,,,,2,"REPORTED, NOT EVIDENT",1,0,0,0,1,0,2,23,3,8,41.8563505381,-87.7103752492,POINT (-87.710375249191 41.856350538058)
085599cfb66434c9e7540ba6184abad513e74a2b70050b565e4653a29564bd20127ff0e5eb92d441d31d8e7539c09660bd8a3c6c0ba9e3fd28ceba6187676ff7,,08/30/2022 05:50:00 PM,30,NO CONTROLS,NO CONTROLS,CLEAR,DAYLIGHT,SIDESWIPE SAME DIRECTION,NOT DIVIDED,,STRAIGHT AND LEVEL,DRY,UNKNOWN,NOT ON SCENE (DESK REPORT),NO INJURY / DRIVE AWAY,,,,"OVER $1,500",08/31/2022 04:45:00 PM,UNABLE TO DETERMINE,UNABLE TO DETERMINE,431,W,GRAND AVE,1831,,,,,,,2,NO INDICATION OF INJURY,0,0,0,0,0,0,2,17,3,8,41.8913915027,-87.6398064845,POINT (-87.639806484544 41.891391502661)
f4ef27d3cef501b8711aa67c2189c4bb524335fd08a8c44ec04687d2c9497f75fb5c9802d99e7c49b700878275d4bb95cd2361f691e2e38bafc0f2ff596b4ad6,,08/27/2022 05:50:00 AM,30,TRAFFIC SIGNAL,FUNCTIONING PROPERLY,CLEAR,DAWN,FIXED OBJECT,NOT DIVIDED,,STRAIGHT AND LEVEL,DRY,NO DEFECTS,ON SCENE,INJURY AND / OR TOW DUE TO CRASH,,,,"OVER $1,500",08/27/2022 05:58:00 AM,IMPROPER OVERTAKING/PASSING,UNABLE TO DETERMINE,76,E,MONROE ST,112,,,,,,,1,NONINCAPACITATING INJURY,1,0,0,1,0,0,0,5,7,8,41.8809240351,-87.6249341999,POINT (-87.624934199852 41.880924035095)
9fdc6302b11434c531aab352dd155f8d26ebc0fbab202b51a2d5e8a19e788834d1831b700fcaab38318ea95e4f9c5cd4f11f0e04204786a6de89e9cf143e0ff3,,08/26/2022 09:38:00 PM,25,NO CONTROLS,NO CONTROLS,CLEAR,DARKNESS,PARKED MOTOR VEHICLE,ONE-WAY,,STRAIGHT AND LEVEL,DRY,NO DEFECTS,,NO INJURY / DRIVE AWAY,,,Y,"$501 - $1,500",08/26/2022 10:00:00 PM,NOT APPLICABLE,NOT APPLICABLE,6627,S,MAPLEWOOD AVE,832,,,,,,,2,NO INDICATION OF INJURY,0,0,0,0,0,0,1,21,6,8,41.772917141,-87.6869890225,POINT (-87.686989022528 41.772917141029)
e506d327e1a239f4ef4ab30ada841b7005b025f2060d7da75d310088e8cc69157cff97219ccd827cc5884f127981bf63dd0f260db8e1667dee059c4f5b199016,,08/26/2022 05:30:00 PM,20,NO CONTROLS,NO CONTROLS,CLEAR,DAYLIGHT,PARKED MOTOR VEHICLE,NOT DIVIDED,,STRAIGHT AND LEVEL,DRY,NO DEFECTS,NOT ON SCENE (DESK REPORT),NO INJURY / DRIVE AWAY,,,,"$501 - $1,500",08/27/2022 10:35:00 AM,UNABLE TO DETERMINE,NOT APPLICABLE,2324,W,WABANSIA AVE,1434,,,,,,,2,NO INDICATION OF INJURY,0,0,0,0,0,0,1,17,6,8,41.9127018269,-87.6858468038,POINT (-87.685846803765 41.912701826897)
6b4b3bc73e0a35d2559d3abec582c5f535b17d9219598db5d4c6c0aa7c012a0600f86ef34fce065e5736fc5b70082ae4cd92a911fb839e25822ee5159cf4fd4f,,08/25/2022 03:25:00 PM,30,NO CONTROLS,NO CONTROLS,CLEAR,DAYLIGHT,SIDESWIPE SAME DIRECTION,NOT DIVIDED,,STRAIGHT AND LEVEL,DRY,NO DEFECTS,NOT ON SCENE (DESK REPORT),NO INJURY / DRIVE AWAY,,,Y,"OVER $1,500",08/25/2022 05:00:00 PM,UNABLE TO DETERMINE,UNABLE TO DETERMINE,235,N,PULASKI RD,1122,,,,,,,2,NO INDICATION OF INJURY,0,0,0,0,0,0,2,15,5,8,41.8839911432,-87.7256158248,POINT (-87.725615824754 41.883991143229)
81a2b9e6b0cf71ab7006d9b1bea5c788307af317d93ae296462ff7436655efacea2252034037b6a8abe544acec9daa68466e2be25921d7364f4746163537e8c8,,08/24/2022 02:45:00 PM,30,TRAFFIC SIGNAL,FUNCTIONING PROPERLY,CLEAR,DAYLIGHT,TURNING,FOUR WAY,,STRAIGHT AND LEVEL,DRY,NO DEFECTS,NOT ON SCENE (DESK REPORT),NO INJURY / DRIVE AWAY,Y,,Y,"OVER $1,500",08/24/2022 04:50:00 PM,UNABLE TO DETERMINE,UNABLE TO DETERMINE,2130,N,CENTRAL AVE,2515,,,,,,,2,NO INDICATION OF INJURY,0,0,0,0,0,0,2,14,4,8,41.9188999051,-87.7663180425,POINT (-87.766318042487 41.918899905081)
6c4df7acf6aa907425355e2bb1a456b700616eeec48d5249d227ee90637409ccac5de8f926676127a8f9629d0d7bd32cc0366ae348b5bcf45db5cb07212b836c,,08/22/2022 06:30:00 PM,30,NO CONTROLS,NO CONTROLS,CLEAR,DAYLIGHT,SIDESWIPE SAME DIRECTION,ONE-WAY,,STRAIGHT AND LEVEL,DRY,NO DEFECTS,ON SCENE,NO INJURY / DRIVE AWAY,,,,"OVER $1,500",08/22/2022 07:28:00 PM,FAILING TO YIELD RIGHT-OF-WAY,NOT APPLICABLE,7,E,MONROE ST,112,,,,,,,2,NO INDICATION OF INJURY,0,0,0,0,0,0,2,18,2,8,41.8806599248,-87.6274406413,POINT (-87.627440641293 41.880659924756)
b929877c98d4120e6fe41a1e899277616a0143ae116722dfb7d3da918421c02f96c6694db2d16f7b9df352f0ea5efffd324fa965ca17a6270357bc6f4b700a96,,08/17/2022 05:13:00 AM,30,TRAFFIC SIGNAL,FUNCTIONING PROPERLY,CLEAR,DAYLIGHT,ANGLE,FOUR WAY,,STRAIGHT AND LEVEL,DRY,NO DEFECTS,ON SCENE,INJURY AND / OR TOW DUE TO CRASH,Y,,,"OVER $1,500",08/17/2022 05:19:00 AM,UNABLE TO DETERMINE,NOT APPLICABLE,5598,W,MONTROSE AVE,1623,,,,,,,2,NO INDICATION OF INJURY,0,0,0,0,0,0,2,5,4,8,41.9605954581,-87.7671216377,POINT (-87.767121637692 41.960595458057)
581887bed79a26eacb850be999144789a9446edaccc461c446b58ab3a35aee4051b70067fa2e06afbfd515a94c94da647581d207b8d043498474716cf4dd397e,,07/31/2022 05:00:00 PM,30,TRAFFIC SIGNAL,FUNCTIONING PROPERLY,CLEAR,DAYLIGHT,REAR END,DIVIDED - W/MEDIAN (NOT RAISED),,STRAIGHT AND LEVEL,DRY,NO DEFECTS,NOT ON SCENE (DESK REPORT),NO INJURY / DRIVE AWAY,,,,"OVER $1,500",07/31/2022 05:20:00 PM,FOLLOWING TOO CLOSELY,NOT APPLICABLE,1100,W,87TH ST,613,,,,,,,2,NO INDICATION OF INJURY,0,0,0,0,0,0,3,17,1,7,41.736077949,-87.6509800101,POINT (-87.650980010112 41.736077949033)
aba76e6d60975dfc5d43adfe4467019078be7d43b85b2763b700b04d3cd539fadb7561f8c1146039f6ae9507904c9c2baaa7b4488042fa0567325c921f5f9dbe,Y,07/30/2022 11:04:00 AM,20,NO CONTROLS,NO CONTROLS,CLEAR,DAYLIGHT,PARKED MOTOR VEHICLE,NOT DIVIDED,,STRAIGHT AND LEVEL,DRY,NO DEFECTS,ON SCENE,INJURY AND / OR TOW DUE TO CRASH,,,Y,"OVER $1,500",07/30/2022 12:50:00 PM,FOLLOWING TOO CLOSELY,NOT APPLICABLE,2728,W,POLK ST,1135,,,,,,,3,NO INDICATION OF INJURY,0,0,0,0,0,0,1,11,7,7,41.8711836482,-87.6947656994,POINT (-87.694765699434 41.871183648232)
20a78c9d61f3e2799aab950dabf4e1ec12e6712b7008f799e179e7bf83160d0933f867b616a88d25b5f50da03e1dcf38e16f84c82d31fa398d63ced29ae22d32,,07/29/2022 06:37:00 PM,30,NO CONTROLS,NO CONTROLS,CLEAR,DAYLIGHT,TURNING,NOT DIVIDED,,STRAIGHT AND LEVEL,DRY,NO DEFECTS,ON SCENE,INJURY AND / OR TOW DUE TO CRASH,,,Y,"OVER $1,500",07/29/2022 06:37:00 PM,IMPROPER OVERTAKING/PASSING,FAILING TO REDUCE SPEED TO AVOID CRASH,6776,S,SOUTH CHICAGO AVE,322,,,,,,,2,NO INDICATION OF INJURY,0,0,0,0,0,0,3,18,6,7,41.7713081994,-87.6133743614,POINT (-87.613374361388 41.771308199416)
a7ce0e9ba1f1babce03a52c2750518011b8282107c645c996dd3a735ee6e51338b0f9b167b16ddbecc6d20c25c0da744b700f2371e23e31ce4d7175719467725,,07/28/2022 03:40:00 PM,30,NO CONTROLS,NO CONTROLS,CLEAR,DAYLIGHT,PARKED MOTOR VEHICLE,NOT DIVIDED,,STRAIGHT AND LEVEL,DRY,NO DEFECTS,NOT ON SCENE (DESK REPORT),NO INJURY / DRIVE AWAY,,,,"$501 - $1,500",07/28/2022 04:00:00 PM,IMPROPER OVERTAKING/PASSING,IMPROPER OVERTAKING/PASSING,3711,S,VINCENNES AVE,212,,Y,,,,,2,NO INDICATION OF INJURY,0,0,0,0,0,0,1,15,5,7,41.8272018971,-87.6115694087,POINT (-87.611569408708 41.827201897074)
93aa0c2ca92a4255d48ea69c8a49c6475fa164c11fb514c0d7b70090c98340fbf63da54fc18bb54fe563fc875c321ce04b5e6dca91c1b3e764d0eb3d001c4b6a,,07/24/2022 09:18:00 AM,30,NO CONTROLS,NO CONTROLS,RAIN,DAYLIGHT,TURNING,NOT DIVIDED,,STRAIGHT AND LEVEL,WET,NO DEFECTS,ON SCENE,INJURY AND / OR TOW DUE TO CRASH,,,,"OVER $1,500",07/24/2022 09:27:00 AM,IMPROPER TURNING/NO SIGNAL,IMPROPER TURNING/NO SIGNAL,7358,S,COTTAGE GROVE AVE,323,,,,,,,2,NONINCAPACITATING INJURY,1,0,0,1,0,0,1,9,1,7,41.7604945024,-87.6055941483,POINT (-87.605594148338 41.760494502384)
5a55d4eec2f8b700d0772136d08bd74d4128d4f7b8e9ebb879f43f23eca4f78a5027cfc0603894b5cccf453c8705ffc3de41d788f0d3b247a7b67dc7e7c0aed0,,07/21/2022 05:20:00 PM,30,NO CONTROLS,NO CONTROLS,CLEAR,DAYLIGHT,TURNING,NOT DIVIDED,,STRAIGHT AND LEVEL,DRY,NO DEFECTS,NOT ON SCENE (DESK REPORT),NO INJURY / DRIVE AWAY,Y,,,"OVER $1,500",07/21/2022 05:55:00 PM,FAILING TO YIELD RIGHT-OF-WAY,FAILING TO YIELD RIGHT-OF-WAY,2000,S,HALSTED ST,1235,,,,,,,2,NO INDICATION OF INJURY,0,0,0,0,0,0,2,17,5,7,41.8553149485,-87.6467182377,POINT (-87.646718237731 41.855314948497)
87a210cf8ceeb6c5870f8de15538e12daeec6139d56a49fda1a693e7f4dbede71ace8b296a1d79f0f019645ae5dc429b35f4ca172b700bb1c670c137e4e576cb,,07/20/2022 01:23:00 AM,30,NO CONTROLS,NO CONTROLS,CLEAR,"DARKNESS, LIGHTED ROAD",FIXED OBJECT,ONE-WAY,,STRAIGHT AND LEVEL,DRY,NO DEFECTS,ON SCENE,NO INJURY / DRIVE AWAY,,,,"$501 - $1,500",07/20/2022 01:23:00 AM,"OPERATING VEHICLE IN ERRATIC, RECKLESS, CARELESS, NEGLIGENT OR AGGRESSIVE MANNER",NOT APPLICABLE,2801,W,52ND ST,923,,,,,,,1,NO INDICATION OF INJURY,0,0,0,0,0,0,4,1,4,7,41.7990530084,-87.6940088041,POINT (-87.694008804073 41.799053008372)
8fdee779292b1dc96b5c58ba9c8253c4e07db26eff203c81e2daceca8c5d7d5b7001abdf224b6e43303ee0caac4ac4742f0f3d5f396631aa10893af2a576bfa2,,07/17/2022 12:00:00 PM,10,NO CONTROLS,NO CONTROLS,CLEAR,DAYLIGHT,PARKED MOTOR VEHICLE,ONE-WAY,,STRAIGHT AND LEVEL,DRY,NO DEFECTS,NOT ON SCENE (DESK REPORT),NO INJURY / DRIVE AWAY,,,Y,"$501 - $1,500",07/17/2022 02:15:00 PM,UNABLE TO DETERMINE,UNABLE TO DETERMINE,11204,S,LANGLEY AVE,531,,,,,,,2,NO INDICATION OF INJURY,0,0,0,0,0,0,1,12,1,7,41.6908184395,-87.6061057531,POINT (-87.606105753134 41.690818439548)
212bfb699307f73f50d4eee4565f4fd928151346bf8db86e051d39fce834d0c6b7a667947c1790a52732e248c5aaf41ab7008a5d5c4a721cbe01dec40a85d667,,07/11/2022 03:50:00 PM,30,STOP SIGN/FLASHER,UNKNOWN,CLEAR,DAYLIGHT,ANGLE,FOUR WAY,,STRAIGHT AND LEVEL,DRY,UNKNOWN,NOT ON SCENE (DESK REPORT),NO INJURY / DRIVE AWAY,Y,,Y,"OVER $1,500",07/11/2022 04:05:00 PM,UNABLE TO DETERMINE,NOT APPLICABLE,3859,W,CHICAGO AVE,1112,,,,,,,2,NO INDICATION OF INJURY,0,0,0,0,0,0,3,15,2,7,41.8952804647,-87.7235754235,POINT (-87.723575423488 41.895280464712)
18aa41440aacc0b967c03ef16d71244664db008cb39d01aff5d4e89c782e3ade1679e1a81dbbb3b1a6216438a59f6e07112490f9c4cb01ca9f7a770b7005155a,,07/10/2022 09:05:00 PM,30,TRAFFIC SIGNAL,FUNCTIONING PROPERLY,OTHER,"DARKNESS, LIGHTED ROAD",REAR END,FOUR WAY,,STRAIGHT AND LEVEL,WET,NO DEFECTS,ON SCENE,INJURY AND / OR TOW DUE TO CRASH,Y,,,"OVER $1,500",07/10/2022 09:08:00 PM,FAILING TO REDUCE SPEED TO AVOID CRASH,FOLLOWING TOO CLOSELY,6173,N,NAGLE AVE,1611,,,,,,,2,NONINCAPACITATING INJURY,1,0,0,1,0,0,1,21,1,7,41.9936050682,-87.7873874929,POINT (-87.787387492903 41.993605068161)
3be47b0e5233a4341b6d6b700f1429c68e24a6d7c12331ebf55ef66121b8bf4ffaeb73fc765c92fe23d543437cc76eac864fc95ed0df22945af5e1f11b360798,,07/10/2022 03:00:00 AM,30,NO CONTROLS,NO CONTROLS,CLEAR,"DARKNESS, LIGHTED ROAD",SIDESWIPE SAME DIRECTION,ONE-WAY,,STRAIGHT AND LEVEL,DRY,UNKNOWN,ON SCENE,NO INJURY / DRIVE AWAY,,,Y,"OVER $1,500",07/10/2022 03:00:00 AM,FAILING TO REDUCE SPEED TO AVOID CRASH,NOT APPLICABLE,916,N,MAYFIELD AVE,1511,,,,,,,2,NO INDICATION OF INJURY,0,0,0,0,0,0,2,3,1,7,41.8971613441,-87.7725217609,POINT (-87.772521760915 41.897161344108)
99fae819d9aa11a0cb7f502a62c2de7f9077965b700ec5d8395306c5715fa0fbeacccc5ea0ba53984899612e7692495163901b124494e0c12daf3b61c40aa3e9,,07/07/2022 04:45:00 AM,35,TRAFFIC SIGNAL,FUNCTIONING PROPERLY,CLEAR,DAWN,ANGLE,NOT DIVIDED,,STRAIGHT ON GRADE,DRY,NO DEFECTS,ON SCENE,INJURY AND / OR TOW DUE TO CRASH,Y,,Y,"OVER $1,500",07/07/2022 04:46:00 AM,UNABLE TO DETERMINE,UNABLE TO DETERMINE,701,S,CENTRAL AVE,1522,,,,,,,3,"REPORTED, NOT EVIDENT",1,0,0,0,1,0,3,4,5,7,41.8717936267,-87.7644210354,POINT (-87.764421035434 41.871793626706)
136c8f35158f1a865132051d4cc4ecc3866f03bc9689c544bae206f8b700fc42c2fcb44ad9a76f39f61dd6b85954cd62df1051d7a1d5627a5ab6c3eca10b930a,,07/05/2022 01:00:00 PM,30,OTHER,NO CONTROLS,CLEAR,DAYLIGHT,PEDALCYCLIST,ONE-WAY,,STRAIGHT AND LEVEL,DRY,NO DEFECTS,ON SCENE,INJURY AND / OR TOW DUE TO CRASH,N,,,$500 OR LESS,07/05/2022 01:05:00 PM,FAILING TO YIELD RIGHT-OF-WAY,NOT APPLICABLE,2343,N,GREENVIEW AVE,1811,,,,,,,2,NONINCAPACITATING INJURY,1,0,0,1,0,0,1,13,3,7,41.9246510599,-87.6656313936,POINT (-87.665631393577 41.924651059876)
37b12a4e928140d6ddca22fb3c964479e2cb48ddffbbbac8dbd164947993a1f236922800b098ec3e6cfe1d495393f553e5b95c6ee5f78740963bee9880b70026,,07/03/2022 02:30:00 AM,30,STOP SIGN/FLASHER,FUNCTIONING PROPERLY,CLEAR,"DARKNESS, LIGHTED ROAD",TURNING,T-INTERSECTION,,STRAIGHT AND LEVEL,DRY,NO DEFECTS,ON SCENE,INJURY AND / OR TOW DUE TO CRASH,Y,,Y,"OVER $1,500",07/03/2022 02:40:00 AM,DISREGARDING STOP SIGN,UNABLE TO DETERMINE,100,S,KENTON AVE,1113,,,,,,,2,NONINCAPACITATING INJURY,1,0,0,1,0,0,1,2,1,7,41.8792699219,-87.7407175574,POINT (-87.740717557352 41.879269921916)
58722f7431abbf4f086788e6d65fb84a9a2bb678240f063cb43052130e7d74593155d0f6c084b89f3fa7215d83f0bffe944e67eb7001cbb351c8c9b9ca3093b4,,06/30/2022 06:00:00 PM,35,NO CONTROLS,NO CONTROLS,CLEAR,DAYLIGHT,REAR END,DIVIDED - W/MEDIAN (NOT RAISED),,STRAIGHT AND LEVEL,DRY,NO DEFECTS,ON SCENE,NO INJURY / DRIVE AWAY,,,,"$501 - $1,500",06/30/2022 06:00:00 PM,FAILING TO YIELD RIGHT-OF-WAY,NOT APPLICABLE,10000,W,OHARE ST,1651,,,,,,,2,NO INDICATION OF INJURY,0,0,0,0,0,0,5,18,5,6,41.976201139,-87.9053091251,POINT (-87.905309125103 41.976201139024)
13ff5807b7000c1eca8a6c6463b41e800e696704f933b8e7268eda8d150981c23fb83fe6158c57c5a6cf0539beebbe7ec8789a07d2b2b153eaef972736454a13,,06/29/2022 01:25:00 PM,30,NO CONTROLS,NO CONTROLS,CLEAR,DAYLIGHT,TURNING,NOT DIVIDED,,STRAIGHT AND LEVEL,DRY,NO DEFECTS,ON SCENE,NO INJURY / DRIVE AWAY,,,,"OVER $1,500",06/29/2022 01:26:00 PM,FAILING TO YIELD RIGHT-OF-WAY,UNABLE TO DETERMINE,1558,W,FULLERTON AVE,1932,,,,,,,2,NO INDICATION OF INJURY,0,0,0,0,0,0,3,13,4,6,41.9252620846,-87.6680905531,POINT (-87.66809055308 41.925262084631)
e495c2e6db64c3dc0685be47f95b1a0b1e45a83db6698a6cc7be48a1a58f983bf0d18be4202144dbda8511f1b33d91560b304b90c971513c543b7005fd82c0ba,,06/28/2022 05:30:00 PM,30,NO CONTROLS,NO CONTROLS,CLEAR,DAYLIGHT,ANGLE,DIVIDED - W/MEDIAN (NOT RAISED),,STRAIGHT AND LEVEL,DRY,NO DEFECTS,NOT ON SCENE (DESK REPORT),NO INJURY / DRIVE AWAY,,,,"$501 - $1,500",06/28/2022 08:00:00 PM,FAILING TO YIELD RIGHT-OF-WAY,FAILING TO YIELD RIGHT-OF-WAY,6925,S,PULASKI RD,833,,,,,,,2,NO INDICATION OF INJURY,0,0,0,0,0,0,2,17,3,6,41.7668714494,-87.7223168392,POINT (-87.722316839225 41.7668714494)