CRASH_RECORD_ID,CRASH_DATE_EST_I,CRASH_DATE,POSTED_SPEED_LIMIT,TRAFFIC_CONTROL_DEVICE,DEVICE_CONDITION,WEATHER_CONDITION,LIGHTING_CONDITION,FIRST_CRASH_TYPE,TRAFFICWAY_TYPE,LANE_CNT,ALIGNMENT,ROADWAY_SURFACE_COND,ROAD_DEFECT,REPORT_TYPE,CRASH_TYPE,INTERSECTION_RELATED_I,NOT_RIGHT_OF_WAY_I,HIT_AND_RUN_I,DAMAGE,DATE_POLICE_NOTIFIED,PRIM_CONTRIBUTORY_CAUSE,SEC_CONTRIBUTORY_CAUSE,STREET_NO,STREET_DIRECTION,STREET_NAME,BEAT_OF_OCCURRENCE,PHOTOS_TAKEN_I,STATEMENTS_TAKEN_I,DOORING_I,WORK_ZONE_I,WORK_ZONE_TYPE,WORKERS_PRESENT_I,NUM_UNITS,MOST_SEVERE_INJURY,INJURIES_TOTAL,INJURIES_FATAL,INJURIES_INCAPACITATING,INJURIES_NON_INCAPACITATING,INJURIES_REPORTED_NOT_EVIDENT,INJURIES_UNKNOWN,INJURIES_NO_INDICATION,CRASH_HOUR,CRASH_DAY_OF_WEEK,CRASH_MONTH,LATITUDE,LONGITUDE,LOCATION
89bee686b079f10708b98ecce6b7b700d62d2254f52a196d73c8cb0f4b25a5ffdbc7deaa5e4fbbecf53746e66bdaa4e4d5662e2096e50b215f853e1fb7864daa,,06/28/2022 04:00:00 PM,30,NO CONTROLS,NO CONTROLS,CLEAR,DAYLIGHT,REAR END,NOT DIVIDED,,STRAIGHT AND LEVEL,DRY,NO DEFECTS,NOT ON SCENE (DESK REPORT),NO INJURY / DRIVE AWAY,,,Y,"OVER $1,500",06/28/2022 04:56:00 PM,FOLLOWING TOO CLOSELY,NOT APPLICABLE,3800,W,GRAND AVE,2535,,,,,,,2,NO INDICATION OF INJURY,0,0,0,0,0,0,2,16,3,6,41.9043267889,-87.7214669874,POINT (-87.721466987369 41.90432678888)
541505d85eb19a584ef000eb6c6a72b109777cfd310c872dd4a321aca2effdac67cd5e65015f2d8cb5bf5b0e67cfda716c695c8d2ecdcf2b6b7001ca0a3cd0f1,N,06/20/2022 01:35:00 PM,30,TRAFFIC SIGNAL,FUNCTIONING PROPERLY,CLEAR,DAYLIGHT,PEDESTRIAN,FOUR WAY,,STRAIGHT AND LEVEL,DRY,NO DEFECTS,ON SCENE,INJURY AND / OR TOW DUE TO CRASH,Y,,Y,$500 OR LESS,06/20/2022 04:08:00 PM,FAILING TO YIELD RIGHT-OF-WAY,NOT APPLICABLE,912,N,STATE ST,1832,,,,,,,2,NONINCAPACITATING INJURY,1,0,0,1,0,0,1,13,2,6,41.8996076741,-87.6284266818,POINT (-87.628426681762 41.89960767411)
ce8b6045c4cf6c9da6b000090f221d92352436dc52caeae61e3a4939db9d4e68dd7abd674017d08b82aa467da33b2f897a487329b700247f812adbe43c09e7ed,Y,06/20/2022 02:00:00 AM,30,OTHER REG. SIGN,FUNCTIONING PROPERLY,CLEAR,"DARKNESS, LIGHTED ROAD",PARKED MOTOR VEHICLE,DIVIDED - W/MEDIAN (NOT RAISED),,STRAIGHT AND LEVEL,DRY,NO DEFECTS,,INJURY AND / OR TOW DUE TO CRASH,,,Y,"OVER $1,500",06/20/2022 06:32:00 AM,UNABLE TO DETERMINE,UNABLE TO DETERMINE,6336,W,GRAND AVE,2512,,,,,,,2,NO INDICATION OF INJURY,0,0,0,0,0,0,1,2,2,6,41.922374479,-87.7841872954,POINT (-87.784187295374 41.92237447896)
0da49b054370c433c8a910655fef6138c8b700c1a20b350b6d915687f39847a6b8f58e91bd3fd68cd728901f53e16ff102cc82c8f31bab44fb6dc8fac487835d,,06/19/2022 09:30:00 PM,30,STOP SIGN/FLASHER,OTHER,CLEAR,"DARKNESS, LIGHTED ROAD",PEDALCYCLIST,DIVIDED - W/MEDIAN (NOT RAISED),,STRAIGHT ON GRADE,DRY,NO DEFECTS,ON SCENE,INJURY AND / OR TOW DUE TO CRASH,,,Y,"OVER $1,500",06/20/2022 07:15:00 AM,FAILING TO YIELD RIGHT-OF-WAY,NOT APPLICABLE,4500,S,CALIFORNIA AVE,922,,,,,,,2,NONINCAPACITATING INJURY,1,0,0,1,0,0,1,21,1,6,41.8118188777,-87.6944586281,POINT (-87.694458628094 41.811818877708)
f296df156b03a606eb0f1239a673593d6a3f08c64ecb70007ec1f5066d09942bdffade2d31f2aa03a7f0c8ebe91fbf32a01821362a36373badadbccaf34358d5,,06/17/2022 12:00:00 PM,30,NO CONTROLS,NO CONTROLS,CLEAR,DAYLIGHT,TURNING,NOT DIVIDED,,STRAIGHT AND LEVEL,UNKNOWN,UNKNOWN,NOT ON SCENE (DESK REPORT),NO INJURY / DRIVE AWAY,,,,$500 OR LESS,06/17/2022 12:10:00 PM,FAILING TO YIELD RIGHT-OF-WAY,NOT APPLICABLE,3757,W,59TH ST,822,,,,,,,2,NO INDICATION OF INJURY,0,0,0,0,0,0,3,12,6,6,41.7859066677,-87.7178553534,POINT (-87.717855353398 41.785906667697)
99b63d3c7da449af8c23ff9c9ee842bdea1949dd0880e110353bb6905a0af97fba11c6fc821cc2dfb93b7006412c195bcda8d5aa17c97e768f01a1e7b8f60d6a,,06/16/2022 01:10:00 PM,30,NO CONTROLS,NO CONTROLS,CLEAR,DAYLIGHT,TURNING,NOT DIVIDED,,STRAIGHT AND LEVEL,DRY,NO DEFECTS,NOT ON SCENE (DESK REPORT),INJURY AND / OR TOW DUE TO CRASH,,,Y,"OVER $1,500",06/16/2022 02:20:00 PM,IMPROPER TURNING/NO SIGNAL,NOT APPLICABLE,7000,S,ASHLAND AVE,735,,,,,,,3,"REPORTED, NOT EVIDENT",3,0,0,0,3,0,2,13,5,6,41.7666374582,-87.663982209,POINT (-87.663982209003 41.766637458225)
92439303143f51d2648b88aec5483b0e6c79dfb03b700469cdaae139804e2d965cf2cd146f2604a2d4486f144a7816ddea21c2313b05e1bf15527a2c0ee01246,,06/16/2022 03:00:00 AM,30,NO CONTROLS,NO CONTROLS,CLEAR,DAYLIGHT,PARKED MOTOR VEHICLE,NOT DIVIDED,,STRAIGHT AND LEVEL,DRY,NO DEFECTS,NOT ON SCENE (DESK REPORT),NO INJURY / DRIVE AWAY,,,,"OVER $1,500",06/17/2022 07:35:00 PM,FOLLOWING TOO CLOSELY,FOLLOWING TOO CLOSELY,5151,W,AGATITE AVE,1623,,,,,,,2,NO INDICATION OF INJURY,0,0,0,0,0,0,1,3,5,6,41.9614066503,-87.7570075378,POINT (-87.757007537753 41.961406650318)
b598c74e13a4b8589b7009d0fb5d2be8a8940d72b6d512eb31a67d7cabaff504eb29df592197f60b6505d544152b66970980f7fc921f77933d013ebea4404aab,,06/15/2022 12:00:00 PM,30,NO CONTROLS,NO CONTROLS,CLEAR,DAYLIGHT,PARKED MOTOR VEHICLE,ONE-WAY,,STRAIGHT AND LEVEL,UNKNOWN,UNKNOWN,NOT ON SCENE (DESK REPORT),NO INJURY / DRIVE AWAY,,,,"$501 - $1,500",06/15/2022 01:04:00 PM,IMPROPER BACKING,UNABLE TO DETERMINE,639,W,DEMING PL,1935,,,,,,,2,NO INDICATION OF INJURY,0,0,0,0,0,0,2,12,4,6,41.9277701928,-87.6457047093,POINT (-87.645704709257 41.927770192834)
6df8e01847b93fabb84b4a976e28eb81a4071b700afba30346badca57053822ffa3818270303c02fbf6a5460e071612371d75f7a8bb3a059bdc629f09cc8705d,,06/14/2022 02:27:00 PM,30,NO CONTROLS,NO CONTROLS,CLEAR,DAYLIGHT,PEDALCYCLIST,DIVIDED - W/MEDIAN (NOT RAISED),,STRAIGHT AND LEVEL,DRY,NO DEFECTS,ON SCENE,NO INJURY / DRIVE AWAY,,,,$500 OR LESS,06/14/2022 02:27:00 PM,UNABLE TO DETERMINE,NOT APPLICABLE,4942,W,MADISON ST,1533,,N,,,,,2,NO INDICATION OF INJURY,0,0,0,0,0,0,3,14,3,6,41.8805559627,-87.7493373808,POINT (-87.749337380765 41.880555962728)
b8200c7e00c30fb7850f1c79fb403097446a0ad32c944ef0007edabadb22606768b9ed333484a4212385af6f141974d1b6ac2fac64dfb700f2556f4dc1ff6128,,06/08/2022 03:24:00 PM,10,NO CONTROLS,NO CONTROLS,CLEAR,DAYLIGHT,REAR TO FRONT,OTHER,,STRAIGHT AND LEVEL,WET,NO DEFECTS,ON SCENE,NO INJURY / DRIVE AWAY,,,,"OVER $1,500",06/08/2022 03:38:00 PM,IMPROPER BACKING,NOT APPLICABLE,3901,W,63RD ST,823,,,,,,,2,NO INDICATION OF INJURY,0,0,0,0,0,0,4,15,4,6,41.778584029,-87.7204274783,POINT (-87.720427478295 41.77858402896)
b61d73465e6343026789c6e51a2571c3d5d6b700abfe20acd3dbbe6f0c1afbd8a55254bb8aca59ac6be7028814329217a78e48c84a1f4e8c61e1607d8c4f284d,,06/07/2022 09:00:00 PM,30,TRAFFIC SIGNAL,UNKNOWN,UNKNOWN,"DARKNESS, LIGHTED ROAD",ANGLE,FOUR WAY,,STRAIGHT AND LEVEL,UNKNOWN,UNKNOWN,NOT ON SCENE (DESK REPORT),NO INJURY / DRIVE AWAY,Y,,Y,"OVER $1,500",06/07/2022 09:50:00 PM,UNABLE TO DETERMINE,NOT APPLICABLE,3100,S,CENTRAL PARK AVE,1032,,,,,,,2,NO INDICATION OF INJURY,0,0,0,0,0,0,2,21,3,6,41.8369653642,-87.7147391421,POINT (-87.714739142055 41.836965364198)
c15012929e5d8506bf0311c0c5c4d4a8af60d34e13b7004058ccf7c4ee9a8bedf3bd80b9dcb67cb3f50ff18822d5fa5957874463d50b3c44e35a0363b9829d45,,06/06/2022 10:40:00 AM,20,NO CONTROLS,NO CONTROLS,RAIN,DAYLIGHT,FIXED OBJECT,ALLEY,,STRAIGHT AND LEVEL,WET,NO DEFECTS,NOT ON SCENE (DESK REPORT),NO INJURY / DRIVE AWAY,,,,"$501 - $1,500",06/06/2022 10:41:00 AM,UNABLE TO DETERMINE,UNABLE TO DETERMINE,3931,W,ERIE ST,1122,,,,,,,1,NO INDICATION OF INJURY,0,0,0,0,0,0,1,10,2,6,,,
a64e82770daa437e91968b2db7004591290b51c3b382f19581c85f5ba4bf014cd43be9183d86948052e68b36e1d547fc14b7f197c13e6b3e2a6f1507b530a3c8,,06/04/2022 03:13:00 PM,20,STOP SIGN/FLASHER,FUNCTIONING PROPERLY,CLEAR,DAYLIGHT,ANGLE,FOUR WAY,,STRAIGHT AND LEVEL,DRY,NO DEFECTS,NOT ON SCENE (DESK REPORT),NO INJURY / DRIVE AWAY,Y,,,"OVER $1,500",06/04/2022 03:45:00 PM,UNABLE TO DETERMINE,UNABLE TO DETERMINE,4700,N,CAMPBELL AVE,1911,,,,,,,2,NO INDICATION OF INJURY,0,0,0,0,0,0,2,15,7,6,41.9668526601,-87.6914451732,POINT (-87.691445173195 41.966852660074)
7421f73db895b83b0783ac7f2204ede7c152342b9ef5efe4107de9bf4cc9b22128b8ea9b09760915241aeebebd00a26f7ddfb4985996569e9cd9fb700e50ce48,,06/02/2022 03:30:00 PM,30,TRAFFIC SIGNAL,FUNCTIONING PROPERLY,CLEAR,DAYLIGHT,REAR END,NOT DIVIDED,,STRAIGHT AND LEVEL,DRY,NO DEFECTS,NOT ON SCENE (DESK REPORT),NO INJURY / DRIVE AWAY,,,,"OVER $1,500",06/02/2022 04:45:00 PM,NOT APPLICABLE,NOT APPLICABLE,4700,S,ARCHER AVE,821,,,,,,,2,NO INDICATION OF INJURY,0,0,0,0,0,0,2,15,5,6,41.8080130052,-87.7143796234,POINT (-87.714379623416 41.808013005188)
736fbd448e3fcdf3a69509354c94fa800fac0c7c4203f547ddc5c29c083a77ebab731238cdb39c54bb70002a725ba950574fc21d75e7a79a39e6f5c595cef5e8,,05/31/2022 12:00:00 PM,30,NO CONTROLS,NO CONTROLS,UNKNOWN,UNKNOWN,PARKED MOTOR VEHICLE,NOT DIVIDED,,STRAIGHT AND LEVEL,UNKNOWN,UNKNOWN,NOT ON SCENE (DESK REPORT),NO INJURY / DRIVE AWAY,,,Y,"OVER $1,500",06/06/2022 07:40:00 PM,UNABLE TO DETERMINE,UNABLE TO DETERMINE,3308,W,MADISON ST,1123,,,,,,,2,NO INDICATION OF INJURY,0,0,0,0,0,0,1,12,3,5,41.8810482339,-87.7089437728,POINT (-87.70894377279 41.881048233901)
a1541f515ababf3654f8c20cadd243c6a159769efcc64ae41a1fac16435da43d07935d57f37aed1ac75680c14d87eae23b70066f8670e9c3c366b03ec7a3e2e5,,05/31/2022 10:47:00 AM,30,NO CONTROLS,NO CONTROLS,CLEAR,DAYLIGHT,SIDESWIPE SAME DIRECTION,FOUR WAY,,STRAIGHT AND LEVEL,DRY,NO DEFECTS,NOT ON SCENE (DESK REPORT),NO INJURY / DRIVE AWAY,Y,,,"OVER $1,500",05/31/2022 11:15:00 AM,IMPROPER LANE USAGE,IMPROPER LANE USAGE,630,W,GRAND AVE,1214,,,,,,,2,NO INDICATION OF INJURY,0,0,0,0,0,0,2,10,3,5,41.8913388723,-87.6443105283,POINT (-87.644310528344 41.891338872256)
c13e09a00b1633b197a271b11fd4a5203c9d6ee5b968ad598a72ad70c4e4724bb630975c456b7b6abdab7002a11f4254c20fe22ac4cbd044b320784f9c1d3221,,05/27/2022 01:38:00 PM,30,TRAFFIC SIGNAL,FUNCTIONING PROPERLY,CLEAR,DAYLIGHT,TURNING,NOT DIVIDED,,STRAIGHT AND LEVEL,DRY,NO DEFECTS,NOT ON SCENE (DESK REPORT),NO INJURY / DRIVE AWAY,Y,,,"OVER $1,500",05/27/2022 03:45:00 PM,FAILING TO YIELD RIGHT-OF-WAY,UNABLE TO DETERMINE,2800,W,26TH ST,1033,,,,,,,2,NO INDICATION OF INJURY,0,0,0,0,0,0,3,13,6,5,41.8448007855,-87.6952525937,POINT (-87.695252593724 41.844800785514)
4268a9c608d5aad309327fccf99b29cc0acac800def97933f15baa896c65d16d679d1109ebe904232a5d31d1279133500c3ae18040f0aa348dcfbb7004459eb1,,05/26/2022 12:59:00 PM,30,STOP SIGN/FLASHER,FUNCTIONING PROPERLY,CLEAR,DAYLIGHT,PARKED MOTOR VEHICLE,TRAFFIC ROUTE,,STRAIGHT AND LEVEL,DRY,NO DEFECTS,ON SCENE,NO INJURY / DRIVE AWAY,Y,,,"$501 - $1,500",05/26/2022 01:22:00 PM,DISREGARDING OTHER TRAFFIC SIGNS,DISREGARDING OTHER TRAFFIC SIGNS,1728,E,69TH ST,332,,,,,,,2,NO INDICATION OF INJURY,0,0,0,0,0,0,1,12,5,5,41.7698477421,-87.5825727199,POINT (-87.582572719945 41.769847742103)
99802b50503c309ab62390d8f9cc16a1665e3500eb264fb70043cda3f7ee3aedb90eb71e9a3ffae82ea115b2626bdb68e1338c7b2c5b0c08b595d58658fa0f6c,,05/24/2022 11:30:00 AM,30,NO CONTROLS,NO CONTROLS,CLEAR,DAYLIGHT,ANGLE,NOT DIVIDED,,STRAIGHT AND LEVEL,DRY,UNKNOWN,NOT ON SCENE (DESK REPORT),NO INJURY / DRIVE AWAY,,,,"OVER $1,500",05/24/2022 12:53:00 PM,FAILING TO YIELD RIGHT-OF-WAY,NOT APPLICABLE,2911,W,FERDINAND ST,1221,,,,,,,2,NO INDICATION OF INJURY,0,0,0,0,0,0,2,11,3,5,41.8899061674,-87.7000058856,POINT (-87.700005885622 41.88990616743)
2c7eff9b700772585b37009e46842feeb6a619442599b5a2924ea5befe6d7a60d871d053784b08ee310ca5a25b552155ae87c6837e484ead6369053d9e2058a2,Y,05/21/2022 08:15:00 AM,15,NO CONTROLS,NO CONTROLS,UNKNOWN,UNKNOWN,PARKED MOTOR VEHICLE,PARKING LOT,,STRAIGHT AND LEVEL,UNKNOWN,UNKNOWN,ON SCENE,NO INJURY / DRIVE AWAY,,,Y,"OVER $1,500",05/21/2022 08:28:00 AM,UNABLE TO DETERMINE,UNABLE TO DETERMINE,365,N,JEFFERSON ST,1214,,,,,,,2,NO INDICATION OF INJURY,0,0,0,0,0,0,1,8,7,5,41.8884778776,-87.6427227369,POINT (-87.642722736941 41.888477877571)
f0a5b929ed1dd187c07d99ad649568bda65d5d2eab7a36da66388a7921b0fc1346b2b700d392e94be52de9ead4e34f2860684cfba332a5288834a158a959d5f0,,05/20/2022 02:30:00 PM,30,NO CONTROLS,NO CONTROLS,UNKNOWN,DAYLIGHT,PARKED MOTOR VEHICLE,PARKING LOT,,STRAIGHT AND LEVEL,UNKNOWN,UNKNOWN,NOT ON SCENE (DESK REPORT),NO INJURY / DRIVE AWAY,,,Y,$500 OR LESS,05/23/2022 02:00:00 PM,UNABLE TO DETERMINE,NOT APPLICABLE,112,W,87TH ST,622,,,,,,,2,NO INDICATION OF INJURY,0,0,0,0,0,0,1,14,6,5,41.7363800456,-87.627509219,POINT (-87.627509219026 41.736380045588)
eba5f01a9481a6bb971e1102d7e7d7513d3c85d36b83cbb70092ece40857ffd12f3eba54871edabe61b33fff327caef54561d9d38a8984c96044a94ddb885d9d,,05/18/2022 10:30:00 AM,10,NO CONTROLS,NO CONTROLS,CLEAR,DAYLIGHT,ANGLE,PARKING LOT,,STRAIGHT AND LEVEL,DRY,NO DEFECTS,NOT ON SCENE (DESK REPORT),NO INJURY / DRIVE AWAY,,Y,,"OVER $1,500",05/18/2022 07:35:00 PM,UNABLE TO DETERMINE,NOT APPLICABLE,501,W,ROOSEVELT RD,124,,,,,,,2,NO INDICATION OF INJURY,0,0,0,0,0,0,2,10,4,5,41.8671431598,-87.6392931741,POINT (-87.639293174131 41.867143159823)
b700c91db7692df4cdfeb05026a6b8771f56227cbd034a799fe49a8a9435b85650dff245839a1f16159d4a7dceead73bd84f446b055a3b6647e35a19b1763d47,,05/16/2022 12:00:00 PM,30,NO CONTROLS,NO CONTROLS,UNKNOWN,UNKNOWN,PARKED MOTOR VEHICLE,NOT DIVIDED,,STRAIGHT AND LEVEL,UNKNOWN,UNKNOWN,NOT ON SCENE (DESK REPORT),NO INJURY / DRIVE AWAY,,,,"OVER $1,500",05/16/2022 02:52:00 PM,DRIVING SKILLS/KNOWLEDGE/EXPERIENCE,UNABLE TO DETERMINE,8640,S,COTTAGE GROVE AVE,632,,,,,,,2,NO INDICATION OF INJURY,0,0,0,0,0,0,1,12,2,5,41.737244283,-87.6049857569,POINT (-87.604985756875 41.737244283031)
1c51c340ff780cb700895649f175a749c32eab69fa9bb803fac69e81c0cad0569d271e4554483c74f543f04dd29f1aecbba911dde50e1e16d09f81d7bde649cc,,05/13/2022 04:40:00 PM,30,NO CONTROLS,NO CONTROLS,CLEAR,DAYLIGHT,PEDALCYCLIST,NOT DIVIDED,,STRAIGHT AND LEVEL,DRY,NO DEFECTS,ON SCENE,INJURY AND / OR TOW DUE TO CRASH,,,,"OVER $1,500",05/13/2022 04:50:00 PM,FAILING TO YIELD RIGHT-OF-WAY,NOT APPLICABLE,1150,W,FULLERTON AVE,1932,,,,,,,2,NONINCAPACITATING INJURY,1,0,0,1,0,0,2,16,6,5,41.9254066361,-87.6580621839,POINT (-87.658062183857 41.92540663614)
ab25d88bdb0d43c5699d0ff452225094fff44e1a24ef92bff1c0fdb4e6a357b14b700239dd2a92c4e048a080bc89e51b60e80046e0a7263a9e1719bd610cd9af,,05/11/2022 02:40:00 PM,40,NO CONTROLS,NO CONTROLS,CLEAR,DAYLIGHT,REAR END,NOT DIVIDED,,STRAIGHT AND LEVEL,DRY,NO DEFECTS,NOT ON SCENE (DESK REPORT),NO INJURY / DRIVE AWAY,,,Y,"$501 - $1,500",05/11/2022 03:10:00 PM,UNABLE TO DETERMINE,UNABLE TO DETERMINE,900,N,LAKE SHORE DR NB,1833,,,,,,,2,NO INDICATION OF INJURY,0,0,0,0,0,0,2,14,4,5,41.8993222788,-87.6187384331,POINT (-87.618738433114 41.899322278833)
7b0ac0a3326382c89ff57142acce006ab419c5095cd9384122bcb137f796bece5419781ce37c7c2074af1f1ec892924a45d32b70013c4273df00b39319033ada,,05/11/2022 11:30:00 AM,25,TRAFFIC SIGNAL,FUNCTIONING PROPERLY,CLEAR,DAYLIGHT,PARKED MOTOR VEHICLE,NOT DIVIDED,,STRAIGHT AND LEVEL,DRY,NO DEFECTS,ON SCENE,NO INJURY / DRIVE AWAY,,,,"OVER $1,500",05/11/2022 11:31:00 AM,IMPROPER LANE USAGE,NOT APPLICABLE,715,E,47TH ST,223,,,,,,,2,NO INDICATION OF INJURY,0,0,0,0,0,0,1,11,4,5,41.8093988935,-87.608301674,POINT (-87.608301673973 41.809398893532)
9fce207114ea2475c8ca3dc9a9cdab35fe04929787d042f5378606c01825b904c415e4cc43fc8cfc6a4df13ebd37156fdc40a288af50faed117ac99eb70024ff,,05/11/2022 08:00:00 AM,30,NO CONTROLS,NO CONTROLS,CLEAR,DAYLIGHT,PEDALCYCLIST,NOT DIVIDED,,STRAIGHT AND LEVEL,DRY,NO DEFECTS,ON SCENE,INJURY AND / OR TOW DUE TO CRASH,,,Y,"$501 - $1,500",05/11/2022 08:22:00 AM,FAILING TO YIELD RIGHT-OF-WAY,FAILING TO YIELD RIGHT-OF-WAY,2745,N,SACRAMENTO AVE,1411,,,,,,,2,NONINCAPACITATING INJURY,1,0,0,1,0,0,1,8,4,5,41.9315731747,-87.7023617905,POINT (-87.70236179052 41.931573174738)
25ef23c3899d6017a7c761357116a14118b700add6c536856365588374b28639ae6fc56577034f4edcd0ec1e25e21ab2d3757ab2b517f6415f48d0f518177716,,05/10/2022 10:00:00 AM,30,TRAFFIC SIGNAL,FUNCTIONING PROPERLY,CLEAR,DAYLIGHT,SIDESWIPE SAME DIRECTION,NOT DIVIDED,,STRAIGHT AND LEVEL,DRY,UNKNOWN,NOT ON SCENE (DESK REPORT),NO INJURY / DRIVE AWAY,,,Y,"$501 - $1,500",05/10/2022 02:30:00 PM,IMPROPER OVERTAKING/PASSING,UNABLE TO DETERMINE,9455,S,STONY ISLAND AVE,413,,,,,,,2,NO INDICATION OF INJURY,0,0,0,0,0,0,2,10,3,5,41.7224933362,-87.5849917039,POINT (-87.584991703861 41.722493336193)
eb75b1908b6b01a30fa3bc5d23fef3356173c895e4bcd27bb21e6f123e7ec9197e886cbd152eeeb7006e78cde8e8d5f54530ae9355a7a39c8b2b0fc5ba4c44bf,,05/09/2022 08:30:00 PM,30,NO CONTROLS,NOT FUNCTIONING,CLEAR,DUSK,PARKED MOTOR VEHICLE,ONE-WAY,,STRAIGHT AND LEVEL,DRY,NO DEFECTS,NOT ON SCENE (DESK REPORT),NO INJURY / DRIVE AWAY,,,Y,"$501 - $1,500",05/09/2022 09:20:00 PM,UNABLE TO DETERMINE,NOT APPLICABLE,545,E,74TH ST,323,,,,,,,2,NO INDICATION OF INJURY,0,0,0,0,0,0,1,20,2,5,41.7602001972,-87.6109425401,POINT (-87.61094254012 41.76020019719)
a82811260f7842b75409b2a88a1f7f0d4074fd71e639b09595ae396768ac38b1f269cdd257b15171900c306aed13b700034aaa5a8dd1ead9c69e71ed4d6ae072,,05/09/2022 07:45:00 AM,30,NO CONTROLS,NO CONTROLS,CLEAR,DAYLIGHT,REAR END,DIVIDED - W/MEDIAN (NOT RAISED),,STRAIGHT AND LEVEL,DRY,NO DEFECTS,NOT ON SCENE (DESK REPORT),NO INJURY / DRIVE AWAY,,,,"OVER $1,500",05/09/2022 10:10:00 AM,FOLLOWING TOO CLOSELY,NOT APPLICABLE,3380,N,MILWAUKEE AVE,1731,,,,,,,2,NO INDICATION OF INJURY,0,0,0,0,0,0,2,7,2,5,41.9426217793,-87.7298656495,POINT (-87.729865649457 41.942621779332)
d72f974a8c22cbff01a9f238581bbf5cffeacab700288558726939aba2c171007bd405704196b24caed4e851e8985820986c7c012ec2ac1365c07039796d873a,N,05/07/2022 06:30:00 PM,15,NO CONTROLS,NO CONTROLS,CLEAR,DAYLIGHT,PARKED MOTOR VEHICLE,PARKING LOT,,STRAIGHT AND LEVEL,DRY,UNKNOWN,NOT ON SCENE (DESK REPORT),NO INJURY / DRIVE AWAY,,Y,Y,"OVER $1,500",05/07/2022 10:00:00 PM,IMPROPER BACKING,NOT APPLICABLE,8131,S,RACINE AVE,613,,,,,,,2,NO INDICATION OF INJURY,0,0,0,0,0,0,1,18,7,5,41.7459213159,-87.6534687092,POINT (-87.653468709223 41.74592131587)
4d0cb700d344e0e61389e85a5e1132ae8858b3d30a79087cc926da12d2ac218870a70427d9fdaaecf46df3ddaaa5a6059e4daa827458f9d62efe23e933eab5a5,,05/06/2022 12:45:00 PM,25,TRAFFIC SIGNAL,FUNCTIONING PROPERLY,RAIN,DAYLIGHT,ANGLE,FOUR WAY,,STRAIGHT AND LEVEL,WET,NO DEFECTS,ON SCENE,NO INJURY / DRIVE AWAY,Y,,,"$501 - $1,500",05/06/2022 12:52:00 PM,IMPROPER OVERTAKING/PASSING,NOT APPLICABLE,7900,S,VINCENNES AVE,621,,,,,,,2,NO INDICATION OF INJURY,0,0,0,0,0,0,3,12,6,5,41.7507503867,-87.6343843454,POINT (-87.634384345423 41.750750386696)
c0da72a62c01adcd5ff7db688c98511a824f2295b3e4aac6f90f1f3a2ee51f8019ff302e7b6071e3a299cc87026b7009dee734878c67975d8194016801c24d52,,05/06/2022 12:40:00 PM,30,TRAFFIC SIGNAL,FUNCTIONING PROPERLY,RAIN,DAYLIGHT,TURNING,NOT DIVIDED,,STRAIGHT AND LEVEL,WET,NO DEFECTS,ON SCENE,NO INJURY / DRIVE AWAY,Y,,,"OVER $1,500",05/06/2022 12:42:00 PM,FAILING TO YIELD RIGHT-OF-WAY,DRIVING SKILLS/KNOWLEDGE/EXPERIENCE,6351,N,LEMONT AVE,1711,,,,,,,2,NO INDICATION OF INJURY,0,0,0,0,0,0,2,12,6,5,41.9971816157,-87.7433436566,POINT (-87.743343656624 41.997181615733)
5731ad1f44912927295208131ba86463cbefeb649157b700e6440543e786114e3d410c1439945660525741a7b2839ce503013bfb830cb860c7a270d52a7c190a,Y,05/05/2022 12:01:00 AM,30,NO CONTROLS,NO CONTROLS,CLEAR,"DARKNESS, LIGHTED ROAD",PARKED MOTOR VEHICLE,ONE-WAY,,STRAIGHT AND LEVEL,DRY,NO DEFECTS,ON SCENE,NO INJURY / DRIVE AWAY,,,Y,"OVER $1,500",05/05/2022 09:50:00 AM,UNABLE TO DETERMINE,UNABLE TO DETERMINE,2924,N,KEATING AVE,2521,,,,,,,2,NO INDICATION OF INJURY,0,0,0,0,0,0,1,0,5,5,41.9341420952,-87.7455747348,POINT (-87.745574734807 41.934142095184)
9ebc586d66db8cf5a0333f0bb700866ad84504639bd835d55ebf0498218217688f7f898fdd20dc8d85e3e0336ed0c383a72dde33ad096841e6c66a75f7280d64,,05/02/2022 08:05:00 PM,30,TRAFFIC SIGNAL,FUNCTIONING PROPERLY,CLEAR,"DARKNESS, LIGHTED ROAD",TURNING,DIVIDED - W/MEDIAN BARRIER,,STRAIGHT AND LEVEL,DRY,NO DEFECTS,ON SCENE,INJURY AND / OR TOW DUE TO CRASH,Y,,Y,"OVER $1,500",05/02/2022 08:08:00 PM,DISREGARDING TRAFFIC SIGNALS,FAILING TO REDUCE SPEED TO AVOID CRASH,200,W,GARFIELD BLVD,225,,,,,,,2,"REPORTED, NOT EVIDENT",1,0,0,0,1,0,1,20,2,5,41.7946703847,-87.6305474761,POINT (-87.630547476056 41.794670384689)