CRASH_RECORD_ID,CRASH_DATE_EST_I,CRASH_DATE,POSTED_SPEED_LIMIT,TRAFFIC_CONTROL_DEVICE,DEVICE_CONDITION,WEATHER_CONDITION,LIGHTING_CONDITION,FIRST_CRASH_TYPE,TRAFFICWAY_TYPE,LANE_CNT,ALIGNMENT,ROADWAY_SURFACE_COND,ROAD_DEFECT,REPORT_TYPE,CRASH_TYPE,INTERSECTION_RELATED_I,NOT_RIGHT_OF_WAY_I,HIT_AND_RUN_I,DAMAGE,DATE_POLICE_NOTIFIED,PRIM_CONTRIBUTORY_CAUSE,SEC_CONTRIBUTORY_CAUSE,STREET_NO,STREET_DIRECTION,STREET_NAME,BEAT_OF_OCCURRENCE,PHOTOS_TAKEN_I,STATEMENTS_TAKEN_I,DOORING_I,WORK_ZONE_I,WORK_ZONE_TYPE,WORKERS_PRESENT_I,NUM_UNITS,MOST_SEVERE_INJURY,INJURIES_TOTAL,INJURIES_FATAL,INJURIES_INCAPACITATING,INJURIES_NON_INCAPACITATING,INJURIES_REPORTED_NOT_EVIDENT,INJURIES_UNKNOWN,INJURIES_NO_INDICATION,CRASH_HOUR,CRASH_DAY_OF_WEEK,CRASH_MONTH,LATITUDE,LONGITUDE,LOCATION
861864bb59648e372cb235422cd3adf2ae419dbd606e8abb89b426c22c51ddfb82bc6954ae24beece054a0b7004aa8d0956ec3b9e99c8f7e9ffe43bbe991c150,,04/30/2022 01:00:00 PM,35,NO CONTROLS,NO CONTROLS,CLEAR,DAYLIGHT,SIDESWIPE SAME DIRECTION,NOT DIVIDED,,STRAIGHT AND LEVEL,DRY,NO DEFECTS,NOT ON SCENE (DESK REPORT),NO INJURY / DRIVE AWAY,,,,"OVER $1,500",04/30/2022 02:30:00 PM,DRIVING SKILLS/KNOWLEDGE/EXPERIENCE,NOT APPLICABLE,2400,S,KEDZIE AVE,1024,,,,,,,2,NO INDICATION OF INJURY,0,0,0,0,0,0,2,13,7,4,41.8480495689,-87.7052946636,POINT (-87.705294663572 41.848049568878)
36dea55fad3c26760eea0fd370349693a667b1be653d489ba48c2157e35ab70087beb83549d01fa9a0e2a72bfdc3d272bd4b95408d4c3db765b75837e85f8285,,04/28/2022 07:30:00 AM,10,TRAFFIC SIGNAL,FUNCTIONING PROPERLY,CLEAR,DAYLIGHT,TURNING,NOT DIVIDED,,STRAIGHT AND LEVEL,DRY,NO DEFECTS,ON SCENE,NO INJURY / DRIVE AWAY,,,,"OVER $1,500",04/28/2022 07:46:00 AM,FAILING TO YIELD RIGHT-OF-WAY,FAILING TO YIELD RIGHT-OF-WAY,566,W,IRVING PARK DR,1915,,,,,,,2,NO INDICATION OF INJURY,0,0,0,0,0,0,2,7,5,4,41.9547493467,-87.6451067301,POINT (-87.645106730146 41.954749346698)
8fe00eb3fac2457494d3a706eea5d6b700b4327094b99fc07f123b32cb8f534f3e23fd2ad4e9865e5eeaa5f09e6db28b4e00a8915cd47e703013fbacf16a8c9c,,04/27/2022 11:20:00 AM,30,NO CONTROLS,NO CONTROLS,CLEAR,DAYLIGHT,FIXED OBJECT,OTHER,,STRAIGHT AND LEVEL,DRY,NO DEFECTS,ON SCENE,NO INJURY / DRIVE AWAY,,Y,,"OVER $1,500",04/27/2022 11:25:00 AM,UNABLE TO DETERMINE,UNABLE TO DETERMINE,2500,S,ASHLAND AVE,1034,,,,,,,1,NO INDICATION OF INJURY,0,0,0,0,0,0,1,11,4,4,41.8465193212,-87.6660604842,POINT (-87.666060484215 41.846519321236)
843119ff34f4b700b25d6b2a4101e6126adc89a52bf1fcb2dd209a35eba40bb7a9923f758cc0913415a26ffa8547c2366183011b3c4cf13cc521f606e1be642c,,04/25/2022 05:45:00 PM,20,NO CONTROLS,NO CONTROLS,CLEAR,DAYLIGHT,PARKED MOTOR VEHICLE,PARKING LOT,,STRAIGHT AND LEVEL,DRY,NO DEFECTS,ON SCENE,INJURY AND / OR TOW DUE TO CRASH,,Y,,"OVER $1,500",04/25/2022 05:48:00 PM,DRIVING SKILLS/KNOWLEDGE/EXPERIENCE,UNABLE TO DETERMINE,4343,N,CENTRAL AVE,1624,,,,,,,2,NO INDICATION OF INJURY,0,0,0,0,0,0,1,17,2,4,41.9599719499,-87.7670788604,POINT (-87.767078860371 41.959971949862)
1eb700ad635b72cdc19e1e8914e7901f3af53ee8d70abc06c9e36f83874877f505ffa76b823e98ade69e92324acbc0679856bc6407be54121e9a46d127084863,,04/23/2022 12:39:00 PM,25,STOP SIGN/FLASHER,FUNCTIONING PROPERLY,CLEAR,DAYLIGHT,TURNING,FOUR WAY,,STRAIGHT AND LEVEL,DRY,NO DEFECTS,ON SCENE,INJURY AND / OR TOW DUE TO CRASH,Y,,,"OVER $1,500",04/23/2022 12:45:00 PM,FAILING TO YIELD RIGHT-OF-WAY,FAILING TO REDUCE SPEED TO AVOID CRASH,11238,S,CENTRAL PARK AVE,2211,,,,,,,3,INCAPACITATING INJURY,1,0,1,0,0,0,4,12,7,4,41.688449588,-87.7106067212,POINT (-87.710606721172 41.688449588019)
117de7c34dca19806ca1ac4dcfbcd645ba1254296eeb8cebecc415341292a1eeaf0af6bf42f3c77ab700ac8c7c844531cadc3da13600b7263dbd1b5f172cd7a8,,04/19/2022 08:26:00 PM,30,STOP SIGN/FLASHER,FUNCTIONING PROPERLY,CLEAR,"DARKNESS, LIGHTED ROAD",PEDALCYCLIST,NOT DIVIDED,,STRAIGHT AND LEVEL,DRY,NO DEFECTS,ON SCENE,INJURY AND / OR TOW DUE TO CRASH,Y,,Y,$500 OR LESS,04/19/2022 08:27:00 PM,DISREGARDING STOP SIGN,UNABLE TO DETERMINE,357,W,63RD ST,722,,Y,,,,,2,INCAPACITATING INJURY,1,0,1,0,0,0,1,20,3,4,41.7798026867,-87.634793081,POINT (-87.634793081001 41.779802686696)
576ce524c2f727929070c28129bd826b0129f684623b2da0b749ac68d15e21e6bccd9b59ab7009bb7f49f03cabd60c4dde32d326e0a6e89266c2733cffc5be72,,04/15/2022 03:55:00 PM,30,NO CONTROLS,NOT FUNCTIONING,RAIN,DAYLIGHT,PARKED MOTOR VEHICLE,DIVIDED - W/MEDIAN (NOT RAISED),,STRAIGHT AND LEVEL,WET,NO DEFECTS,ON SCENE,INJURY AND / OR TOW DUE TO CRASH,,,,"OVER $1,500",04/15/2022 05:21:00 PM,IMPROPER LANE USAGE,UNABLE TO DETERMINE,9022,S,COLFAX AVE,423,,,,,,,4,NO INDICATION OF INJURY,0,0,0,0,0,0,1,15,6,4,41.730978723,-87.561123663,POINT (-87.561123663009 41.730978723007)
1384c19dff2355e8876043f05f940b9c7f9231ec15b700f0d1d7deba87c0fb7df89f77ed8980d4eb0a4760bb35704121891e6ed53ce9d4de167c1fc75ec99ae7,,04/12/2022 06:15:00 PM,30,NO CONTROLS,NO CONTROLS,CLEAR,DAYLIGHT,SIDESWIPE SAME DIRECTION,NOT DIVIDED,,STRAIGHT AND LEVEL,DRY,NO DEFECTS,NOT ON SCENE (DESK REPORT),INJURY AND / OR TOW DUE TO CRASH,,,Y,"$501 - $1,500",04/12/2022 06:15:00 PM,UNABLE TO DETERMINE,UNABLE TO DETERMINE,6046,S,WESTERN AVE,825,,,,,,,2,NO INDICATION OF INJURY,0,0,0,0,0,0,2,18,3,4,41.7833392531,-87.6839004715,POINT (-87.683900471521 41.783339253128)
5276d81b5db38a65ad5a2eb4a739d1b8fb9243f89102d66ffd8d69ecc5c040291a1144a9f9038007d7ba1bf0268fe70d253971614b3a3ff7ad196b7001a02e34,,04/10/2022 09:23:00 PM,30,TRAFFIC SIGNAL,FUNCTIONING PROPERLY,CLEAR,"DARKNESS, LIGHTED ROAD",ANGLE,DIVIDED - W/MEDIAN (NOT RAISED),,STRAIGHT AND LEVEL,DRY,NO DEFECTS,ON SCENE,INJURY AND / OR TOW DUE TO CRASH,Y,,,"OVER $1,500",04/10/2022 09:45:00 PM,FAILING TO YIELD RIGHT-OF-WAY,UNABLE TO DETERMINE,4600,N,SHERIDAN RD,1914,,,,,,,2,NO INDICATION OF INJURY,0,0,0,0,0,0,2,21,1,4,41.9654752745,-87.6549356049,POINT (-87.654935604948 41.965475274534)
18f0ad7c14ecace6b64249378dc9a0b19ba897eb700e44e3946f745928682308913635463f3a9dd4fad1400d92758d4f9ddd72d169e6ef94a0d4f7ac87d67ad3,,04/08/2022 07:35:00 PM,30,NO CONTROLS,NO CONTROLS,RAIN,"DARKNESS, LIGHTED ROAD",PARKED MOTOR VEHICLE,ONE-WAY,,STRAIGHT AND LEVEL,WET,UNKNOWN,ON SCENE,NO INJURY / DRIVE AWAY,,,Y,"$501 - $1,500",04/08/2022 07:42:00 PM,UNABLE TO DETERMINE,NOT APPLICABLE,302,N,PINE AVE,1523,,,,,,,2,NO INDICATION OF INJURY,0,0,0,0,0,0,2,19,6,4,41.8858730868,-87.7635257942,POINT (-87.763525794157 41.885873086846)
deb95fa360a5f1b7a111ee8ecf9e30661eb379c19207d54085d6e6ae10d87af37e46de0882b700a655055b459f45e1c6f687161c05c6a331f5afdb13e87d059f,N,04/08/2022 01:40:00 PM,30,NO CONTROLS,NO CONTROLS,RAIN,DAYLIGHT,PARKED MOTOR VEHICLE,PARKING LOT,,STRAIGHT AND LEVEL,WET,WORN SURFACE,ON SCENE,NO INJURY / DRIVE AWAY,,,Y,"$501 - $1,500",04/08/2022 01:50:00 PM,NOT APPLICABLE,NOT APPLICABLE,6647,S,WESTERN AVE,832,,,,,,,4,NO INDICATION OF INJURY,0,0,0,0,0,0,2,13,6,4,41.7724064825,-87.6833095317,POINT (-87.683309531677 41.772406482508)
16a2535faba74ecd1dd52b46529b1a4e5ce75c3575d5b7008313a6deec2ea44d20ccb4e1979928f7ecc98f28d23ef258f311a93445d372ef9db8b00d7ab13a62,,04/03/2022 01:50:00 PM,45,STOP SIGN/FLASHER,UNKNOWN,CLEAR,DAYLIGHT,REAR END,NOT DIVIDED,,STRAIGHT AND LEVEL,DRY,NO DEFECTS,NOT ON SCENE (DESK REPORT),NO INJURY / DRIVE AWAY,,,Y,"OVER $1,500",04/03/2022 02:29:00 PM,FOLLOWING TOO CLOSELY,UNABLE TO DETERMINE,700,W,111TH ST,2233,,,,,,,2,NO INDICATION OF INJURY,0,0,0,0,0,0,2,13,1,4,41.6924928367,-87.6400186598,POINT (-87.640018659813 41.692492836668)
700fd890f6a6397f2b66341a3326dd1c77a109677a3bb780c1ecacd3cf57ae1af913c6106bb70017d45efd15d4d4c78c2714f07bb8f67f8e98239172999f5fbb,,03/29/2022 06:20:00 PM,20,NO CONTROLS,NO CONTROLS,CLOUDY/OVERCAST,DAYLIGHT,SIDESWIPE OPPOSITE DIRECTION,PARKING LOT,,STRAIGHT AND LEVEL,DRY,NO DEFECTS,ON SCENE,NO INJURY / DRIVE AWAY,,,,"OVER $1,500",03/29/2022 06:25:00 PM,IMPROPER OVERTAKING/PASSING,NOT APPLICABLE,10000,W,OHARE ST,1651,,,,,,,2,NO INDICATION OF INJURY,0,0,0,0,0,0,2,18,3,3,41.976201139,-87.9053091251,POINT (-87.905309125103 41.976201139024)
8ed047c1b1760d6e23c917b214490b8a6987a3c601274e004e88525550594051be9d6b0d1bd34545b2feab700eb1ca16be84debe52b5a1c138c09f7896dcf2d0,,03/27/2022 01:15:00 PM,30,NO CONTROLS,NO CONTROLS,CLEAR,DAYLIGHT,PARKED MOTOR VEHICLE,NOT DIVIDED,,STRAIGHT AND LEVEL,DRY,NO DEFECTS,NOT ON SCENE (DESK REPORT),NO INJURY / DRIVE AWAY,,,,"OVER $1,500",03/29/2022 05:45:00 PM,UNABLE TO DETERMINE,NOT APPLICABLE,5238,S,DREXEL AVE,233,,,,,,,2,NO INDICATION OF INJURY,0,0,0,0,0,0,2,13,1,3,41.7992810677,-87.6040642461,POINT (-87.604064246144 41.799281067743)
2b648375e5c1354063c6f720246bd98211d56d43c4b8a9dc2daff6a5956e32d79a0a1dd6182fd5f0b700db4e0a2459b1526c1028cbc4f58567623c30a43bf082,,03/23/2022 04:30:00 AM,10,NO CONTROLS,NO CONTROLS,RAIN,"DARKNESS, LIGHTED ROAD",FIXED OBJECT,PARKING LOT,,STRAIGHT AND LEVEL,WET,NO DEFECTS,NOT ON SCENE (DESK REPORT),NO INJURY / DRIVE AWAY,,Y,,"OVER $1,500",03/23/2022 05:09:00 AM,WEATHER,NOT APPLICABLE,1010,W,95TH ST,2223,,,,,,,1,NO INDICATION OF INJURY,0,0,0,0,0,0,2,4,4,3,41.7215048907,-87.6485945318,POINT (-87.648594531808 41.721504890723)
14f0d81a6fb90dae2c0ed74e2b0c346e2228365851630924ea4ae7b43c570ed19d734ee2636fe0d944843321d1f35f3495e15d96db700d9a77c56c750193e9b9,,03/19/2022 08:04:00 PM,20,NO CONTROLS,NO CONTROLS,CLEAR,"DARKNESS, LIGHTED ROAD",FIXED OBJECT,NOT DIVIDED,,STRAIGHT AND LEVEL,WET,NO DEFECTS,ON SCENE,INJURY AND / OR TOW DUE TO CRASH,,Y,Y,"OVER $1,500",03/19/2022 08:04:00 PM,DRIVING SKILLS/KNOWLEDGE/EXPERIENCE,UNABLE TO DETERMINE,4737,S,CHRISTIANA AVE,821,,,,,,,1,NO INDICATION OF INJURY,0,0,0,0,0,0,1,20,7,3,41.8069613362,-87.7074791443,POINT (-87.70747914434 41.806961336184)
bd1034e3924ecae74a60ee30afb66bc1b7fd00c5e6b70062281a53b96a9e5388d09c913a106b582ec0e1f00b784c7b96b2126e860aeffe59b1b8b0167987b41a,,03/19/2022 05:50:00 PM,30,TRAFFIC SIGNAL,FUNCTIONING PROPERLY,RAIN,DAYLIGHT,SIDESWIPE SAME DIRECTION,NOT DIVIDED,,STRAIGHT AND LEVEL,WET,NO DEFECTS,NOT ON SCENE (DESK REPORT),NO INJURY / DRIVE AWAY,,,Y,"$501 - $1,500",03/19/2022 06:19:00 PM,UNABLE TO DETERMINE,UNABLE TO DETERMINE,149,N,LOWER WACKER DR,122,,,,,,,2,NO INDICATION OF INJURY,0,0,0,0,0,0,3,17,7,3,41.88440044,-87.6366405588,POINT (-87.636640558797 41.884400440039)
380a03684b7004e32315520d7d9c2c8b07db541bd08a3b6dd8d3f49922c23f87543a7bf94ab85b33c5d47ddb12c43107b4d088c0dee4d79bd6800943c8e039a9,,03/18/2022 03:00:00 PM,30,NO CONTROLS,NO CONTROLS,RAIN,DAYLIGHT,PARKED MOTOR VEHICLE,NOT DIVIDED,,STRAIGHT AND LEVEL,WET,NO DEFECTS,NOT ON SCENE (DESK REPORT),NO INJURY / DRIVE AWAY,,,Y,$500 OR LESS,03/18/2022 03:30:00 PM,UNABLE TO DETERMINE,NOT APPLICABLE,3100,N,LAVERGNE AVE,2521,,,,,,,2,NO INDICATION OF INJURY,0,0,0,0,0,0,1,15,6,3,41.936983334,-87.7518686702,POINT (-87.75186867018 41.93698333405)
676ce753c92be9f823291e7297e6e63e903e179de699a57e3a019101abffedafbcfef5ae1e46b71a6165c4ac18e907e159fcd91f20ef5cd93f010e49b70085bd,,03/14/2022 02:40:00 PM,25,NO CONTROLS,NO CONTROLS,CLEAR,DAYLIGHT,PARKED MOTOR VEHICLE,NOT DIVIDED,,STRAIGHT AND LEVEL,DRY,NO DEFECTS,NOT ON SCENE (DESK REPORT),NO INJURY / DRIVE AWAY,,,,"$501 - $1,500",03/14/2022 03:15:00 PM,UNABLE TO DETERMINE,NOT APPLICABLE,4229,W,ALTGELD ST,2524,,,,,,,2,NO INDICATION OF INJURY,0,0,0,0,0,0,1,14,2,3,41.9261280233,-87.7328870483,POINT (-87.73288704835 41.926128023311)
6805e3e276dd0e89fe011fec06e7c7b700d848382f2f4a37f780467b6e45bbc00a6c72b36586cfcb1bfd592fe27bc6ccaf42fc26e63a16ea8238a67c89b047f1,,03/12/2022 09:10:00 AM,15,NO CONTROLS,NO CONTROLS,CLEAR,DAYLIGHT,PARKED MOTOR VEHICLE,PARKING LOT,,STRAIGHT AND LEVEL,DRY,NO DEFECTS,ON SCENE,NO INJURY / DRIVE AWAY,,,Y,$500 OR LESS,03/12/2022 09:20:00 AM,UNABLE TO DETERMINE,NOT APPLICABLE,3500,N,KIMBALL AVE,1732,,,,,,,2,NO INDICATION OF INJURY,0,0,0,0,0,0,1,9,7,3,41.9448810738,-87.7128050888,POINT (-87.712805088759 41.944881073845)
b2f3752ee4e4a66b502cf185d16f263a7ccce1cf9ae26067724d179844f0a3ab140d2293bf4d2ab7eab700065dbe1f913f1392b443adc4f6359e8ca48f36b1be,,03/10/2022 05:49:00 PM,30,STOP SIGN/FLASHER,FUNCTIONING PROPERLY,SNOW,DAYLIGHT,HEAD ON,ONE-WAY,,STRAIGHT AND LEVEL,SNOW OR SLUSH,NO DEFECTS,ON SCENE,INJURY AND / OR TOW DUE TO CRASH,,,Y,"OVER $1,500",03/10/2022 05:55:00 PM,DRIVING SKILLS/KNOWLEDGE/EXPERIENCE,DRIVING SKILLS/KNOWLEDGE/EXPERIENCE,1729,E,77TH ST,414,,,,,,,2,NO INDICATION OF INJURY,0,0,0,0,0,0,2,17,5,3,41.7550574535,-87.5822344326,POINT (-87.582234432628 41.755057453503)
24151ad68964eb80e9da1074bbeed305e79032d130d8bc6a8b573c49db7005f36c8b4048d20d5055f36ec8b275f9e7c9c188a2d1599eca7ad911767fd210ec1f,,03/06/2022 05:00:00 PM,30,TRAFFIC SIGNAL,FUNCTIONING PROPERLY,CLEAR,DAYLIGHT,TURNING,DIVIDED - W/MEDIAN (NOT RAISED),,STRAIGHT AND LEVEL,DRY,NO DEFECTS,ON SCENE,NO INJURY / DRIVE AWAY,,,Y,"OVER $1,500",03/06/2022 05:40:00 PM,IMPROPER TURNING/NO SIGNAL,UNABLE TO DETERMINE,2400,N,HALSTED ST,1935,,,,,,,2,NO INDICATION OF INJURY,0,0,0,0,0,0,3,17,1,3,41.9255403154,-87.6489121555,POINT (-87.648912155512 41.925540315432)
590ce834b6e226d7206e07e11588c97a0faf1a96e6da7207ffa357b740eaafb7007ce3050e6b5e9efca5d744785fb888ad9e22faaa16e4c768f82c8cc9ac7c2f,,03/03/2022 04:17:00 PM,30,NO CONTROLS,NO CONTROLS,CLEAR,DAYLIGHT,PARKED MOTOR VEHICLE,PARKING LOT,,STRAIGHT AND LEVEL,DRY,UNKNOWN,NOT ON SCENE (DESK REPORT),NO INJURY / DRIVE AWAY,,,,"$501 - $1,500",03/04/2022 11:30:00 AM,IMPROPER BACKING,IMPROPER BACKING,5015,S,BLACKSTONE AVE,222,,,,,,,2,NO INDICATION OF INJURY,0,0,0,0,0,0,1,16,5,3,41.8037547907,-87.5903839454,POINT (-87.590383945444 41.803754790702)
ff7a50e6a6a1a1985ff0454cedf217abf88f5e37f74bcf22823e679d50825eb700653776db775361df8224d65289f054cf342cc122c38ab89c0d4609bc251e2c,,03/01/2022 12:36:00 PM,30,TRAFFIC SIGNAL,FUNCTIONING PROPERLY,CLEAR,DAYLIGHT,ANGLE,DIVIDED - W/MEDIAN (NOT RAISED),,STRAIGHT AND LEVEL,DRY,NO DEFECTS,NOT ON SCENE (DESK REPORT),NO INJURY / DRIVE AWAY,,,Y,"OVER $1,500",03/01/2022 02:00:00 PM,UNABLE TO DETERMINE,UNABLE TO DETERMINE,3966,W,GRAND AVE,2535,,,,,,,2,NO INDICATION OF INJURY,0,0,0,0,0,0,2,12,3,3,41.9062280486,-87.7262766656,POINT (-87.726276665609 41.906228048642)
ea72c6b8167d50a2c3d2739af7a2aab671d0d0ca5ea01e41c0d64e83aedab1112779f70b835c9057b7003001f52e678138eab522d87dd16b0ce143d57e816c81,,02/26/2022 02:35:00 PM,30,NO CONTROLS,NO CONTROLS,UNKNOWN,DAYLIGHT,REAR TO FRONT,NOT DIVIDED,,STRAIGHT AND LEVEL,UNKNOWN,UNKNOWN,NOT ON SCENE (DESK REPORT),NO INJURY / DRIVE AWAY,,,Y,"OVER $1,500",02/28/2022 08:45:00 PM,IMPROPER BACKING,NOT APPLICABLE,2715,N,CLARK ST,1935,,,,,,,2,NO INDICATION OF INJURY,0,0,0,0,0,0,2,14,7,2,41.9318057809,-87.6443886557,POINT (-87.644388655717 41.93180578091)
98ed32f853576eb3057f3fcabe2dae257b7004ab8c004093c907c0b6f53b2b51fcd0c05b150b00c66c2dfb51a905bfae6531b13109b9b9ea7d8c30a9cea0ecda,,02/26/2022 12:55:00 PM,15,NO CONTROLS,NO CONTROLS,CLEAR,DAYLIGHT,PARKED MOTOR VEHICLE,PARKING LOT,,STRAIGHT AND LEVEL,UNKNOWN,UNKNOWN,NOT ON SCENE (DESK REPORT),NO INJURY / DRIVE AWAY,,Y,,"OVER $1,500",02/26/2022 01:15:00 PM,UNABLE TO DETERMINE,UNABLE TO DETERMINE,4650,W,NORTH AVE,2533,,,,,,,2,NO INDICATION OF INJURY,0,0,0,0,0,0,2,12,7,2,41.909764527,-87.7433762957,POINT (-87.743376295706 41.909764527033)
295b7781e02836c2e2581cb7d4f9a9fb4afa1bbfbf333eedbd9e6feb2c9177c6183fb93f53cbdbb9d937dd2ff78d62aa2bb21fda10de81b5564bc335e3ab7002,,02/25/2022 08:15:00 AM,30,STOP SIGN/FLASHER,FUNCTIONING IMPROPERLY,SNOW,DAYLIGHT,TURNING,FOUR WAY,,STRAIGHT AND LEVEL,SNOW OR SLUSH,NO DEFECTS,ON SCENE,NO INJURY / DRIVE AWAY,Y,,,$500 OR LESS,02/25/2022 08:20:00 AM,FAILING TO YIELD RIGHT-OF-WAY,NOT APPLICABLE,12200,S,MICHIGAN AVE,532,,,,,,,2,NO INDICATION OF INJURY,0,0,0,0,0,0,2,8,6,2,41.6725371389,-87.6204908447,POINT (-87.620490844704 41.67253713888)
a9d1ec55cf8c08299a5aeabcd2a8f373cb457a11cdd692456c47af9113a604c24616b5a61be833d140258765088c549e5323c8ea18e10e4ef8a5af99b700ef14,,02/20/2022 06:09:00 PM,25,TRAFFIC SIGNAL,FUNCTIONING PROPERLY,CLEAR,"DARKNESS, LIGHTED ROAD",TURNING,OTHER,,STRAIGHT AND LEVEL,DRY,NO DEFECTS,ON SCENE,INJURY AND / OR TOW DUE TO CRASH,Y,,,"OVER $1,500",02/20/2022 06:11:00 PM,UNABLE TO DETERMINE,UNABLE TO DETERMINE,5930,N,RIDGE AVE,2013,,,,,,,2,NO INDICATION OF INJURY,0,0,0,0,0,0,4,18,1,2,41.9895789653,-87.6700082974,POINT (-87.670008297441 41.989578965269)
87c668faa97fc987c65ce49a16f73b3d23b1c8a8582669978e2453c288ab271163ccc8b187551aabf6436f4dfb8253b70010a71010936ed3814f537afe0005b6,,02/19/2022 07:57:00 AM,30,NO CONTROLS,NO CONTROLS,CLEAR,DAYLIGHT,PARKED MOTOR VEHICLE,NOT DIVIDED,,STRAIGHT AND LEVEL,DRY,NO DEFECTS,ON SCENE,INJURY AND / OR TOW DUE TO CRASH,,,Y,"OVER $1,500",02/19/2022 08:24:00 AM,FAILING TO REDUCE SPEED TO AVOID CRASH,NOT APPLICABLE,1641,W,NORTH AVE,1433,,,,,,,2,NO INDICATION OF INJURY,0,0,0,0,0,0,1,7,7,2,41.9104978415,-87.6693631279,POINT (-87.669363127882 41.910497841465)
43d71a49750f92d31d5a64f3202959aa704b35acc45b2918204238fb700f0e572ca6c873216ef8ca71d410becd606fa15cdc81d66ce5255222054751e707c4e5,,02/16/2022 07:00:00 PM,30,TRAFFIC SIGNAL,FUNCTIONING PROPERLY,RAIN,"DARKNESS, LIGHTED ROAD",TURNING,FOUR WAY,,STRAIGHT AND LEVEL,WET,NO DEFECTS,ON SCENE,NO INJURY / DRIVE AWAY,Y,,Y,"OVER $1,500",02/16/2022 07:11:00 PM,UNABLE TO DETERMINE,UNABLE TO DETERMINE,4801,W,LEXINGTON ST,1533,,,,,,,2,NO INDICATION OF INJURY,0,0,0,0,0,0,3,19,4,2,41.8710704833,-87.7449739046,POINT (-87.744973904635 41.871070483337)
5451660d7a510d42a32ac6478e82c4273a57b700239d558c247677d8fe18be79a4934394941cd27c240633407160b280493d639cd77332a62302ce43cf9677db,,02/14/2022 08:20:00 PM,30,NO CONTROLS,NO CONTROLS,CLEAR,"DARKNESS, LIGHTED ROAD",REAR END,NOT DIVIDED,,STRAIGHT AND LEVEL,DRY,NO DEFECTS,ON SCENE,NO INJURY / DRIVE AWAY,,,,$500 OR LESS,02/14/2022 08:21:00 PM,UNABLE TO DETERMINE,UNABLE TO DETERMINE,5300,W,AUGUSTA BLVD,1524,,,,,,,2,NO INDICATION OF INJURY,0,0,0,0,0,0,3,20,2,2,41.8986750314,-87.758212878,POINT (-87.758212877961 41.898675031388)
ab2886a463408363a6fc0b70017b66cfd63c8fe830bc5df02daf7f8469317be2f2befc47a862ed9985368487a462e2629bec8803d7c27c54b22b13e273f9931b,,02/11/2022 06:50:00 PM,30,TRAFFIC SIGNAL,FUNCTIONING PROPERLY,CLEAR,"DARKNESS, LIGHTED ROAD",REAR END,NOT DIVIDED,,STRAIGHT AND LEVEL,DRY,NO DEFECTS,NOT ON SCENE (DESK REPORT),NO INJURY / DRIVE AWAY,,,,"OVER $1,500",02/11/2022 07:15:00 PM,DISTRACTION - FROM INSIDE VEHICLE,DRIVING SKILLS/KNOWLEDGE/EXPERIENCE,10052,S,WESTERN AVE,2211,,,,,,,2,NO INDICATION OF INJURY,0,0,0,0,0,0,2,18,6,2,41.7103333366,-87.6818866339,POINT (-87.681886633948 41.710333336647)
498b037e6c2f929d063b163245d4b7008ecfed6e3e50c2dd62be13835a0013075f73a600535674c8b49286fe5cdaccd0a6b97401d8bbcd0fe24f7053578fba04,,02/09/2022 03:00:00 PM,30,NO CONTROLS,NO CONTROLS,UNKNOWN,UNKNOWN,PARKED MOTOR VEHICLE,ONE-WAY,,STRAIGHT AND LEVEL,UNKNOWN,UNKNOWN,NOT ON SCENE (DESK REPORT),NO INJURY / DRIVE AWAY,,,Y,"OVER $1,500",02/09/2022 03:25:00 PM,UNABLE TO DETERMINE,NOT APPLICABLE,8049,S,CARPENTER ST,612,,,,,,,2,NO INDICATION OF INJURY,0,0,0,0,0,0,1,15,4,2,41.7472852564,-87.6498648775,POINT (-87.649864877464 41.747285256397)
6a83413c8b10ea34538c97db3616b700c4e704836555d21ca57df2664feeaf50c2c7b7f3771cdadf8cc6e8754c69a6c5315569c5329370df42ccef72cf7280c3,,02/09/2022 12:42:00 PM,30,TRAFFIC SIGNAL,FUNCTIONING IMPROPERLY,CLEAR,DAYLIGHT,TURNING,FOUR WAY,,STRAIGHT AND LEVEL,WET,NO DEFECTS,ON SCENE,INJURY AND / OR TOW DUE TO CRASH,Y,,,"OVER $1,500",02/09/2022 02:01:00 PM,FAILING TO REDUCE SPEED TO AVOID CRASH,FAILING TO YIELD RIGHT-OF-WAY,6252,S,WENTWORTH AVE,311,,,,,,,2,NONINCAPACITATING INJURY,3,0,0,3,0,0,1,12,4,2,,,
e76eef2869683c768ff20289be9254a30aba65b2612188906f22fb735416f669ecd4a467686c34efeb175ee7b7007fb1ba55d7a839914947ff2041326f0c2b1a,,02/09/2022 06:00:00 AM,30,NO CONTROLS,NO CONTROLS,CLEAR,DAYLIGHT,PARKED MOTOR VEHICLE,ONE-WAY,,STRAIGHT AND LEVEL,UNKNOWN,UNKNOWN,NOT ON SCENE (DESK REPORT),NO INJURY / DRIVE AWAY,,,,"OVER $1,500",02/10/2022 04:45:00 PM,UNABLE TO DETERMINE,UNABLE TO DETERMINE,2257,N,LONG AVE,2515,,,,,,,2,NO INDICATION OF INJURY,0,0,0,0,0,0,1,6,4,2,41.9220720696,-87.7608561157,POINT (-87.760856115714 41.922072069579)
4cc4a917b8f3b2b2f65b7a5eb172ffe1b700dc803c098a6919a1d1fed6c02a9c80be2517e1a90243050d5e269fe5c5924184399b844bdbd377cdfbebce16c136,Y,02/08/2022 07:21:00 PM,20,NO CONTROLS,NO CONTROLS,SNOW,"DARKNESS, LIGHTED ROAD",ANGLE,FOUR WAY,,STRAIGHT AND LEVEL,WET,UNKNOWN,ON SCENE,INJURY AND / OR TOW DUE TO CRASH,Y,,,"OVER $1,500",02/08/2022 07:22:00 PM,FAILING TO REDUCE SPEED TO AVOID CRASH,FAILING TO REDUCE SPEED TO AVOID CRASH,7000,S,GREEN ST,733,,,,,,,2,NONINCAPACITATING INJURY,1,0,0,1,0,0,1,19,3,2,41.766907778,-87.6458264157,POINT (-87.645826415711 41.766907777986)