CRASH_RECORD_ID,CRASH_DATE_EST_I,CRASH_DATE,POSTED_SPEED_LIMIT,TRAFFIC_CONTROL_DEVICE,DEVICE_CONDITION,WEATHER_CONDITION,LIGHTING_CONDITION,FIRST_CRASH_TYPE,TRAFFICWAY_TYPE,LANE_CNT,ALIGNMENT,ROADWAY_SURFACE_COND,ROAD_DEFECT,REPORT_TYPE,CRASH_TYPE,INTERSECTION_RELATED_I,NOT_RIGHT_OF_WAY_I,HIT_AND_RUN_I,DAMAGE,DATE_POLICE_NOTIFIED,PRIM_CONTRIBUTORY_CAUSE,SEC_CONTRIBUTORY_CAUSE,STREET_NO,STREET_DIRECTION,STREET_NAME,BEAT_OF_OCCURRENCE,PHOTOS_TAKEN_I,STATEMENTS_TAKEN_I,DOORING_I,WORK_ZONE_I,WORK_ZONE_TYPE,WORKERS_PRESENT_I,NUM_UNITS,MOST_SEVERE_INJURY,INJURIES_TOTAL,INJURIES_FATAL,INJURIES_INCAPACITATING,INJURIES_NON_INCAPACITATING,INJURIES_REPORTED_NOT_EVIDENT,INJURIES_UNKNOWN,INJURIES_NO_INDICATION,CRASH_HOUR,CRASH_DAY_OF_WEEK,CRASH_MONTH,LATITUDE,LONGITUDE,LOCATION
7de69a18a4fa615507d69a76b7355c7644f087349e0ed8d75e196702788a09c6a2898ddc3f03192893ec31eb70084d10e6e7401e6416f7c515189d65393907c4,,02/06/2022 05:48:00 PM,30,TRAFFIC SIGNAL,FUNCTIONING PROPERLY,CLOUDY/OVERCAST,"DARKNESS, LIGHTED ROAD",REAR END,ONE-WAY,,STRAIGHT AND LEVEL,DRY,NO DEFECTS,ON SCENE,NO INJURY / DRIVE AWAY,,,,$500 OR LESS,02/06/2022 05:48:00 PM,UNABLE TO DETERMINE,UNABLE TO DETERMINE,11901,S,ASHLAND AVE,524,,,,,,,2,NO INDICATION OF INJURY,0,0,0,0,0,0,4,17,1,2,41.6774388699,-87.6612360274,POINT (-87.661236027425 41.677438869926)
5ba0415db05d79cfb9b10643c88564e518e7cbb2cdf9486323791a7230e973f9267f42ec54924cfcaebe4597c353f8eb7002d98d44045f1f3b8b7afe95506979,,02/03/2022 04:20:00 PM,30,NO CONTROLS,NO CONTROLS,CLEAR,DARKNESS,TURNING,NOT DIVIDED,,STRAIGHT AND LEVEL,WET,NO DEFECTS,ON SCENE,INJURY AND / OR TOW DUE TO CRASH,,,,"OVER $1,500",02/03/2022 05:23:00 PM,FAILING TO YIELD RIGHT-OF-WAY,UNABLE TO DETERMINE,6302,W,DEVON AVE,1611,,,,,,,3,NO INDICATION OF INJURY,0,0,0,0,0,0,3,16,5,2,41.997490634,-87.7854971167,POINT (-87.785497116652 41.997490634021)
334857bbba245e4f8d9d7b7008aebed405b94458c1d2ee3c66406ff5579485e43b89aca0bd8fcfe2c9c98a4c681693cec1f2538aec50844fa6affcde83b6f288,,02/02/2022 10:05:00 PM,30,TRAFFIC SIGNAL,FUNCTIONING PROPERLY,BLOWING SNOW,"DARKNESS, LIGHTED ROAD",SIDESWIPE SAME DIRECTION,FOUR WAY,,STRAIGHT AND LEVEL,SNOW OR SLUSH,NO DEFECTS,ON SCENE,NO INJURY / DRIVE AWAY,Y,,Y,"$501 - $1,500",02/02/2022 11:45:00 PM,UNABLE TO DETERMINE,NOT APPLICABLE,93,N,BESSIE COLEMAN DR,1654,,,,,,,2,NO INDICATION OF INJURY,0,0,0,0,0,0,2,22,4,2,,,
05bf07e23137fd703623fad7c4bf2d7d0a2d9c8aa1889ab349100137fe4cccb484385954d303dac6de46bf6701b700e40b3534c50cca32e586f19720cfcf3bad,,02/02/2022 07:25:00 PM,25,NO CONTROLS,NO CONTROLS,SNOW,DAYLIGHT,PARKED MOTOR VEHICLE,NOT DIVIDED,,STRAIGHT AND LEVEL,SNOW OR SLUSH,NO DEFECTS,ON SCENE,NO INJURY / DRIVE AWAY,,,,"OVER $1,500",02/02/2022 07:30:00 PM,WEATHER,NOT APPLICABLE,10200,S,CHARLES ST,2213,,,,,,,2,NO INDICATION OF INJURY,0,0,0,0,0,0,1,19,4,2,41.7088130328,-87.6596433346,POINT (-87.659643334639 41.708813032795)
c2400a066450b138b700b56b50c836f2771fafc1d94959086b93942b1e74da9c43e64cadeab7489641b904e7ce51a2ec2adc447bf1515df7934717b520409ed2,,01/31/2022 02:38:00 PM,30,NO CONTROLS,NO CONTROLS,CLEAR,DAYLIGHT,SIDESWIPE SAME DIRECTION,DIVIDED - W/MEDIAN (NOT RAISED),,STRAIGHT AND LEVEL,SNOW OR SLUSH,NO DEFECTS,ON SCENE,NO INJURY / DRIVE AWAY,,,Y,"OVER $1,500",01/31/2022 02:42:00 PM,UNABLE TO DETERMINE,NOT APPLICABLE,4347,W,IRVING PARK RD,1731,,,,,,,2,NO INDICATION OF INJURY,0,0,0,0,0,0,2,14,2,1,41.9534278993,-87.7373590649,POINT (-87.737359064866 41.953427899307)
3decaa12502002b4125ee577c62ba5d5c7f5396defba6da15f4e1c932febfdbe5dd3f4151a9cae795ccc6fc58395fc40ff934ec1fc794bb051aa89aeb4b70042,,01/31/2022 08:00:00 AM,30,TRAFFIC SIGNAL,FUNCTIONING PROPERLY,CLEAR,DAYLIGHT,TURNING,DIVIDED - W/MEDIAN BARRIER,,STRAIGHT AND LEVEL,DRY,NO DEFECTS,NOT ON SCENE (DESK REPORT),NO INJURY / DRIVE AWAY,,,Y,"OVER $1,500",01/31/2022 08:45:00 AM,IMPROPER TURNING/NO SIGNAL,IMPROPER LANE USAGE,4100,S,ASHLAND AVE,924,,,,,,,2,NO INDICATION OF INJURY,0,0,0,0,0,0,2,8,2,1,41.8194414263,-87.6653755449,POINT (-87.665375544909 41.819441426296)
3c9e212e8b879ed55c886bf5373c1eb72f315d5b85be248ccb256194a77b7003203006fbc8c1f0e0f225afb803e0cfbeef6e14a85fb1c0ae1f703bdb391a1d6f,Y,01/29/2022 10:30:00 AM,30,NO CONTROLS,NO CONTROLS,CLEAR,DAYLIGHT,SIDESWIPE SAME DIRECTION,NOT DIVIDED,,STRAIGHT AND LEVEL,WET,NO DEFECTS,ON SCENE,NO INJURY / DRIVE AWAY,,,Y,"OVER $1,500",01/29/2022 10:33:00 AM,UNABLE TO DETERMINE,NOT APPLICABLE,4048,N,ELSTON AVE,1723,,,,,,,2,NO INDICATION OF INJURY,0,0,0,0,0,0,3,10,7,1,41.9545944821,-87.720680862,POINT (-87.720680861976 41.954594482134)
495a8c7a1637b2b1b700af437d5c18056dc77b8e922554192cd4f89fbfecffedba1681bc45e831faa8b240b037fce5384650106cc881bb8ccf7fb9370e423e91,,01/28/2022 12:29:00 AM,30,TRAFFIC SIGNAL,FUNCTIONING PROPERLY,SNOW,"DARKNESS, LIGHTED ROAD",ANGLE,NOT DIVIDED,,STRAIGHT AND LEVEL,SNOW OR SLUSH,UNKNOWN,ON SCENE,INJURY AND / OR TOW DUE TO CRASH,Y,,Y,"OVER $1,500",01/28/2022 12:29:00 AM,UNABLE TO DETERMINE,UNABLE TO DETERMINE,30,W,69TH ST,722,,,,,,,2,NO INDICATION OF INJURY,0,0,0,0,0,0,2,0,6,1,41.7692897145,-87.6261374687,POINT (-87.626137468655 41.769289714541)
15173887cefb3b3cfb9c1e7d804a7c994982951badb9bb3b700cf97a22b7a0998d4e0ae99e9252c92bb282e0e6ac245b548f9503079ce428bef33b32ed79919f,,01/26/2022 09:30:00 AM,30,NO CONTROLS,NO CONTROLS,CLEAR,DAYLIGHT,REAR END,DIVIDED - W/MEDIAN (NOT RAISED),,STRAIGHT AND LEVEL,UNKNOWN,UNKNOWN,NOT ON SCENE (DESK REPORT),NO INJURY / DRIVE AWAY,,,,"OVER $1,500",01/26/2022 10:45:00 AM,UNABLE TO DETERMINE,UNABLE TO DETERMINE,5955,S,ASHLAND AVE,713,,,,,,,2,NO INDICATION OF INJURY,0,0,0,0,0,0,2,9,4,1,41.7851352167,-87.6642106051,POINT (-87.664210605123 41.785135216688)
439a1c32fd2073c5233c8fac657d8ecf0eea00ec6d309fd0d8358f17cb5512b70009adf26fa27d4749c15f2d0871d499ec54899e70307c60768e2f2a042224c6,,01/24/2022 09:20:00 AM,30,TRAFFIC SIGNAL,FUNCTIONING PROPERLY,SNOW,DAYLIGHT,REAR END,ONE-WAY,,STRAIGHT AND LEVEL,SNOW OR SLUSH,NO DEFECTS,ON SCENE,NO INJURY / DRIVE AWAY,Y,,,"OVER $1,500",01/24/2022 09:20:00 AM,WEATHER,UNABLE TO DETERMINE,500,W,RANDOLPH ST,121,,,,,,,2,NO INDICATION OF INJURY,0,0,0,0,0,0,2,9,2,1,41.8845516127,-87.6398742409,POINT (-87.639874240945 41.884551612703)
3ffb67d6ac8f15a3b7c56a6a6b6e18e4690839778f60dd74c430294f35579dd45c8a68006295d80f89d7625ed1c9554b761281e5ceadc91406b70065dd66ac94,,01/24/2022 04:20:00 AM,20,STOP SIGN/FLASHER,FUNCTIONING PROPERLY,SNOW,DARKNESS,PARKED MOTOR VEHICLE,OTHER,,STRAIGHT AND LEVEL,SNOW OR SLUSH,NO DEFECTS,ON SCENE,INJURY AND / OR TOW DUE TO CRASH,,,,"OVER $1,500",01/24/2022 04:20:00 AM,EQUIPMENT - VEHICLE CONDITION,WEATHER,6808,S,LAFLIN ST,725,,,,,,,4,NO INDICATION OF INJURY,0,0,0,0,0,0,1,4,2,1,41.7700875695,-87.6616800931,POINT (-87.661680093127 41.77008756949)
b549c4ad88e1a286b6e35f99540e9d12871bdd49ba14e54b700b3cfd890ebf86689f1d5a67903b1c75413cc5c4830fbf12a44ab61b442f68d6f28fa6210033a2,,01/23/2022 03:28:00 PM,30,OTHER,NO CONTROLS,SNOW,DAYLIGHT,PARKED MOTOR VEHICLE,ONE-WAY,,STRAIGHT AND LEVEL,SNOW OR SLUSH,NO DEFECTS,NOT ON SCENE (DESK REPORT),NO INJURY / DRIVE AWAY,,,Y,"$501 - $1,500",01/24/2022 04:26:00 PM,UNABLE TO DETERMINE,NOT APPLICABLE,10560,S,LA SALLE ST,512,,,,,,,2,NO INDICATION OF INJURY,0,0,0,0,0,0,1,15,1,1,41.7017482152,-87.6270862859,POINT (-87.627086285911 41.701748215177)
ecfde209f07f596274d9e6521dfd680f139efa6762bd80dcccb303743cdc9081e9e95e6b2b700772e26e72b9fa026cf7c3e9f8151544b0958ea777cfc1c35469,,01/19/2022 11:15:00 AM,30,NO CONTROLS,NO CONTROLS,CLEAR,DAYLIGHT,SIDESWIPE SAME DIRECTION,NOT DIVIDED,,STRAIGHT AND LEVEL,DRY,UNKNOWN,ON SCENE,NO INJURY / DRIVE AWAY,,,,"OVER $1,500",01/19/2022 11:25:00 AM,UNABLE TO DETERMINE,UNABLE TO DETERMINE,2807,W,59TH ST,824,,,,,,,2,NO INDICATION OF INJURY,0,0,0,0,0,0,2,11,4,1,41.7862901591,-87.6939265532,POINT (-87.693926553241 41.786290159095)
4414231dfb76d5c7412ad6fcb3880d5e9f6171181df6771c97e86a6153257af0ea6d84f4c142cb7240e32ee8750fe975b700f0b84fd54356553f470467c1cfc0,,01/17/2022 10:00:00 AM,20,NO CONTROLS,NO CONTROLS,CLEAR,DAYLIGHT,SIDESWIPE SAME DIRECTION,ONE-WAY,,STRAIGHT AND LEVEL,DRY,NO DEFECTS,ON SCENE,NO INJURY / DRIVE AWAY,,,,"$501 - $1,500",01/17/2022 10:10:00 AM,FAILING TO YIELD RIGHT-OF-WAY,FAILING TO YIELD RIGHT-OF-WAY,1,W,TERMINAL ST,1651,,,,,,,2,NO INDICATION OF INJURY,0,0,0,0,0,0,2,10,2,1,,,
a6303f01412ce029e3ff641e1f215602acbfc0ecaaefecb142c03f2ce7e321c02b2d8f8dccf392b700b4f9bcf4f4985845dd68f44b6dd361b24f2641032f2ecf,,01/17/2022 07:58:00 AM,40,NO CONTROLS,NO CONTROLS,SNOW,DAYLIGHT,SIDESWIPE SAME DIRECTION,DIVIDED - W/MEDIAN (NOT RAISED),,STRAIGHT ON HILLCREST,WET,NO DEFECTS,ON SCENE,INJURY AND / OR TOW DUE TO CRASH,,,,"OVER $1,500",01/17/2022 08:01:00 AM,WEATHER,WEATHER,5200,N,LAKE SHORE DR SB,2024,,,,,,,2,NO INDICATION OF INJURY,0,0,0,0,0,0,3,7,2,1,41.9766216279,-87.6507900262,POINT (-87.650790026249 41.976621627865)
20ae8c7e8ded2bb6e71ae29f964991314f5c59166ab05a89b051076f8c362d8b3ccc4e9fbfc3ad4eb700be68828cc5f638d3768fa1fa5f19b5349a45241d34ca,,01/15/2022 06:23:00 PM,15,NO CONTROLS,NO CONTROLS,CLEAR,"DARKNESS, LIGHTED ROAD",FIXED OBJECT,ALLEY,,STRAIGHT AND LEVEL,ICE,NO DEFECTS,ON SCENE,NO INJURY / DRIVE AWAY,,Y,,"OVER $1,500",01/15/2022 06:23:00 PM,PHYSICAL CONDITION OF DRIVER,"OPERATING VEHICLE IN ERRATIC, RECKLESS, CARELESS, NEGLIGENT OR AGGRESSIVE MANNER",5320,S,DAMEN AVE,932,,,,,,,1,NO INDICATION OF INJURY,0,0,0,0,0,0,1,18,7,1,41.7968961247,-87.674535256,POINT (-87.674535256028 41.796896124713)
8910324e4195f0eeb3e4cc848bc2d8f66385b5c37dda92901dfffb95823580c3f4986e9412966be5b59d7c554d8dbc5ca8ea048a4e05f3046b721e7f9eb70009,,01/14/2022 04:40:00 PM,35,NO CONTROLS,NO CONTROLS,RAIN,"DARKNESS, LIGHTED ROAD",ANGLE,DIVIDED - W/MEDIAN (NOT RAISED),,STRAIGHT AND LEVEL,WET,NO DEFECTS,ON SCENE,NO INJURY / DRIVE AWAY,,,Y,"OVER $1,500",01/14/2022 05:00:00 PM,FAILING TO YIELD RIGHT-OF-WAY,IMPROPER TURNING/NO SIGNAL,9601,S,WESTERN AVE,2213,,,,,,,2,NO INDICATION OF INJURY,0,0,0,0,0,0,2,16,6,1,41.7190222838,-87.6818584342,POINT (-87.681858434193 41.71902228377)
4b700dcd09192db88924bdfa93a537c0958c195cd0db30f7cf1c66262d54dbc766c5507b51c336d837bcc66e450b2941287177d85962d67906d905be1d86e96e,,01/14/2022 03:09:00 PM,30,STOP SIGN/FLASHER,FUNCTIONING PROPERLY,CLEAR,DAYLIGHT,ANGLE,NOT DIVIDED,,STRAIGHT AND LEVEL,DRY,NO DEFECTS,ON SCENE,NO INJURY / DRIVE AWAY,Y,,,"OVER $1,500",01/14/2022 03:48:00 PM,UNABLE TO DETERMINE,UNABLE TO DETERMINE,2734,W,WILSON AVE,1713,,,,,,,2,NO INDICATION OF INJURY,0,0,0,0,0,0,4,15,6,1,41.9648949086,-87.697494111,POINT (-87.697494110968 41.964894908556)
eaab82239f2f27b1ab167cc31ccddbd40409483b95dd3871e0d2cdab873b70218c64fec83a6b250898097c77569427cb684884823b5f2c16b7002d4ccad1aa49,,01/13/2022 08:33:00 PM,30,STOP SIGN/FLASHER,FUNCTIONING PROPERLY,CLEAR,"DARKNESS, LIGHTED ROAD",TURNING,DIVIDED - W/MEDIAN (NOT RAISED),,STRAIGHT AND LEVEL,DRY,NO DEFECTS,NOT ON SCENE (DESK REPORT),NO INJURY / DRIVE AWAY,,,,"OVER $1,500",01/13/2022 09:30:00 PM,IMPROPER TURNING/NO SIGNAL,UNABLE TO DETERMINE,500,E,115TH ST,531,,,,,,,2,NO INDICATION OF INJURY,0,0,0,0,0,0,2,20,5,1,41.6855522606,-87.6113816377,POINT (-87.611381637698 41.685552260639)
28ae0d4dee145bb8d2a4a85558b7000cec3b0675257d76824dc55b864dc0f163466515c4518856a89adcc664d04e5ca2df7e5b5e56727125e11db489df3770f4,N,01/12/2022 07:36:00 PM,35,NO CONTROLS,NO CONTROLS,CLEAR,"DARKNESS, LIGHTED ROAD",REAR END,ONE-WAY,,STRAIGHT AND LEVEL,DRY,NO DEFECTS,ON SCENE,INJURY AND / OR TOW DUE TO CRASH,,,Y,"OVER $1,500",01/12/2022 08:09:00 PM,FAILING TO YIELD RIGHT-OF-WAY,FOLLOWING TOO CLOSELY,8699,S,LAFAYETTE AVE,622,,,,,,,2,NO INDICATION OF INJURY,0,0,0,0,0,0,2,19,4,1,41.736364533,-87.6252999684,POINT (-87.625299968415 41.736364532966)
468c010cce4e8ee64f3519d702dd95cf890474344a1acfeb8a67a568194e1dc89cb9a9144ab7003281eee8c4b96f0b97f8afb427eb3176ba39da73f5ad1477bd,,01/11/2022 06:30:00 PM,30,STOP SIGN/FLASHER,FUNCTIONING PROPERLY,CLEAR,"DARKNESS, LIGHTED ROAD",TURNING,ONE-WAY,,STRAIGHT AND LEVEL,DRY,NO DEFECTS,ON SCENE,NO INJURY / DRIVE AWAY,,,Y,"OVER $1,500",01/11/2022 07:00:00 PM,IMPROPER TURNING/NO SIGNAL,UNABLE TO DETERMINE,60,W,WALTON ST,1832,,,,,,,2,NO INDICATION OF INJURY,0,0,0,0,0,0,2,18,3,1,41.8999082903,-87.6305533977,POINT (-87.630553397691 41.899908290324)
1e37e7cea64030a15b6954b475f58ec7a36e7bc01cf1d2db7cb1b7008bf89a56bb0b8ec9f60a0307881ede831bbd6e4cf857afe3446d23046f64ae4426f9b46a,,01/11/2022 11:13:00 AM,15,STOP SIGN/FLASHER,NO CONTROLS,CLEAR,DAYLIGHT,TURNING,NOT DIVIDED,,STRAIGHT AND LEVEL,DRY,NO DEFECTS,ON SCENE,NO INJURY / DRIVE AWAY,Y,,,"OVER $1,500",01/11/2022 12:00:00 PM,DISREGARDING STOP SIGN,IMPROPER OVERTAKING/PASSING,4700,S,ST LOUIS AVE,821,,,,,,,2,NO INDICATION OF INJURY,0,0,0,0,0,0,2,11,3,1,41.8079644098,-87.7114694099,POINT (-87.711469409892 41.807964409821)
fef2d9f5cae768c96c41792e4486237f1086da7fe0ea081c5578da18372fb5afb70037b560c970087b33dde11b80566554ba4cbfd96c50de9ed31ff7c8424693,,01/10/2022 09:50:00 AM,5,NO CONTROLS,NO CONTROLS,CLEAR,DAYLIGHT,SIDESWIPE SAME DIRECTION,DIVIDED - W/MEDIAN (NOT RAISED),,STRAIGHT AND LEVEL,DRY,NO DEFECTS,NOT ON SCENE (DESK REPORT),NO INJURY / DRIVE AWAY,,,Y,"$501 - $1,500",01/10/2022 12:00:00 PM,FAILING TO YIELD RIGHT-OF-WAY,UNABLE TO DETERMINE,1835,W,HARRISON ST,1231,,,,,,,2,NO INDICATION OF INJURY,0,0,0,0,0,0,3,9,2,1,41.8739879533,-87.6729974093,POINT (-87.672997409337 41.873987953314)
91a2377ec3dcba7c2ae9d441bc4ef63d287a1c1a724e8a9d5aa444b883d04d7ba05b28c5fdb700bf97488617ba9f6aa4b30dae5df7d9fb73c5685f0aa94b1169,,01/10/2022 09:40:00 AM,30,STOP SIGN/FLASHER,FUNCTIONING PROPERLY,CLEAR,DAYLIGHT,ANGLE,FOUR WAY,,STRAIGHT AND LEVEL,DRY,UNKNOWN,NOT ON SCENE (DESK REPORT),INJURY AND / OR TOW DUE TO CRASH,Y,,,"OVER $1,500",01/10/2022 09:42:00 AM,UNABLE TO DETERMINE,NOT APPLICABLE,4433,W,NORTH AVE,2533,,,,,,,2,NO INDICATION OF INJURY,0,0,0,0,0,0,2,9,2,1,41.9096241195,-87.7376899248,POINT (-87.737689924764 41.90962411946)
ffb8e62d28b95937c837b644b0135d96da76bb70562fb2de30ec00618f33afb700b24f6e38be1af0bc9b677869a50e7279c9ab0d30d81dc19d28f92c4b24c198,,01/10/2022 01:15:00 AM,30,NO CONTROLS,NO CONTROLS,CLEAR,"DARKNESS, LIGHTED ROAD",FIXED OBJECT,NOT DIVIDED,,STRAIGHT AND LEVEL,ICE,NO DEFECTS,ON SCENE,INJURY AND / OR TOW DUE TO CRASH,Y,,,"OVER $1,500",01/10/2022 09:52:00 AM,WEATHER,DRIVING SKILLS/KNOWLEDGE/EXPERIENCE,8490,S,BALTIMORE AVE,424,,,,,,,1,NONINCAPACITATING INJURY,1,0,0,1,0,0,2,1,2,1,41.7411183227,-87.550737136,POINT (-87.550737136037 41.741118322661)
a847c708e2a3f19640141099a4ec796ca4229c2d09a21efba8e14948358417b7004167abb20a690017fac8c3cc83c5763fe3d0361e34cb072da13fdb57ba4512,,01/09/2022 12:00:00 AM,30,OTHER,NO CONTROLS,RAIN,"DARKNESS, LIGHTED ROAD",REAR END,NOT DIVIDED,,STRAIGHT AND LEVEL,ICE,UNKNOWN,ON SCENE,INJURY AND / OR TOW DUE TO CRASH,,,,"OVER $1,500",01/09/2022 12:09:00 AM,WEATHER,NOT APPLICABLE,852,E,43RD ST,214,,,,,,,2,NO INDICATION OF INJURY,0,0,0,0,0,0,2,0,1,1,41.8169483628,-87.6046489051,POINT (-87.604648905134 41.816948362813)
aac05f98c4e8e38a9077145f29fd2b4af47e96768fb9cbe7d1ec640d493ec93da0aa56701f5ad3bd0efb700e8252bc80d00abf7433bce8f593ae297a16d14da9,,01/06/2022 10:15:00 PM,25,NO CONTROLS,NO CONTROLS,SNOW,"DARKNESS, LIGHTED ROAD",REAR END,ONE-WAY,,STRAIGHT AND LEVEL,ICE,NO DEFECTS,ON SCENE,INJURY AND / OR TOW DUE TO CRASH,,,Y,"OVER $1,500",01/06/2022 10:19:00 PM,NOT APPLICABLE,NOT APPLICABLE,4540,W,CONGRESS PKWY,1131,,,,,,,2,NONINCAPACITATING INJURY,1,0,0,1,0,0,4,22,5,1,41.8742910333,-87.7393341182,POINT (-87.739334118249 41.87429103327)
b4df9a1186980045510a222d88a12b72ae4ed9d471e030efb7007251772433cedc3cee1a223aa9ebea849328f6a4239503a73473eaea0c47e138119afe850f18,,01/04/2022 08:50:00 AM,20,STOP SIGN/FLASHER,FUNCTIONING PROPERLY,CLEAR,DAYLIGHT,REAR END,ONE-WAY,,STRAIGHT AND LEVEL,DRY,NO DEFECTS,NOT ON SCENE (DESK REPORT),NO INJURY / DRIVE AWAY,,,Y,"$501 - $1,500",01/04/2022 09:10:00 AM,NOT APPLICABLE,NOT APPLICABLE,2900,W,ROSEMONT AVE,2413,,,,,,,2,NO INDICATION OF INJURY,0,0,0,0,0,0,2,8,3,1,41.9958441016,-87.7020680293,POINT (-87.702068029257 41.99584410161)
784bd8c5092fb921f8dcaee647b700471fca0bbc85c09f16593fc0d13b5005b40c953eb7262349fde12c16c8f3045248174457050b9eb0015edc841533bb2c03,,01/04/2022 12:29:00 AM,30,NO CONTROLS,NO CONTROLS,CLEAR,"DARKNESS, LIGHTED ROAD",FIXED OBJECT,NOT DIVIDED,,STRAIGHT AND LEVEL,ICE,NO DEFECTS,ON SCENE,NO INJURY / DRIVE AWAY,,,,"OVER $1,500",01/04/2022 12:29:00 AM,WEATHER,NOT APPLICABLE,4400,S,KNOX AVE,815,,,,,,,1,NO INDICATION OF INJURY,0,0,0,0,0,0,2,0,3,1,41.8130411185,-87.7397878172,POINT (-87.739787817225 41.813041118524)
85b700da4b200d8f041e90c517f58252094e10f968407fbb4988ff605357e5741c03fddffb649e7f79340185e08a43a320f316d1c05b3e60958abfe3e11d074f,,01/03/2022 09:00:00 AM,30,TRAFFIC SIGNAL,FUNCTIONING PROPERLY,CLEAR,DAYLIGHT,REAR END,NOT DIVIDED,,STRAIGHT AND LEVEL,SNOW OR SLUSH,NO DEFECTS,ON SCENE,INJURY AND / OR TOW DUE TO CRASH,N,,,"OVER $1,500",01/03/2022 09:06:00 AM,UNABLE TO DETERMINE,UNABLE TO DETERMINE,5798,N,HARLEM AVE,1612,,,,,,,2,NONINCAPACITATING INJURY,1,0,0,1,0,0,1,9,2,1,41.9857920213,-87.8070620467,POINT (-87.807062046725 41.985792021263)
9624fa7c14933e6328d6a6b41ca1c71b5657ee90538ba9c5f191262d9c2b66161c0efd74312ddb2b5c155725e9628c369c0795aae318ca472aab7003a12286d6,,12/31/2021 04:57:00 PM,30,NO CONTROLS,NO CONTROLS,CLEAR,"DARKNESS, LIGHTED ROAD",TURNING,DIVIDED - W/MEDIAN (NOT RAISED),,STRAIGHT AND LEVEL,WET,NO DEFECTS,ON SCENE,NO INJURY / DRIVE AWAY,,,Y,"OVER $1,500",12/31/2021 05:25:00 PM,FAILING TO YIELD RIGHT-OF-WAY,FAILING TO REDUCE SPEED TO AVOID CRASH,1944,N,KIMBALL AVE,1422,,,,,,,2,NO INDICATION OF INJURY,0,0,0,0,0,0,2,16,6,12,41.9171594327,-87.712050994,POINT (-87.712050993979 41.917159432698)
6bebb64076105a85a81c322fe656d195f7661d4b700af726b7e2c388ee95580c2d94ec9c92700dcc1e10589b901d918b8cb0568e0ee7be9e6026f61bbf977b02,,12/30/2021 10:30:00 AM,30,NO CONTROLS,NO CONTROLS,CLEAR,DAYLIGHT,REAR END,ONE-WAY,,STRAIGHT AND LEVEL,UNKNOWN,UNKNOWN,NOT ON SCENE (DESK REPORT),NO INJURY / DRIVE AWAY,,,,"OVER $1,500",01/02/2022 01:55:00 PM,UNABLE TO DETERMINE,UNABLE TO DETERMINE,1300,W,GARFIELD BLVD,934,,,,,,,2,NO INDICATION OF INJURY,0,0,0,0,0,0,2,10,5,12,41.7942479513,-87.6574264032,POINT (-87.657426403179 41.794247951307)
8ee77681b8ec129b12209546e44eacc128e806792282e5cb23fc196a1cdb085d1222b77591bb4aed58ecaf43a63b7007ede40a407670bfe03526be240e3cf229,,12/27/2021 03:15:00 PM,30,TRAFFIC SIGNAL,FUNCTIONING PROPERLY,CLOUDY/OVERCAST,DAYLIGHT,ANGLE,NOT DIVIDED,,STRAIGHT AND LEVEL,DRY,NO DEFECTS,NOT ON SCENE (DESK REPORT),INJURY AND / OR TOW DUE TO CRASH,Y,,,"OVER $1,500",12/27/2021 03:15:00 PM,IMPROPER LANE USAGE,DISREGARDING ROAD MARKINGS,1150,S,CICERO AVE,1533,,,,,,,2,NO INDICATION OF INJURY,0,0,0,0,0,0,3,15,2,12,41.8659741961,-87.7449034944,POINT (-87.744903494382 41.865974196113)
cd49ec575ecf675619d0ad42eb8bd2e58b10b43c3760368806f87a3701b631bb1d23b7005add331a9da0817d7c7ed87aa494fb8ee1ea5121c53b860a94abc87b,,12/27/2021 01:08:00 PM,30,UNKNOWN,UNKNOWN,UNKNOWN,DAYLIGHT,PARKED MOTOR VEHICLE,DIVIDED - W/MEDIAN BARRIER,,STRAIGHT AND LEVEL,UNKNOWN,UNKNOWN,NOT ON SCENE (DESK REPORT),NO INJURY / DRIVE AWAY,,,Y,"OVER $1,500",12/27/2021 01:45:00 PM,UNABLE TO DETERMINE,NOT APPLICABLE,9453,S,ASHLAND AVE,2221,,,,,,,2,NO INDICATION OF INJURY,0,0,0,0,0,0,1,13,2,12,41.7214764937,-87.6625450542,POINT (-87.662545054158 41.721476493704)
20b65ccf8ce324070ab2654db2ca62ccbfbe2e59e9b700f18b77fa42e5f46380f2717d2192e725382c5547a10cf0f668595a0f1977247321e503dc16505a5658,,12/24/2021 08:09:00 PM,35,NO CONTROLS,NO CONTROLS,CLEAR,"DARKNESS, LIGHTED ROAD",FIXED OBJECT,NOT DIVIDED,,STRAIGHT AND LEVEL,WET,NO DEFECTS,ON SCENE,INJURY AND / OR TOW DUE TO CRASH,,,,"OVER $1,500",12/24/2021 08:09:00 PM,DRIVING SKILLS/KNOWLEDGE/EXPERIENCE,UNABLE TO DETERMINE,3400,E,100TH ST,432,,,,,,,1,NONINCAPACITATING INJURY,3,0,0,3,0,0,0,20,6,12,41.7139444969,-87.5411835548,POINT (-87.541183554766 41.713944496853)