CRASH_RECORD_ID,CRASH_DATE_EST_I,CRASH_DATE,POSTED_SPEED_LIMIT,TRAFFIC_CONTROL_DEVICE,DEVICE_CONDITION,WEATHER_CONDITION,LIGHTING_CONDITION,FIRST_CRASH_TYPE,TRAFFICWAY_TYPE,LANE_CNT,ALIGNMENT,ROADWAY_SURFACE_COND,ROAD_DEFECT,REPORT_TYPE,CRASH_TYPE,INTERSECTION_RELATED_I,NOT_RIGHT_OF_WAY_I,HIT_AND_RUN_I,DAMAGE,DATE_POLICE_NOTIFIED,PRIM_CONTRIBUTORY_CAUSE,SEC_CONTRIBUTORY_CAUSE,STREET_NO,STREET_DIRECTION,STREET_NAME,BEAT_OF_OCCURRENCE,PHOTOS_TAKEN_I,STATEMENTS_TAKEN_I,DOORING_I,WORK_ZONE_I,WORK_ZONE_TYPE,WORKERS_PRESENT_I,NUM_UNITS,MOST_SEVERE_INJURY,INJURIES_TOTAL,INJURIES_FATAL,INJURIES_INCAPACITATING,INJURIES_NON_INCAPACITATING,INJURIES_REPORTED_NOT_EVIDENT,INJURIES_UNKNOWN,INJURIES_NO_INDICATION,CRASH_HOUR,CRASH_DAY_OF_WEEK,CRASH_MONTH,LATITUDE,LONGITUDE,LOCATION
c26fdf30eded8fe16b5d1d6d34589bfd29ff42a5d9a61f7e7cb700cb61f3b1c06656275ab20a3e123df45692262f0b3ff6cd207322c84a213227e3e0660f8d65,,12/13/2021 07:00:00 PM,30,UNKNOWN,UNKNOWN,UNKNOWN,UNKNOWN,REAR END,UNKNOWN,,STRAIGHT AND LEVEL,UNKNOWN,UNKNOWN,NOT ON SCENE (DESK REPORT),INJURY AND / OR TOW DUE TO CRASH,,,,"$501 - $1,500",12/13/2021 07:45:00 PM,UNABLE TO DETERMINE,UNABLE TO DETERMINE,6200,S,KEDZIE AVE,823,,,,,,,2,"REPORTED, NOT EVIDENT",1,0,0,0,1,0,2,19,2,12,41.7807478543,-87.7033329372,POINT (-87.703332937155 41.78074785433)
fef7e2943b150be5eddefa5b8a70faa67c9f86e08ea14e414927e8fcc7f026a3709b70070e7112e060fcf5f180bdaf252b9c195e9e4a32b5a45819a6a8ac008f,,12/11/2021 07:00:00 PM,35,NO CONTROLS,NO CONTROLS,CLEAR,DARKNESS,PARKED MOTOR VEHICLE,DIVIDED - W/MEDIAN (NOT RAISED),,STRAIGHT AND LEVEL,DRY,NO DEFECTS,ON SCENE,INJURY AND / OR TOW DUE TO CRASH,,,,"OVER $1,500",12/11/2021 07:06:00 PM,UNABLE TO DETERMINE,NOT APPLICABLE,10624,S,KEDZIE AVE,2211,,,,,,,3,NO INDICATION OF INJURY,0,0,0,0,0,0,2,19,7,12,41.6999024053,-87.701266273,POINT (-87.701266272971 41.699902405309)
e78612b7004bfd929ed2155e960359b25396a7fa268754d4c9287da63998ba3fc6364697492b3965e0e592d2716488a56f80331571cf4d05403b778e93a855a4,,12/11/2021 03:30:00 AM,10,NO CONTROLS,NO CONTROLS,CLEAR,DAYLIGHT,ANGLE,PARKING LOT,,STRAIGHT AND LEVEL,DRY,NO DEFECTS,NOT ON SCENE (DESK REPORT),NO INJURY / DRIVE AWAY,Y,N,Y,"$501 - $1,500",12/11/2021 03:06:00 PM,DISREGARDING TRAFFIC SIGNALS,DISREGARDING TRAFFIC SIGNALS,6001,S,PULASKI RD,823,,,,,,,2,NO INDICATION OF INJURY,0,0,0,0,0,0,2,3,7,12,41.7840711496,-87.7227658413,POINT (-87.722765841283 41.784071149576)
23d60006e1abf5f5a1844e263f0196af06b30b9ad409cd653af19a898e0817506f4115dc0c56b7009b97ab6bcfff3465f13ecad40a0ccf4a6a36e18c71781dbe,,12/08/2021 05:40:00 PM,30,TRAFFIC SIGNAL,FUNCTIONING PROPERLY,CLEAR,DAWN,REAR END,NOT DIVIDED,,STRAIGHT AND LEVEL,DRY,NO DEFECTS,NOT ON SCENE (DESK REPORT),NO INJURY / DRIVE AWAY,,,,"OVER $1,500",12/08/2021 07:30:00 PM,UNABLE TO DETERMINE,NOT APPLICABLE,4523,W,NORTH AVE,2533,,,,,,,2,NO INDICATION OF INJURY,0,0,0,0,0,0,2,17,4,12,41.909596143,-87.739700644,POINT (-87.739700644014 41.909596142962)
2f923c63bf4b1594324f5156a947ada66fd85954f071fd7cfdf522a8207e95ace076e9641cdd99d3676f630acb2e6a2b86efb87d9b700913bd7e76e12682d6f4,,12/06/2021 01:30:00 PM,30,NO CONTROLS,NO CONTROLS,CLEAR,DAYLIGHT,PARKED MOTOR VEHICLE,NOT DIVIDED,,STRAIGHT AND LEVEL,DRY,NO DEFECTS,NOT ON SCENE (DESK REPORT),NO INJURY / DRIVE AWAY,,,Y,"OVER $1,500",12/07/2021 05:40:00 PM,UNABLE TO DETERMINE,UNABLE TO DETERMINE,4447,W,55TH ST,813,,,,,,,2,NO INDICATION OF INJURY,0,0,0,0,0,0,1,13,2,12,41.792992462,-87.734844103,POINT (-87.734844103044 41.792992462024)
5c8740278dd5ed9f00696ca71e591203684c62592ff8c6750f122152a0a846cacd96cf1917faf563081c6ac19b829438cfe8b7009bd90d06ce33164032af40d2,,12/04/2021 10:15:00 AM,30,NO CONTROLS,NO CONTROLS,CLEAR,DAYLIGHT,ANGLE,PARKING LOT,,STRAIGHT AND LEVEL,DRY,NO DEFECTS,NOT ON SCENE (DESK REPORT),NO INJURY / DRIVE AWAY,,,,"OVER $1,500",12/04/2021 11:20:00 AM,FAILING TO YIELD RIGHT-OF-WAY,UNABLE TO DETERMINE,4113,S,PULASKI RD,821,,,,,,,2,NO INDICATION OF INJURY,0,0,0,0,0,0,2,10,7,12,41.8180187462,-87.7237903822,POINT (-87.723790382171 41.818018746165)
4b750a6f3178b2d946a114fa0b5f7152569619152b9c6eca177b12148b50ecc926b700bdd122af7b62ef3f8fba8472a15a8ca7e3501fee6bf3d7c09646c15884,,12/03/2021 07:45:00 AM,30,STOP SIGN/FLASHER,UNKNOWN,UNKNOWN,UNKNOWN,REAR END,NOT DIVIDED,,STRAIGHT AND LEVEL,UNKNOWN,UNKNOWN,NOT ON SCENE (DESK REPORT),NO INJURY / DRIVE AWAY,Y,,,"OVER $1,500",12/03/2021 08:20:00 AM,UNABLE TO DETERMINE,UNABLE TO DETERMINE,2059,N,PULASKI RD,2525,,,,,,,2,NO INDICATION OF INJURY,0,0,0,0,0,0,2,7,6,12,41.9189500509,-87.7264668577,POINT (-87.72646685774 41.918950050892)
1905ca8a9e98a41a3c921c74ebecb700e4e55ce835c7f31bc9cfcc7c84baab66a0805320e2508b252428adbde0f6267c668bcd87df2d9a22e7cdcf7662d23ea5,Y,11/28/2021 09:00:00 PM,30,NO CONTROLS,NO CONTROLS,UNKNOWN,UNKNOWN,PARKED MOTOR VEHICLE,NOT DIVIDED,,STRAIGHT AND LEVEL,UNKNOWN,NO DEFECTS,NOT ON SCENE (DESK REPORT),NO INJURY / DRIVE AWAY,,,Y,$500 OR LESS,12/08/2021 04:45:00 PM,UNABLE TO DETERMINE,NOT APPLICABLE,4155,W,24TH PL,1013,,,,,,,2,NO INDICATION OF INJURY,0,0,0,0,0,0,1,21,1,11,41.8468316758,-87.7283786723,POINT (-87.728378672257 41.846831675847)
647a50c669533ffc2aabe39ff2580ec95fb70055b961c12bdbd3a4daf4dadecca1c14eb33f1512d2d205c8986163f9f07e1253e81f8e8b5a9bb0ed2d48417cda,,11/27/2021 04:30:00 PM,30,NO CONTROLS,NO CONTROLS,CLEAR,DARKNESS,ANGLE,FOUR WAY,,STRAIGHT AND LEVEL,DRY,NO DEFECTS,ON SCENE,INJURY AND / OR TOW DUE TO CRASH,Y,,,"OVER $1,500",11/27/2021 04:45:00 PM,UNABLE TO DETERMINE,NOT APPLICABLE,7400,S,SOUTH CHICAGO AVE,323,,,,,,,2,INCAPACITATING INJURY,3,0,3,0,0,0,0,16,7,11,41.7603720323,-87.5981273553,POINT (-87.598127355305 41.760372032331)
7c8e730d445c99c26d3cc9630a9ddf4e70ada6105f7b70cb70002d7b421cfcbdfa0f560ab957a0c5c76731cbfe8c9273b3d9dfe9f4aced6c90f1e3e8da82a5ce,,11/26/2021 10:45:00 AM,35,NO CONTROLS,NO CONTROLS,CLEAR,DAYLIGHT,SIDESWIPE OPPOSITE DIRECTION,NOT DIVIDED,,STRAIGHT AND LEVEL,DRY,NO DEFECTS,ON SCENE,INJURY AND / OR TOW DUE TO CRASH,,,,"OVER $1,500",11/26/2021 10:55:00 AM,DRIVING ON WRONG SIDE/WRONG WAY,NOT APPLICABLE,1438,W,79TH ST,612,,,,,,,2,NONINCAPACITATING INJURY,1,0,0,1,0,0,3,10,6,11,41.7505124103,-87.6601885595,POINT (-87.66018855951 41.750512410263)
4bb77a1d0a6753cd78a28c89f505f8117bc1154bcfa25d7e185be8f31fdcd9ee23b61862b7008acf589675d6f79e319140c7c53287ab55065bffb3fa213d04a2,,11/22/2021 05:40:00 AM,30,TRAFFIC SIGNAL,FUNCTIONING PROPERLY,CLEAR,"DARKNESS, LIGHTED ROAD",TURNING,NOT DIVIDED,,STRAIGHT AND LEVEL,DRY,NO DEFECTS,ON SCENE,INJURY AND / OR TOW DUE TO CRASH,Y,,,"OVER $1,500",11/22/2021 05:41:00 AM,IMPROPER TURNING/NO SIGNAL,NOT APPLICABLE,7900,S,WESTERN AVE,835,,,,,,,2,NO INDICATION OF INJURY,0,0,0,0,0,0,2,5,2,11,41.7500549336,-87.6829922029,POINT (-87.682992202902 41.75005493365)
eb24949255816804f91095a282ff8c63f8f5e15e1441eb5fd7ce68439b240b8947deb27e248aeec363dd08b646b9a99619ac227b2945b700db959924af4171bd,,11/18/2021 09:10:00 PM,30,NO CONTROLS,NO CONTROLS,CLEAR,"DARKNESS, LIGHTED ROAD",REAR END,DIVIDED - W/MEDIAN (NOT RAISED),,STRAIGHT AND LEVEL,DRY,NO DEFECTS,NOT ON SCENE (DESK REPORT),NO INJURY / DRIVE AWAY,,,Y,"$501 - $1,500",11/18/2021 10:45:00 PM,FOLLOWING TOO CLOSELY,FAILING TO REDUCE SPEED TO AVOID CRASH,8630,S,PULASKI RD,834,,,,,,,2,NO INDICATION OF INJURY,0,0,0,0,0,0,2,21,5,11,41.735768847,-87.7216132296,POINT (-87.721613229622 41.735768847035)
4784634d1f8a18ca38fc5660c71db7000d0cd3c55d864ff12967d66746cc6a9be8325a539e844cb9af2a7cb4c2ea4776bd277941f980f12578ba01604f40877d,,11/14/2021 07:31:00 PM,30,NO CONTROLS,NO CONTROLS,CLEAR,"DARKNESS, LIGHTED ROAD",TURNING,NOT DIVIDED,,STRAIGHT AND LEVEL,UNKNOWN,UNKNOWN,NOT ON SCENE (DESK REPORT),NO INJURY / DRIVE AWAY,,,,"OVER $1,500",11/14/2021 09:20:00 PM,UNABLE TO DETERMINE,UNABLE TO DETERMINE,4005,W,MADISON ST,1115,,,,,,,2,NO INDICATION OF INJURY,0,0,0,0,0,0,2,19,1,11,41.8806123447,-87.7259423394,POINT (-87.725942339402 41.880612344749)
65a206442fb8c5dc6f1d20174c17cd98b700e85b15151e6696952ce6c82e4380fca0fe2ef385bd6c2cbbfd1b5dae87909cf17f1b6c4a268be7b9245ca8f71e0a,,11/05/2021 03:30:00 PM,30,TRAFFIC SIGNAL,FUNCTIONING PROPERLY,CLEAR,DAYLIGHT,REAR END,DIVIDED - W/MEDIAN (NOT RAISED),,STRAIGHT AND LEVEL,DRY,NO DEFECTS,NOT ON SCENE (DESK REPORT),NO INJURY / DRIVE AWAY,,,,"$501 - $1,500",11/05/2021 04:30:00 PM,FOLLOWING TOO CLOSELY,DISTRACTION - FROM INSIDE VEHICLE,2757,N,LARAMIE AVE,2521,,,,,,,2,NO INDICATION OF INJURY,0,0,0,0,0,0,2,15,6,11,41.9312989805,-87.7562695285,POINT (-87.756269528534 41.931298980507)
32d0511a6a2c0e28fc8654ded471063c51838ad8cf73a16b5891c431f244ad7d3afb335df3eb7000e3f832280324b360ee586b9c04f16e9d901a73adee5fbe3c,Y,11/02/2021 09:29:00 AM,30,NO CONTROLS,NO CONTROLS,CLEAR,DAYLIGHT,ANGLE,NOT DIVIDED,,STRAIGHT AND LEVEL,DRY,NO DEFECTS,ON SCENE,INJURY AND / OR TOW DUE TO CRASH,Y,,,"OVER $1,500",11/02/2021 09:29:00 AM,UNABLE TO DETERMINE,UNABLE TO DETERMINE,7332,S,RACINE AVE,734,,,,,,,2,NONINCAPACITATING INJURY,1,0,0,1,0,0,1,9,3,11,41.7604610772,-87.6541368632,POINT (-87.654136863235 41.760461077223)
396e7a94b70055f29e0242262df192ea14a233a2976468247ae76f42f4c458865b4396d99e624bd8fdddd597c0556c2817dfd66fe1a7b37696ae113a176e1b9c,,10/30/2021 02:50:00 PM,10,NO CONTROLS,NO CONTROLS,CLEAR,DAYLIGHT,PARKED MOTOR VEHICLE,PARKING LOT,,STRAIGHT AND LEVEL,DRY,NO DEFECTS,NOT ON SCENE (DESK REPORT),NO INJURY / DRIVE AWAY,,,Y,"OVER $1,500",10/30/2021 04:30:00 PM,UNABLE TO DETERMINE,UNABLE TO DETERMINE,7530,S,STONY ISLAND AVE,411,,,,,,,2,NO INDICATION OF INJURY,0,0,0,0,0,0,1,14,7,10,41.7578056585,-87.586268258,POINT (-87.586268258019 41.757805658543)
5569e41f8f446f2084ad09215b3f4b4dd29478c89826f08116730d3e011ca063c42078ddc9aef2a0d1855220c852c593e16c992425ba4b7003498ac60ab370d2,,10/29/2021 05:33:00 PM,15,NO CONTROLS,NO CONTROLS,RAIN,"DARKNESS, LIGHTED ROAD",PARKED MOTOR VEHICLE,PARKING LOT,,STRAIGHT AND LEVEL,WET,NO DEFECTS,NOT ON SCENE (DESK REPORT),NO INJURY / DRIVE AWAY,,Y,,"$501 - $1,500",10/29/2021 06:10:00 PM,UNABLE TO DETERMINE,UNABLE TO DETERMINE,3510,S,ASHLAND AVE,912,,,,,,,2,NO INDICATION OF INJURY,0,0,0,0,0,0,1,17,6,10,41.8301250664,-87.6657058222,POINT (-87.665705822192 41.830125066405)
cc4519ff767b6244969e8d8d670dde05b42ca5348a57cb7009dd77f9edf40de7e1b3685031e46feceec67a74717d5a359016788f5268d1dafd0f744161977ef1,,10/28/2021 06:30:00 PM,30,STOP SIGN/FLASHER,FUNCTIONING PROPERLY,RAIN,"DARKNESS, LIGHTED ROAD",ANGLE,Y-INTERSECTION,,STRAIGHT AND LEVEL,WET,NO DEFECTS,ON SCENE,INJURY AND / OR TOW DUE TO CRASH,Y,,,"OVER $1,500",10/28/2021 06:32:00 PM,FAILING TO YIELD RIGHT-OF-WAY,WEATHER,5700,N,RIDGE AVE,2013,,,,,,,2,INCAPACITATING INJURY,1,0,1,0,0,0,1,18,5,10,41.9854741677,-87.6633180164,POINT (-87.663318016372 41.985474167681)
932ddb7581dba84718228b6891d2c422bf36e8c8cbb0a957a91cf5f5c95ef194b70095ef88a8d44de258fafcbae786e98f3330fb2d74c1bcf1e281cd72b03667,,10/26/2021 11:25:00 PM,30,NO CONTROLS,NO CONTROLS,CLEAR,"DARKNESS, LIGHTED ROAD",PARKED MOTOR VEHICLE,NOT DIVIDED,,STRAIGHT AND LEVEL,DRY,NO DEFECTS,ON SCENE,NO INJURY / DRIVE AWAY,,,,"OVER $1,500",10/26/2021 11:27:00 PM,UNABLE TO DETERMINE,NOT APPLICABLE,2304,W,ERIE ST,1221,,,,,,,2,NO INDICATION OF INJURY,0,0,0,0,0,0,1,23,3,10,41.8931642675,-87.6846015282,POINT (-87.684601528218 41.893164267491)
cb9c2fbd2c4d23c3b78fa6477c556f4c8bfa91cdb9668ca05c831cd928c3bb700bc107ba436582cebde7ccb13b3d01c14215ceff7e5d4482aa11f277eb235e7d,,10/26/2021 04:00:00 PM,30,TRAFFIC SIGNAL,FUNCTIONING PROPERLY,CLEAR,DAYLIGHT,REAR END,NOT DIVIDED,,STRAIGHT AND LEVEL,DRY,NO DEFECTS,NOT ON SCENE (DESK REPORT),INJURY AND / OR TOW DUE TO CRASH,,,Y,"OVER $1,500",10/26/2021 04:30:00 PM,FOLLOWING TOO CLOSELY,UNABLE TO DETERMINE,1000,S,HALSTED ST,1232,,,,,,,2,"REPORTED, NOT EVIDENT",1,0,0,0,1,0,1,16,3,10,41.8695608754,-87.6471065839,POINT (-87.647106583884 41.869560875398)
9c52c3670052ee15932f7b6e68c58488308d575207632b42c8331f0b7002dda0d6b4671af96ed049fb5bea9cff59562e2e72f29c4e57116b23a0b76ec9f04134,,10/26/2021 03:04:00 PM,30,NO CONTROLS,NO CONTROLS,CLOUDY/OVERCAST,DAYLIGHT,REAR END,DIVIDED - W/MEDIAN BARRIER,,STRAIGHT AND LEVEL,DRY,NO DEFECTS,ON SCENE,NO INJURY / DRIVE AWAY,,,Y,"OVER $1,500",10/26/2021 03:08:00 PM,FOLLOWING TOO CLOSELY,FAILING TO REDUCE SPEED TO AVOID CRASH,2230,W,PETERSON AVE,2413,,,,,,,2,NO INDICATION OF INJURY,0,0,0,0,0,0,2,15,3,10,41.9906732324,-87.6860321037,POINT (-87.686032103674 41.990673232421)
4683346e8a1f34b2591360a36c15efb6adf660fd9f60b9631b70092896ba38df935faee161257e90cfa9a2072aafdc9847a2be0cf069130ebdff158bdb56726b,,10/25/2021 12:50:00 PM,35,TRAFFIC SIGNAL,UNKNOWN,RAIN,DAYLIGHT,ANGLE,Y-INTERSECTION,,STRAIGHT AND LEVEL,WET,UNKNOWN,ON SCENE,INJURY AND / OR TOW DUE TO CRASH,,,,"OVER $1,500",10/25/2021 12:51:00 PM,UNABLE TO DETERMINE,UNABLE TO DETERMINE,6379,N,CALDWELL AVE,1621,,,,,,,3,NONINCAPACITATING INJURY,2,0,0,2,0,0,2,12,2,10,41.9970960614,-87.7659881689,POINT (-87.765988168883 41.997096061408)
591d6d9b3badc1ca66a1da4e0221d9ff57c5627daee33b3cf87e9e7c20616f6b98f1469d11f5f02ce1f7d23dff8888d1f0d25616494d0ff4beb70031ea9f4f9c,,10/24/2021 03:07:00 PM,30,UNKNOWN,UNKNOWN,RAIN,DUSK,PEDESTRIAN,PARKING LOT,,STRAIGHT AND LEVEL,WET,UNKNOWN,ON SCENE,INJURY AND / OR TOW DUE TO CRASH,,Y,,"OVER $1,500",10/24/2021 03:07:00 PM,UNABLE TO DETERMINE,UNABLE TO DETERMINE,513,W,FULLERTON PKWY,1812,,,,,,,2,"REPORTED, NOT EVIDENT",1,0,0,0,1,0,2,15,1,10,41.9254524333,-87.6419562076,POINT (-87.641956207597 41.925452433319)
8b66554317391e13c207908b700426806787703a529847636b84f2da3dcce97974e370f4ab16485f8dbfd6fbce66beed748e57c45d0f4f3f5caf80c7a2a26b01,,10/22/2021 06:30:00 AM,30,NO CONTROLS,NO CONTROLS,CLEAR,DAYLIGHT,SIDESWIPE SAME DIRECTION,NOT DIVIDED,,STRAIGHT AND LEVEL,DRY,NO DEFECTS,NOT ON SCENE (DESK REPORT),NO INJURY / DRIVE AWAY,,,Y,"$501 - $1,500",10/25/2021 05:24:00 PM,IMPROPER OVERTAKING/PASSING,IMPROPER OVERTAKING/PASSING,9900,S,HALSTED ST,2232,,,,,,,2,NO INDICATION OF INJURY,0,0,0,0,0,0,2,6,6,10,41.7141188681,-87.6431454082,POINT (-87.643145408182 41.71411886809)
54f311751baabcc95f9ea18ee7e826061bdfaf5ac9be3279e597b13053874076b7007701492bb31e186f41e2ee3f1a698ce1c1b62171e2b485d99dc32550d417,,10/16/2021 11:30:00 PM,30,NO CONTROLS,NO CONTROLS,CLEAR,"DARKNESS, LIGHTED ROAD",PARKED MOTOR VEHICLE,NOT DIVIDED,,STRAIGHT AND LEVEL,DRY,NO DEFECTS,NOT ON SCENE (DESK REPORT),NO INJURY / DRIVE AWAY,,,Y,"$501 - $1,500",10/18/2021 07:25:00 AM,UNABLE TO DETERMINE,UNABLE TO DETERMINE,549,W,74TH ST,732,,,,,,,2,NO INDICATION OF INJURY,0,0,0,0,0,0,1,23,7,10,41.7597202715,-87.6388263366,POINT (-87.638826336567 41.759720271497)
d2f8a7c84a0409e22afde17c8533846f0899cd759e13cfa33b700070f6212b85d0caa5fdbd7437bf46e1802f70acb01cc473be021b753653930f4dafbf3af45a,,10/12/2021 09:30:00 PM,30,TRAFFIC SIGNAL,UNKNOWN,CLEAR,"DARKNESS, LIGHTED ROAD",PEDESTRIAN,NOT DIVIDED,,STRAIGHT AND LEVEL,DRY,UNKNOWN,NOT ON SCENE (DESK REPORT),NO INJURY / DRIVE AWAY,Y,,,"$501 - $1,500",10/12/2021 11:05:00 PM,UNABLE TO DETERMINE,NOT APPLICABLE,500,S,MORGAN ST,1232,,,,,,,2,NO INDICATION OF INJURY,0,0,0,0,0,0,2,21,3,10,41.8750709554,-87.6519824609,POINT (-87.65198246089 41.875070955433)
c8849d5121b2fad6ead012d09a67184733709f5a756250f573698d595545076903c494c7d0a0c82b70066472d398b072d2b2989ea4b897bf29442c64bf07ca93,,10/11/2021 05:27:00 PM,30,NO CONTROLS,NO CONTROLS,RAIN,DAYLIGHT,REAR END,DIVIDED - W/MEDIAN (NOT RAISED),,STRAIGHT AND LEVEL,DRY,NO DEFECTS,ON SCENE,INJURY AND / OR TOW DUE TO CRASH,,,,"OVER $1,500",10/11/2021 05:28:00 PM,FAILING TO REDUCE SPEED TO AVOID CRASH,NOT APPLICABLE,2350,W,79TH ST,835,,,,,,,2,NO INDICATION OF INJURY,0,0,0,0,0,0,2,17,2,10,41.7502075256,-87.6824105415,POINT (-87.682410541546 41.750207525594)
e3e2ac1f42bac8d4b12e3989893f0e5629e9c2c19db5fcd38a6607f8f28cef21f90cffed9b046a1d4beda41dbe28954de4b70060c0ddee29ca7432a65b5cdb59,Y,10/08/2021 02:00:00 PM,30,UNKNOWN,UNKNOWN,UNKNOWN,UNKNOWN,ANGLE,DIVIDED - W/MEDIAN (NOT RAISED),,STRAIGHT AND LEVEL,UNKNOWN,UNKNOWN,NOT ON SCENE (DESK REPORT),NO INJURY / DRIVE AWAY,,,,"OVER $1,500",10/08/2021 02:00:00 PM,FAILING TO YIELD RIGHT-OF-WAY,UNABLE TO DETERMINE,6737,S,PULASKI RD,833,,,,,,,2,NO INDICATION OF INJURY,0,0,0,0,0,0,3,14,6,10,41.7702902639,-87.722401324,POINT (-87.722401324025 41.770290263912)
485f61969af574211b9fc73e95a72317c47caa84257c061509052ec930c26e354eb58b6b7002caa10a9f5420d7a1e792b7109364c2a663f634017f253bc83498,,10/04/2021 08:20:00 AM,25,STOP SIGN/FLASHER,FUNCTIONING PROPERLY,FOG/SMOKE/HAZE,DAYLIGHT,ANGLE,FOUR WAY,,STRAIGHT AND LEVEL,DRY,NO DEFECTS,NOT ON SCENE (DESK REPORT),NO INJURY / DRIVE AWAY,Y,,,"$501 - $1,500",10/04/2021 05:10:00 PM,UNABLE TO DETERMINE,UNABLE TO DETERMINE,2932,W,GRANVILLE AVE,2413,,,,,,,2,NO INDICATION OF INJURY,0,0,0,0,0,0,2,8,2,10,41.9940455783,-87.7032205936,POINT (-87.70322059356 41.994045578278)
46bd2ef525df8d9d1b700e270c0c8d803716fe64c4d1955caa9f9943844821463a12ccd233bc1dbb50233b4d1d3ca7ab1289724d1bc20b604f2a851f9c215e16,,10/03/2021 11:30:00 AM,30,NO CONTROLS,NO CONTROLS,CLEAR,DAYLIGHT,PARKED MOTOR VEHICLE,PARKING LOT,,STRAIGHT AND LEVEL,DRY,NO DEFECTS,NOT ON SCENE (DESK REPORT),NO INJURY / DRIVE AWAY,,Y,,"OVER $1,500",10/03/2021 02:20:00 PM,UNABLE TO DETERMINE,UNABLE TO DETERMINE,1743,W,LAWRENCE AVE,1912,,,,,,,2,NO INDICATION OF INJURY,0,0,0,0,0,0,1,11,1,10,41.9687307336,-87.6726720328,POINT (-87.672672032757 41.968730733567)
1f5c6f9e8512b1970ca8b209d72d4633fdad4efcb8665b980597f0a68c2833e20e37e0350ceda5bd367d098a8a894147fe49e3deef7972d5195667c0c1b700e7,,10/02/2021 07:00:00 PM,30,TRAFFIC SIGNAL,FUNCTIONING PROPERLY,CLEAR,DAYLIGHT,SIDESWIPE SAME DIRECTION,NOT DIVIDED,,STRAIGHT AND LEVEL,DRY,NO DEFECTS,NOT ON SCENE (DESK REPORT),NO INJURY / DRIVE AWAY,,,,"OVER $1,500",10/03/2021 12:20:00 PM,UNABLE TO DETERMINE,NOT APPLICABLE,3958,W,FULLERTON AVE,2524,,,,,,,2,NO INDICATION OF INJURY,0,0,0,0,0,0,2,19,7,10,41.9245945664,-87.7267105203,POINT (-87.726710520322 41.924594566385)
6db8b79cd081d9717fdf5e2bf8d77a14259623d195fe8e80f5efb31fc679c15b2e78f1d92d4690534dcc4251f8ab700f9d1d4f83e48d18d56ea436cb4a09d3aa,,10/02/2021 03:00:00 AM,30,TRAFFIC SIGNAL,FUNCTIONING PROPERLY,CLEAR,DUSK,ANGLE,DIVIDED - W/MEDIAN (NOT RAISED),,STRAIGHT AND LEVEL,DRY,NO DEFECTS,NOT ON SCENE (DESK REPORT),NO INJURY / DRIVE AWAY,Y,,,"OVER $1,500",10/02/2021 03:50:00 AM,DISREGARDING TRAFFIC SIGNALS,FAILING TO REDUCE SPEED TO AVOID CRASH,800,N,CLARK ST,1832,,,,,,,2,NO INDICATION OF INJURY,0,0,0,0,0,0,4,3,7,10,41.8967011402,-87.6313931605,POINT (-87.631393160513 41.896701140159)
fd39965e1d61199a84552780b05498c4b45d273f1811d9d78bd08b298142f1421ac6b24e3b053ab5df838517727576fb7daff942d3eddb7d3d7ddbc6d1b700ef,,10/01/2021 09:00:00 PM,30,TRAFFIC SIGNAL,FUNCTIONING PROPERLY,CLEAR,DARKNESS,REAR END,ONE-WAY,,STRAIGHT AND LEVEL,DRY,NO DEFECTS,NOT ON SCENE (DESK REPORT),NO INJURY / DRIVE AWAY,,,,"OVER $1,500",10/04/2021 11:00:00 AM,FAILING TO YIELD RIGHT-OF-WAY,NOT APPLICABLE,298,S,LAVERGNE AVE,1533,,,,,,,2,NO INDICATION OF INJURY,0,0,0,0,0,0,3,21,6,10,41.8767736885,-87.7494306163,POINT (-87.749430616255 41.87677368847)
d20eb76aaab9214669ebe9d2bb4f94de6b3ac325c4221fd9b4ab41b62f5f4a3bcc42c8c8ac1e9cf9a6350c04f6114bb7eecfc2d42ab7002c8e389740a8fbc05a,,10/01/2021 09:20:00 AM,30,NO CONTROLS,NO CONTROLS,CLEAR,DAYLIGHT,REAR END,DIVIDED - W/MEDIAN BARRIER,,STRAIGHT AND LEVEL,DRY,NO DEFECTS,NOT ON SCENE (DESK REPORT),NO INJURY / DRIVE AWAY,,,Y,"$501 - $1,500",10/01/2021 09:49:00 AM,FOLLOWING TOO CLOSELY,FOLLOWING TOO CLOSELY,11452,S,TALMAN AVE,2212,,,,,,,2,NO INDICATION OF INJURY,0,0,0,0,0,0,2,9,6,10,41.6847164289,-87.6872172806,POINT (-87.687217280572 41.684716428876)
112c4f4f3e0954e0b093a60576e207b7004c3b7ff7ba6f13143040a107d391dc3dab0a7af4ecca85f3fed0fd5475e9c8b59f88b632ff69564f15265059f45613,,09/29/2021 06:00:00 AM,30,NO CONTROLS,NO CONTROLS,CLEAR,"DARKNESS, LIGHTED ROAD",PARKED MOTOR VEHICLE,NOT DIVIDED,,STRAIGHT AND LEVEL,DRY,NO DEFECTS,ON SCENE,NO INJURY / DRIVE AWAY,,,Y,"OVER $1,500",09/29/2021 06:10:00 AM,UNABLE TO DETERMINE,UNABLE TO DETERMINE,4109,W,MAYPOLE AVE,1114,,,,,,,3,NO INDICATION OF INJURY,0,0,0,0,0,0,1,6,4,9,41.8845354929,-87.728660812,POINT (-87.728660812019 41.884535492942)