CRASH_RECORD_ID,CRASH_DATE_EST_I,CRASH_DATE,POSTED_SPEED_LIMIT,TRAFFIC_CONTROL_DEVICE,DEVICE_CONDITION,WEATHER_CONDITION,LIGHTING_CONDITION,FIRST_CRASH_TYPE,TRAFFICWAY_TYPE,LANE_CNT,ALIGNMENT,ROADWAY_SURFACE_COND,ROAD_DEFECT,REPORT_TYPE,CRASH_TYPE,INTERSECTION_RELATED_I,NOT_RIGHT_OF_WAY_I,HIT_AND_RUN_I,DAMAGE,DATE_POLICE_NOTIFIED,PRIM_CONTRIBUTORY_CAUSE,SEC_CONTRIBUTORY_CAUSE,STREET_NO,STREET_DIRECTION,STREET_NAME,BEAT_OF_OCCURRENCE,PHOTOS_TAKEN_I,STATEMENTS_TAKEN_I,DOORING_I,WORK_ZONE_I,WORK_ZONE_TYPE,WORKERS_PRESENT_I,NUM_UNITS,MOST_SEVERE_INJURY,INJURIES_TOTAL,INJURIES_FATAL,INJURIES_INCAPACITATING,INJURIES_NON_INCAPACITATING,INJURIES_REPORTED_NOT_EVIDENT,INJURIES_UNKNOWN,INJURIES_NO_INDICATION,CRASH_HOUR,CRASH_DAY_OF_WEEK,CRASH_MONTH,LATITUDE,LONGITUDE,LOCATION
0c2b3c837a614fcf947f052e13a723a79d245c1ce324c2390085c3cd5bf1cdd6e6d3f7471d69bab70026ef8a7bdf45ecc56f99cbcf83eb30e17994561127a5e3,,09/28/2021 03:55:00 PM,30,STOP SIGN/FLASHER,FUNCTIONING PROPERLY,CLEAR,DAYLIGHT,REAR END,NOT DIVIDED,,STRAIGHT AND LEVEL,UNKNOWN,UNKNOWN,NOT ON SCENE (DESK REPORT),NO INJURY / DRIVE AWAY,,,Y,"$501 - $1,500",09/28/2021 04:00:00 PM,FOLLOWING TOO CLOSELY,FOLLOWING TOO CLOSELY,900,W,ADDISON ST,1923,,,,,,,2,NO INDICATION OF INJURY,0,0,0,0,0,0,2,15,3,9,41.9473933451,-87.6519668652,POINT (-87.651966865155 41.94739334506)
73bba2162237da1e53effffe439ea8a12c0b2267d31c6128aefcde3453b630b95a02b700d154be73cec06b0f50d8813da2d859ca7ba052d308e150a07767f3ca,,09/28/2021 08:35:00 AM,35,NO CONTROLS,NO CONTROLS,CLEAR,DAYLIGHT,TURNING,NOT DIVIDED,,STRAIGHT AND LEVEL,DRY,NO DEFECTS,NOT ON SCENE (DESK REPORT),NO INJURY / DRIVE AWAY,,,N,"$501 - $1,500",10/05/2021 09:40:00 AM,UNABLE TO DETERMINE,UNABLE TO DETERMINE,5601,N,LINCOLN AVE,2011,,,,,,,2,NO INDICATION OF INJURY,0,0,0,0,0,0,2,8,3,9,41.9832497099,-87.6950780383,POINT (-87.695078038334 41.983249709865)
c7d82ea4ec95cebdaf689372fe33839b5370c32653b727360e70d2e1b7009137233a232039695840f5f7df7a0758c99495fa7b98249cf7cda16c3fc1bf02ef03,,09/26/2021 04:15:00 PM,30,STOP SIGN/FLASHER,FUNCTIONING PROPERLY,CLEAR,DAYLIGHT,PARKED MOTOR VEHICLE,NOT DIVIDED,,STRAIGHT AND LEVEL,DRY,NO DEFECTS,ON SCENE,NO INJURY / DRIVE AWAY,,,,"OVER $1,500",09/26/2021 04:15:00 PM,PHYSICAL CONDITION OF DRIVER,NOT APPLICABLE,6132,W,58TH ST,811,,,,,,,4,NO INDICATION OF INJURY,0,0,0,0,0,0,4,16,1,9,41.7870752184,-87.7755757027,POINT (-87.775575702713 41.787075218372)
40f411b3d7dee096d46f20609084dcfa99762860b5b03db7003484ac40f6c87f848d5b6374e4518623d73cc84dfe88ed7d5101a27e90f6e9df11f546f087fe18,,09/26/2021 12:04:00 AM,30,NO CONTROLS,UNKNOWN,CLEAR,"DARKNESS, LIGHTED ROAD",TURNING,FOUR WAY,,STRAIGHT AND LEVEL,DRY,NO DEFECTS,ON SCENE,INJURY AND / OR TOW DUE TO CRASH,Y,,,"OVER $1,500",09/26/2021 12:04:00 AM,IMPROPER LANE USAGE,IMPROPER TURNING/NO SIGNAL,4700,S,STATE ST,224,,,,,,,2,NO INDICATION OF INJURY,0,0,0,0,0,0,4,0,1,9,41.8091430179,-87.6262291323,POINT (-87.626229132272 41.809143017867)
7edfea0a446a9bd711f7003901e1ae37c3dda714e4f1fc3303e8edd4a530023b70009f98398f1179c488f7cdf68b347b54cb3157b475f523ea06432fa81a186f,,09/25/2021 08:20:00 AM,30,NO CONTROLS,NO CONTROLS,CLEAR,DAYLIGHT,REAR END,DIVIDED - W/MEDIAN (NOT RAISED),,STRAIGHT AND LEVEL,DRY,NO DEFECTS,NOT ON SCENE (DESK REPORT),NO INJURY / DRIVE AWAY,,,,"OVER $1,500",09/25/2021 09:20:00 AM,FOLLOWING TOO CLOSELY,NOT APPLICABLE,4405,W,GRAND AVE,2533,,,,,,,3,NO INDICATION OF INJURY,0,0,0,0,0,0,3,8,7,9,41.9100389727,-87.7365168158,POINT (-87.736516815759 41.910038972713)
2edf403d9970466f5fe3bd16a15cfae19acd771fd6eeba6ce212f68de22f88a5489881beb963ea2646c0ffb8eaa174f02b6dda9adfd0caff4b7002ded1d6201e,,09/24/2021 05:10:00 PM,30,NO CONTROLS,NO CONTROLS,CLEAR,DAYLIGHT,REAR END,NOT DIVIDED,,STRAIGHT AND LEVEL,DRY,NO DEFECTS,ON SCENE,INJURY AND / OR TOW DUE TO CRASH,,,Y,"OVER $1,500",09/24/2021 05:54:00 PM,FAILING TO REDUCE SPEED TO AVOID CRASH,NOT APPLICABLE,10133,S,WESTERN AVE,2213,,,,,,,2,NONINCAPACITATING INJURY,1,0,0,1,0,0,1,17,6,9,41.7090581438,-87.6815556019,POINT (-87.681555601915 41.709058143826)
31e90003ef3834f399a96216f988976d289829eec2f66a676bec3784d3cf8b773cbf79771a9491bfe4249feb899dbba18e24a4eb91a2080fcab70093baa78e03,,09/22/2021 09:30:00 AM,30,TRAFFIC SIGNAL,FUNCTIONING PROPERLY,RAIN,DAYLIGHT,REAR END,NOT DIVIDED,,STRAIGHT AND LEVEL,WET,UNKNOWN,NOT ON SCENE (DESK REPORT),NO INJURY / DRIVE AWAY,,,,"$501 - $1,500",09/22/2021 11:00:00 AM,UNABLE TO DETERMINE,UNABLE TO DETERMINE,758,W,BELMONT AVE,1925,,,,,,,2,NO INDICATION OF INJURY,0,0,0,0,0,0,2,9,4,9,41.9400923468,-87.6491477779,POINT (-87.649147777873 41.940092346773)
6854e77acf69c748e7bf26849cd631a340da581bd089ed979273d68228325e8c8b96aa0e950967d33001016a23854b5f288159354935b7001a66380be33755a5,,09/16/2021 03:40:00 PM,5,NO CONTROLS,NO CONTROLS,CLEAR,DAYLIGHT,PARKED MOTOR VEHICLE,PARKING LOT,,STRAIGHT AND LEVEL,DRY,NO DEFECTS,ON SCENE,NO INJURY / DRIVE AWAY,,Y,Y,"$501 - $1,500",09/16/2021 05:00:00 PM,IMPROPER BACKING,UNABLE TO DETERMINE,904,S,RACINE AVE,1231,,,,,,,2,NO INDICATION OF INJURY,0,0,0,0,0,0,2,15,5,9,41.8701175525,-87.6569243786,POINT (-87.656924378607 41.870117552486)
f14747d969261d800353b4b700c7ed57847b9d175fb1938084aa48889361715759e73e8a9ef1835ee559572f2c528fa6588fd621b3a40d72d621afb9f65803af,,09/16/2021 11:25:00 AM,30,NO CONTROLS,NO CONTROLS,CLEAR,DAYLIGHT,FIXED OBJECT,PARKING LOT,,STRAIGHT AND LEVEL,DRY,NO DEFECTS,ON SCENE,INJURY AND / OR TOW DUE TO CRASH,,Y,,"OVER $1,500",09/16/2021 11:32:00 AM,PHYSICAL CONDITION OF DRIVER,UNABLE TO DETERMINE,5347,N,LINCOLN AVE,2011,,,,,,,1,NONINCAPACITATING INJURY,1,0,0,1,0,0,0,11,5,9,41.9791186839,-87.6925169116,POINT (-87.692516911589 41.97911868388)
6310ea1ec8e31ba3f1ed00bd60ba17583ee6e84dacd30086b165eb7003152f3471bf67ee595fbda25c136f720f6143ed1756bca2f6b421b5d896896843d61e1b,,09/15/2021 11:30:00 PM,30,UNKNOWN,UNKNOWN,UNKNOWN,UNKNOWN,SIDESWIPE SAME DIRECTION,NOT DIVIDED,,STRAIGHT AND LEVEL,DRY,NO DEFECTS,NOT ON SCENE (DESK REPORT),NO INJURY / DRIVE AWAY,,,,"OVER $1,500",09/15/2021 11:45:00 PM,UNABLE TO DETERMINE,UNABLE TO DETERMINE,644,N,LAKE SHORE DR,1834,,,,,,,2,NO INDICATION OF INJURY,0,0,0,0,0,0,2,23,4,9,41.8938713478,-87.6152747773,POINT (-87.615274777284 41.893871347793)
054dd7c7ba15802f6345eac50e2a3615c751b40020cef7e65804a57b24509184164b2d45674031f1c56371e5a0201f997fbde776d94ae738424a177bdeb700ab,,09/15/2021 08:30:00 PM,30,UNKNOWN,UNKNOWN,CLEAR,DAYLIGHT,PARKED MOTOR VEHICLE,UNKNOWN,,STRAIGHT AND LEVEL,DRY,UNKNOWN,NOT ON SCENE (DESK REPORT),NO INJURY / DRIVE AWAY,,,,"OVER $1,500",09/16/2021 04:00:00 PM,UNABLE TO DETERMINE,UNABLE TO DETERMINE,5223,S,KIMBARK AVE,234,,,,,,,2,NO INDICATION OF INJURY,0,0,0,0,0,0,1,20,4,9,41.8002705478,-87.5948938526,POINT (-87.594893852594 41.800270547767)
d539b0fbe965a6caf7b64c92c8c2860419f161af3153d3e4af9926b700577238b15240b22e363ccb6292a922eb526fd1faef0086db666f93d55820ecf41a63ed,Y,09/15/2021 12:00:00 AM,20,NO CONTROLS,NO CONTROLS,CLEAR,UNKNOWN,PARKED MOTOR VEHICLE,ONE-WAY,,STRAIGHT AND LEVEL,UNKNOWN,UNKNOWN,ON SCENE,NO INJURY / DRIVE AWAY,,,Y,"OVER $1,500",09/15/2021 07:17:00 AM,UNABLE TO DETERMINE,NOT APPLICABLE,7902,S,DREXEL AVE,624,,,,,,,2,NO INDICATION OF INJURY,0,0,0,0,0,0,1,0,4,9,41.751164224,-87.6028998076,POINT (-87.602899807596 41.751164224045)
7cc7ec0427e6a67dd1bba1624b6f3735b70008560abfc7db5e886878f6233915dd2c27f248d8b3b85f48c08d5d14b7ef88bc79b679b0da2d7d4ee6fa9883ef58,,09/14/2021 04:00:00 AM,30,TRAFFIC SIGNAL,FUNCTIONING PROPERLY,CLEAR,"DARKNESS, LIGHTED ROAD",REAR END,NOT DIVIDED,,STRAIGHT AND LEVEL,DRY,NO DEFECTS,NOT ON SCENE (DESK REPORT),NO INJURY / DRIVE AWAY,,,,"OVER $1,500",09/15/2021 05:00:00 PM,UNABLE TO DETERMINE,UNABLE TO DETERMINE,1230,N,PULASKI RD,2534,,,,,,,2,NO INDICATION OF INJURY,0,0,0,0,0,0,2,4,3,9,41.9035315621,-87.7264723973,POINT (-87.726472397307 41.903531562088)
0e9fdfceb22d96187e05709dcf0f682f8d737a373baec6ad8c94dbaa405fcc154a300c345abdad6ae33cbbdb3fabfa46fb7ffe99529cefb7003e9ddee7b3bfc9,,09/11/2021 09:40:00 PM,30,OTHER,NO CONTROLS,CLEAR,"DARKNESS, LIGHTED ROAD",SIDESWIPE OPPOSITE DIRECTION,NOT DIVIDED,,STRAIGHT AND LEVEL,DRY,NO DEFECTS,ON SCENE,INJURY AND / OR TOW DUE TO CRASH,Y,,Y,"OVER $1,500",09/11/2021 09:43:00 PM,UNDER THE INFLUENCE OF ALCOHOL/DRUGS (USE WHEN ARREST IS EFFECTED),NOT APPLICABLE,402,W,MELROSE ST,1925,,,,,,,3,NO INDICATION OF INJURY,0,0,0,0,0,0,2,21,7,9,41.9413058572,-87.6397580728,POINT (-87.639758072785 41.941305857208)
a0b7008dcf126be73be213e201b20c1e173a965d09dc6381be8cfa0e4bfc6bcc2d88a4743fe63b121b666c701829959425b2a01f2d51a7c87df4b36fac912880,,09/11/2021 09:30:00 PM,30,NO CONTROLS,NO CONTROLS,CLEAR,"DARKNESS, LIGHTED ROAD",PARKED MOTOR VEHICLE,ONE-WAY,,STRAIGHT AND LEVEL,DRY,NO DEFECTS,NOT ON SCENE (DESK REPORT),NO INJURY / DRIVE AWAY,,,Y,"OVER $1,500",09/18/2021 07:30:00 PM,UNABLE TO DETERMINE,NOT APPLICABLE,1857,N,ALBANY AVE,1421,,,,,,,2,NO INDICATION OF INJURY,0,0,0,0,0,0,1,21,7,9,41.915386354,-87.7050688986,POINT (-87.705068898558 41.915386353981)
26ba143bb7da23bf480f831b157baae8fc322a09ab36ae0cc8ecccfc92ceacf11462df8c4ceea27349ad2071256cc07bea4f20bb7006eb214f6ed85dc00cde19,,09/10/2021 11:55:00 AM,35,DELINEATORS,FUNCTIONING PROPERLY,CLEAR,DAYLIGHT,REAR END,DIVIDED - W/MEDIAN BARRIER,,STRAIGHT AND LEVEL,DRY,NO DEFECTS,ON SCENE,INJURY AND / OR TOW DUE TO CRASH,,,,"OVER $1,500",09/10/2021 11:56:00 AM,DRIVING SKILLS/KNOWLEDGE/EXPERIENCE,NOT APPLICABLE,1501,S,LAKE SHORE DR E,132,,,,,,,3,NO INDICATION OF INJURY,0,0,0,0,0,0,6,11,6,9,41.8620524285,-87.6181363513,POINT (-87.618136351336 41.862052428489)
602803aba141fc86dc9da3aca206fa4073f673fea784a0210efc0cb555e8b69e40b700ecf93a2852355832e8d2ae1f384db8c92f987c6d75de3dd5c0e5c75c3c,,09/07/2021 09:50:00 PM,15,NO CONTROLS,NO CONTROLS,CLEAR,DAYLIGHT,PARKED MOTOR VEHICLE,PARKING LOT,,STRAIGHT AND LEVEL,DRY,NO DEFECTS,NOT ON SCENE (DESK REPORT),NO INJURY / DRIVE AWAY,,Y,Y,"OVER $1,500",09/11/2021 10:15:00 AM,UNABLE TO DETERMINE,UNABLE TO DETERMINE,3823,N,CLARK ST,1923,,,,,,,2,NO INDICATION OF INJURY,0,0,0,0,0,0,1,21,3,9,41.9516672251,-87.6599301656,POINT (-87.659930165639 41.951667225125)
392a445db2abe531068a9fa6f28e0c3852122ae5b4545196373dbcbb700551e119333044426e4e70389fa017cdc4583721074c5280f59b696834677b51924589,,09/04/2021 10:28:00 PM,30,NO CONTROLS,NO CONTROLS,UNKNOWN,UNKNOWN,REAR END,FOUR WAY,,STRAIGHT AND LEVEL,UNKNOWN,UNKNOWN,ON SCENE,INJURY AND / OR TOW DUE TO CRASH,Y,,,"OVER $1,500",09/04/2021 11:07:00 PM,FOLLOWING TOO CLOSELY,NOT APPLICABLE,2851,N,WESTERN AVE,1432,,,,,,,2,NO INDICATION OF INJURY,0,0,0,0,0,0,2,22,7,9,41.9337537098,-87.687789605,POINT (-87.687789604956 41.933753709837)
04ff6beef6811df7816dd4ade5aee3d4a25fbf9d648585a0ab2634ec40665b700044e4fa0d66de2252141727c1531fff8e25b8b1beabf315d7a0f0fc74eabd35,,09/03/2021 12:05:00 PM,30,NO CONTROLS,NO CONTROLS,CLEAR,DAYLIGHT,ANGLE,NOT DIVIDED,,STRAIGHT AND LEVEL,DRY,NO DEFECTS,ON SCENE,INJURY AND / OR TOW DUE TO CRASH,N,,,"OVER $1,500",09/03/2021 12:06:00 PM,"VISION OBSCURED (SIGNS, TREE LIMBS, BUILDINGS, ETC.)",NOT APPLICABLE,1706,W,FULLERTON AVE,1931,,,,,,,2,NO INDICATION OF INJURY,0,0,0,0,0,0,2,12,6,9,41.9252234198,-87.671036181,POINT (-87.671036180992 41.92522341975)
cf5f5e870a3a0fd70352280eb7a80d3a2b7009d6258f901b3a1352218295d1fe851e9f7974da98ca8e70d28e624d0b0eb92202e6dfb046065c8b09f199bea01e,,09/02/2021 02:00:00 PM,30,UNKNOWN,UNKNOWN,UNKNOWN,UNKNOWN,PARKED MOTOR VEHICLE,UNKNOWN,,STRAIGHT AND LEVEL,UNKNOWN,UNKNOWN,NOT ON SCENE (DESK REPORT),NO INJURY / DRIVE AWAY,,,Y,$500 OR LESS,09/02/2021 06:20:00 PM,NOT APPLICABLE,NOT APPLICABLE,5403,S,KARLOV AVE,815,,,,,,,2,NO INDICATION OF INJURY,0,0,0,0,0,0,1,14,5,9,41.7948848398,-87.7255166041,POINT (-87.725516604115 41.794884839772)
d4e9d9a10cc1ce47351f09ae0ef37bdda30be93a58db59d1b66d417342ace58172ebe2501671048d324b0f51f9b700ae743f390e3ef6b360e9dcf5956d09a62c,,09/01/2021 02:58:00 PM,35,TRAFFIC SIGNAL,FUNCTIONING PROPERLY,CLEAR,DAYLIGHT,TURNING,DIVIDED - W/MEDIAN BARRIER,,STRAIGHT AND LEVEL,DRY,NO DEFECTS,ON SCENE,INJURY AND / OR TOW DUE TO CRASH,Y,,,"OVER $1,500",09/01/2021 03:02:00 PM,FAILING TO YIELD RIGHT-OF-WAY,DRIVING SKILLS/KNOWLEDGE/EXPERIENCE,400,S,WACKER DR,122,,,,,,,2,NONINCAPACITATING INJURY,1,0,0,1,0,0,1,14,4,9,41.8767674799,-87.6369910432,POINT (-87.636991043165 41.876767479861)
908558c9af87095901caa0f6ead33edf523daed4e66a11bb7a75e34901f364b0cee2288fd672d87efe303af97f790d8a4b700658309194dbb98cb1c6638f8184,,09/01/2021 02:35:00 PM,30,NO CONTROLS,NO CONTROLS,CLEAR,DAYLIGHT,ANGLE,OTHER,,STRAIGHT AND LEVEL,DRY,NO DEFECTS,NOT ON SCENE (DESK REPORT),NO INJURY / DRIVE AWAY,,,Y,"OVER $1,500",09/01/2021 02:58:00 PM,UNABLE TO DETERMINE,NOT APPLICABLE,2402,W,ROOSEVELT RD,1135,,,,,,,2,NO INDICATION OF INJURY,0,0,0,0,0,0,2,14,4,9,41.866720102,-87.6862075034,POINT (-87.686207503382 41.866720102038)
d36d827beed41a65fbb296db641bac9bc1c0fda48d877c439516dc07d0ac704b8fdf07d88de9ac2458cc7ae97a5105c6cf0d8523b700edf12c706504f50e3b16,,08/30/2021 12:30:00 AM,30,TRAFFIC SIGNAL,FUNCTIONING PROPERLY,CLEAR,"DARKNESS, LIGHTED ROAD",REAR END,NOT DIVIDED,,STRAIGHT ON GRADE,DRY,NO DEFECTS,ON SCENE,INJURY AND / OR TOW DUE TO CRASH,Y,,,"OVER $1,500",08/30/2021 12:37:00 AM,FOLLOWING TOO CLOSELY,PHYSICAL CONDITION OF DRIVER,6799,N,CLARK ST,2432,,,,,,,2,NO INDICATION OF INJURY,0,0,0,0,0,0,3,0,2,8,42.0053117274,-87.6729405385,POINT (-87.672940538462 42.005311727361)
96fd25b25e839f5a9aeb6665dbe5084fb9e0249edaebbab4383e4884218d0055d1027ebb8ed02f70bb46c2b70062a3d888bc40c9c09ccc830e2bb055d6103e16,,08/27/2021 07:00:00 PM,30,NO CONTROLS,NO CONTROLS,CLEAR,DAYLIGHT,TURNING,CENTER TURN LANE,,STRAIGHT AND LEVEL,DRY,NO DEFECTS,ON SCENE,INJURY AND / OR TOW DUE TO CRASH,,,Y,"OVER $1,500",08/27/2021 07:28:00 PM,IMPROPER TURNING/NO SIGNAL,FAILING TO YIELD RIGHT-OF-WAY,2815,N,CENTRAL AVE,2514,,,,,,,2,NO INDICATION OF INJURY,0,0,0,0,0,0,2,19,6,8,41.9317672278,-87.7661172178,POINT (-87.766117217803 41.931767227795)
506067a39207166e78cc45ba7b9784c60edc95ca4fd689b471d53317ae67e84e740fbb8e569d59115d9f08ab32466e51ea6ac16899adb700567afa6b9548a886,,08/27/2021 04:40:00 PM,10,NO CONTROLS,NO CONTROLS,CLEAR,DAYLIGHT,REAR TO FRONT,OTHER,,STRAIGHT AND LEVEL,DRY,NO DEFECTS,NOT ON SCENE (DESK REPORT),NO INJURY / DRIVE AWAY,,Y,,"$501 - $1,500",08/27/2021 06:00:00 PM,IMPROPER BACKING,UNABLE TO DETERMINE,8321,S,ASHLAND AVE,614,,,,,,,2,NO INDICATION OF INJURY,0,0,0,0,0,0,2,16,6,8,41.7424208244,-87.6630911433,POINT (-87.663091143334 41.742420824438)
646eacbc2d368d648204ea5b0108aae5da632369430eb5cdaaaebf5a454c05a6a5937b7d3e296e2a8b7008a36dbb6c738f145f9c0f6c3e193f69eb87673ab97b,,08/27/2021 04:25:00 PM,25,TRAFFIC SIGNAL,FUNCTIONING PROPERLY,CLEAR,DAYLIGHT,SIDESWIPE SAME DIRECTION,NOT DIVIDED,,STRAIGHT AND LEVEL,DRY,UNKNOWN,NOT ON SCENE (DESK REPORT),NO INJURY / DRIVE AWAY,,,,"OVER $1,500",08/27/2021 05:31:00 PM,IMPROPER LANE USAGE,UNABLE TO DETERMINE,2700,W,OGDEN AVE,1023,,,,,,,2,NO INDICATION OF INJURY,0,0,0,0,0,0,2,16,6,8,41.8622673112,-87.6934076781,POINT (-87.693407678056 41.86226731115)
da2155608e8e3847d4f3f3fb591ab7005c59653973b1833d22fa833df732d88d809e6628ebb7d9f656eceeb7073d569b0dd7a05261c5ea6a3d367c8c604c9ed1,,08/27/2021 09:00:00 AM,30,NO CONTROLS,NO CONTROLS,UNKNOWN,UNKNOWN,PARKED MOTOR VEHICLE,ONE-WAY,,STRAIGHT AND LEVEL,UNKNOWN,UNKNOWN,NOT ON SCENE (DESK REPORT),NO INJURY / DRIVE AWAY,,,Y,"OVER $1,500",08/30/2021 04:30:00 PM,UNABLE TO DETERMINE,UNABLE TO DETERMINE,3709,W,ALTGELD ST,2524,,,,,,,2,NO INDICATION OF INJURY,0,0,0,0,0,0,1,9,6,8,41.9262697567,-87.7198566474,POINT (-87.719856647374 41.926269756724)
e66f58bdbfa51d60ba6858a6f8a5c13761b41c06050e7e2d3b0a90ca1190ade47c72d674c1bdbbd48822ec2435ac43ecbb56253be690172109ad5e3b7007e369,,08/26/2021 05:43:00 PM,30,TRAFFIC SIGNAL,FUNCTIONING PROPERLY,CLEAR,DAYLIGHT,REAR END,DIVIDED - W/MEDIAN BARRIER,,STRAIGHT AND LEVEL,DRY,NO DEFECTS,NOT ON SCENE (DESK REPORT),NO INJURY / DRIVE AWAY,Y,,,"OVER $1,500",08/26/2021 05:50:00 PM,UNABLE TO DETERMINE,UNABLE TO DETERMINE,1600,E,103RD ST,431,,,,,,,2,NO INDICATION OF INJURY,0,0,0,0,0,0,2,17,5,8,41.7078998865,-87.5848228888,POINT (-87.584822888781 41.707899886453)
a1311a7bfdb7b281edb69d144043d8544e2cb7744fd14af3ea06382b33fd1acab27cd07a651fa649957e37a630997df0ccb96026425684dff3cb700d80127e92,,08/24/2021 10:30:00 PM,30,TRAFFIC SIGNAL,NOT FUNCTIONING,RAIN,"DARKNESS, LIGHTED ROAD",ANGLE,FOUR WAY,,STRAIGHT AND LEVEL,WET,NO DEFECTS,,NO INJURY / DRIVE AWAY,,,Y,"OVER $1,500",08/26/2021 01:10:00 PM,"OPERATING VEHICLE IN ERRATIC, RECKLESS, CARELESS, NEGLIGENT OR AGGRESSIVE MANNER",NOT APPLICABLE,7100,S,STATE ST,323,,,,,,,2,NO INDICATION OF INJURY,0,0,0,0,0,0,2,22,3,8,41.7653936078,-87.625050475,POINT (-87.625050475006 41.765393607783)
cc1b134547a05dac84ea156bbc9b15b5e52550209396f044b72cf5634471e409dd6a60732f23a3c21e8da61e56dfac7f22058b700eb61e81b5574f185ccffaa0,,08/21/2021 02:40:00 PM,30,TRAFFIC SIGNAL,FUNCTIONING PROPERLY,CLEAR,DAYLIGHT,ANGLE,NOT DIVIDED,,STRAIGHT AND LEVEL,DRY,NO DEFECTS,ON SCENE,NO INJURY / DRIVE AWAY,Y,,Y,"OVER $1,500",08/21/2021 02:46:00 PM,DISREGARDING TRAFFIC SIGNALS,FAILING TO YIELD RIGHT-OF-WAY,6300,S,ROCKWELL ST,825,,,,,,,2,NO INDICATION OF INJURY,0,0,0,0,0,0,3,14,7,8,41.7790935491,-87.6886680867,POINT (-87.688668086677 41.77909354907)
95022c45a2f1b8602e44561db70004eaee9faa729acd2609f853d4d2164d2577ab3b97ca68dc195d2ae720271c782fa586c17e445537a90742309e5d5acab4b5,,08/21/2021 01:45:00 AM,35,NO CONTROLS,NO CONTROLS,CLEAR,"DARKNESS, LIGHTED ROAD",PARKED MOTOR VEHICLE,NOT DIVIDED,,STRAIGHT AND LEVEL,DRY,NO DEFECTS,ON SCENE,NO INJURY / DRIVE AWAY,,,,$500 OR LESS,08/21/2021 01:45:00 AM,UNABLE TO DETERMINE,UNABLE TO DETERMINE,2045,N,CICERO AVE,2522,,,,,,,2,NO INDICATION OF INJURY,0,0,0,0,0,0,1,1,7,8,41.9183017038,-87.7460102961,POINT (-87.74601029607 41.918301703801)
3e7564e1dce53cfdb2daab8404861b099d8f3aee24caf8f75b622995824979ce62d9a822e8af9d2f6b0c3640d9028f77693b70006d229f6f8f4a8a9ebfea3268,,08/17/2021 11:00:00 AM,35,NO CONTROLS,NO CONTROLS,CLEAR,DAYLIGHT,SIDESWIPE SAME DIRECTION,NOT DIVIDED,,STRAIGHT AND LEVEL,DRY,NO DEFECTS,ON SCENE,NO INJURY / DRIVE AWAY,,,,"OVER $1,500",08/17/2021 11:50:00 AM,UNABLE TO DETERMINE,UNABLE TO DETERMINE,212,E,ERIE ST,1834,,,,,,,2,NO INDICATION OF INJURY,0,0,0,0,0,0,2,11,3,8,41.8942694044,-87.6221601354,POINT (-87.622160135399 41.894269404436)
09d6f4ac63265fb3764744f2d0cb021175bcf87a2990444de9e270ddd9a5001a9158384283dc2c31a4157e2e19418ce5fb7001b94fa7a73e68bd810d415e78a0,,08/15/2021 06:34:00 PM,30,TRAFFIC SIGNAL,NO CONTROLS,CLEAR,DAYLIGHT,ANGLE,FOUR WAY,,STRAIGHT AND LEVEL,DRY,NO DEFECTS,,INJURY AND / OR TOW DUE TO CRASH,,,,"OVER $1,500",08/15/2021 06:36:00 PM,UNABLE TO DETERMINE,UNABLE TO DETERMINE,2,W,75TH ST,323,,,,,,,2,NO INDICATION OF INJURY,0,0,0,0,0,0,8,18,1,8,41.7582910976,-87.6247900137,POINT (-87.624790013679 41.758291097628)
ad3a8a5bdb8f424aed5a0d5f171869321db13cf9902683484041e15cafbb7004702732603c8bc79cfe45ba99342514af74a50d8ad22ff5addd91ed20410b1c33,,08/13/2021 07:30:00 PM,30,NO CONTROLS,NO CONTROLS,CLEAR,"DARKNESS, LIGHTED ROAD",PARKED MOTOR VEHICLE,NOT DIVIDED,,STRAIGHT AND LEVEL,DRY,UNKNOWN,NOT ON SCENE (DESK REPORT),NO INJURY / DRIVE AWAY,,,,$500 OR LESS,08/13/2021 09:00:00 PM,UNABLE TO DETERMINE,NOT APPLICABLE,2150,W,CERMAK RD,1234,,,,,,,2,NO INDICATION OF INJURY,0,0,0,0,0,0,2,19,6,8,41.8522142817,-87.6803199384,POINT (-87.680319938402 41.852214281656)
a9d4463ec5aef703db700838e06dfeac5d227809f658a8515f5323240673736c6736a32e77a58e506298a729c596f623174f380fe92d5d13eeeff5893995081b,,08/11/2021 04:48:00 PM,30,TRAFFIC SIGNAL,FUNCTIONING PROPERLY,CLEAR,DAYLIGHT,REAR END,NOT DIVIDED,,STRAIGHT AND LEVEL,DRY,NO DEFECTS,ON SCENE,NO INJURY / DRIVE AWAY,,,,$500 OR LESS,08/11/2021 04:51:00 PM,DISTRACTION - FROM INSIDE VEHICLE,NOT APPLICABLE,1,E,76TH ST,623,,,,,,,2,NO INDICATION OF INJURY,0,0,0,0,0,0,3,16,4,8,41.7563294688,-87.6246387859,POINT (-87.624638785875 41.756329468765)