CRASH_RECORD_ID,CRASH_DATE_EST_I,CRASH_DATE,POSTED_SPEED_LIMIT,TRAFFIC_CONTROL_DEVICE,DEVICE_CONDITION,WEATHER_CONDITION,LIGHTING_CONDITION,FIRST_CRASH_TYPE,TRAFFICWAY_TYPE,LANE_CNT,ALIGNMENT,ROADWAY_SURFACE_COND,ROAD_DEFECT,REPORT_TYPE,CRASH_TYPE,INTERSECTION_RELATED_I,NOT_RIGHT_OF_WAY_I,HIT_AND_RUN_I,DAMAGE,DATE_POLICE_NOTIFIED,PRIM_CONTRIBUTORY_CAUSE,SEC_CONTRIBUTORY_CAUSE,STREET_NO,STREET_DIRECTION,STREET_NAME,BEAT_OF_OCCURRENCE,PHOTOS_TAKEN_I,STATEMENTS_TAKEN_I,DOORING_I,WORK_ZONE_I,WORK_ZONE_TYPE,WORKERS_PRESENT_I,NUM_UNITS,MOST_SEVERE_INJURY,INJURIES_TOTAL,INJURIES_FATAL,INJURIES_INCAPACITATING,INJURIES_NON_INCAPACITATING,INJURIES_REPORTED_NOT_EVIDENT,INJURIES_UNKNOWN,INJURIES_NO_INDICATION,CRASH_HOUR,CRASH_DAY_OF_WEEK,CRASH_MONTH,LATITUDE,LONGITUDE,LOCATION
27b700946c81779a74afdfaf9a677c0ded470a49155ee5cf629cc09bc45f2876bde903390708859a46c445e922f43d61c7d19f423610992fff722be41f21a8b3,,08/04/2021 05:30:00 PM,30,STOP SIGN/FLASHER,NO CONTROLS,CLEAR,DAYLIGHT,PARKED MOTOR VEHICLE,NOT DIVIDED,,STRAIGHT AND LEVEL,DRY,NO DEFECTS,NOT ON SCENE (DESK REPORT),NO INJURY / DRIVE AWAY,,,,"OVER $1,500",08/04/2021 06:30:00 PM,IMPROPER BACKING,NOT APPLICABLE,8130,S,PRINCETON AVE,622,,,,,,,2,NO INDICATION OF INJURY,0,0,0,0,0,0,1,17,4,8,41.7462932742,-87.6319071199,POINT (-87.631907119908 41.746293274172)
a2bef74b78c64da88fbbfccb063acb171806b23fa5a7c388d51556e9e035950b35b1273736b35139fc50149241ee2aae3972b717b82b700147b31f11ae785f40,,08/02/2021 03:27:00 PM,15,NO CONTROLS,NO CONTROLS,CLEAR,DAYLIGHT,PARKED MOTOR VEHICLE,ALLEY,,STRAIGHT AND LEVEL,DRY,NO DEFECTS,ON SCENE,NO INJURY / DRIVE AWAY,,,Y,"OVER $1,500",08/02/2021 04:20:00 PM,UNABLE TO DETERMINE,IMPROPER TURNING/NO SIGNAL,851,W,BELMONT AVE,1933,,,,,,,2,NO INDICATION OF INJURY,0,0,0,0,0,0,1,15,2,8,41.9398433458,-87.65125514,POINT (-87.651255140032 41.939843345836)
020b0f334d2b7005a383b2fbef95ffac5dc9c72d04fc6607889091cd882eb1df325bb05c72497a2dbd55a64b00715330bf164784f871711331d39dc922c2ffe1,Y,07/31/2021 11:45:00 PM,30,TRAFFIC SIGNAL,FUNCTIONING PROPERLY,CLEAR,"DARKNESS, LIGHTED ROAD",TURNING,FOUR WAY,,STRAIGHT AND LEVEL,DRY,NO DEFECTS,ON SCENE,INJURY AND / OR TOW DUE TO CRASH,Y,,,"OVER $1,500",08/01/2021 12:19:00 AM,IMPROPER TURNING/NO SIGNAL,"VISION OBSCURED (SIGNS, TREE LIMBS, BUILDINGS, ETC.)",1,N,WACKER DR,122,,,,,,,2,NO INDICATION OF INJURY,0,0,0,0,0,0,4,23,7,7,41.8819518765,-87.6366203494,POINT (-87.636620349402 41.881951876486)
e643eee996f073a57e0a4a95078eafc5c32c4ef42d406e6fb6643e28948a002c0c2cf9cdef9a3925cfd54da8b70052a489edd6d406ee57670a7a0c9510793f0f,,07/30/2021 08:45:00 PM,30,TRAFFIC SIGNAL,FUNCTIONING PROPERLY,CLEAR,"DARKNESS, LIGHTED ROAD",ANGLE,FOUR WAY,,STRAIGHT AND LEVEL,DRY,NO DEFECTS,ON SCENE,INJURY AND / OR TOW DUE TO CRASH,Y,,,"OVER $1,500",07/30/2021 08:55:00 PM,DISREGARDING TRAFFIC SIGNALS,NOT APPLICABLE,652,W,ROOSEVELT RD,1232,,,,,,,2,NO INDICATION OF INJURY,0,0,0,0,0,0,6,20,6,7,41.8672997743,-87.6443306921,POINT (-87.644330692089 41.867299774301)
be9f347c877e2f32f0704fe4930a83243fe2f1086ae0019dfeca040f9daa73e3b36190193ff40dc3816daf6c2f105d43224c118eaeacbe70b700d33ecb7be65b,,07/28/2021 03:12:00 PM,35,NO CONTROLS,NO CONTROLS,CLEAR,DAYLIGHT,SIDESWIPE SAME DIRECTION,DIVIDED - W/MEDIAN BARRIER,,STRAIGHT AND LEVEL,DRY,NO DEFECTS,ON SCENE,NO INJURY / DRIVE AWAY,,,,"OVER $1,500",07/28/2021 03:40:00 PM,UNABLE TO DETERMINE,UNABLE TO DETERMINE,3845,S,STATE ST,213,,,,,,,2,NO INDICATION OF INJURY,0,0,0,0,0,0,2,15,4,7,41.8242011421,-87.6262712265,POINT (-87.626271226523 41.824201142078)
4a5468355f79800a81f18cb7006789178ddb33ce7fe27830bc7c3d0f6bbd0d9b25bd511fdadf94828f335a7b27640b391613983ca2303fee9b8b0366b9b09081,,07/28/2021 04:55:00 AM,30,TRAFFIC SIGNAL,FUNCTIONING PROPERLY,RAIN,DAWN,TURNING,NOT DIVIDED,,STRAIGHT AND LEVEL,WET,NO DEFECTS,ON SCENE,INJURY AND / OR TOW DUE TO CRASH,Y,,,"OVER $1,500",07/28/2021 04:55:00 AM,FAILING TO YIELD RIGHT-OF-WAY,NOT APPLICABLE,5600,N,NAGLE AVE,1612,,,,,,,2,NO INDICATION OF INJURY,0,0,0,0,0,0,3,4,4,7,41.983004344,-87.7878799714,POINT (-87.787879971407 41.983004344013)
1c618ea51506295ccc83445e54722d9f0318945b5796d0a934607c9ee56793221b11ef36659450c44e4bd703e240646dd1c127facb692bf55b70039c44309a0d,,07/26/2021 02:30:00 PM,30,NO CONTROLS,NO CONTROLS,CLEAR,DAYLIGHT,PEDESTRIAN,NOT DIVIDED,,STRAIGHT AND LEVEL,DRY,NO DEFECTS,NOT ON SCENE (DESK REPORT),NO INJURY / DRIVE AWAY,,,,$500 OR LESS,07/28/2021 12:26:00 PM,UNABLE TO DETERMINE,UNABLE TO DETERMINE,1458,S,CALIFORNIA BLVD,1022,,,,,,,2,NO INDICATION OF INJURY,0,0,0,0,0,0,2,14,2,7,41.8612435366,-87.6958995725,POINT (-87.695899572538 41.861243536571)
883b6b8226d6096af835c510ef3e5c65360455cd1d2162d151b9fa403370d84646ddfbe7bd275d55d8a7df64120643bc113637aadb700aef9fc46b1fca7a9f66,,07/22/2021 12:14:00 PM,25,NO CONTROLS,NO CONTROLS,CLEAR,DAYLIGHT,SIDESWIPE OPPOSITE DIRECTION,NOT DIVIDED,,STRAIGHT AND LEVEL,DRY,NO DEFECTS,ON SCENE,NO INJURY / DRIVE AWAY,,,N,$500 OR LESS,07/22/2021 12:14:00 PM,"OPERATING VEHICLE IN ERRATIC, RECKLESS, CARELESS, NEGLIGENT OR AGGRESSIVE MANNER","OPERATING VEHICLE IN ERRATIC, RECKLESS, CARELESS, NEGLIGENT OR AGGRESSIVE MANNER",1899,E,69TH ST,332,,,,,,,2,NO INDICATION OF INJURY,0,0,0,0,0,0,4,12,5,7,41.7696669785,-87.5789121078,POINT (-87.578912107804 41.769666978542)
19e2c35e136f16810dad18102a0c4b676ca532fc4b390b332d692fdba990696ab87f97ffd1bef71cd313b5e7b7001305bd6ab353b8d74ff4820840d687b9a451,,07/19/2021 01:30:00 PM,15,NO CONTROLS,NO CONTROLS,CLEAR,DAYLIGHT,PARKED MOTOR VEHICLE,PARKING LOT,,STRAIGHT AND LEVEL,DRY,NO DEFECTS,,NO INJURY / DRIVE AWAY,,,,"OVER $1,500",07/19/2021 01:40:00 PM,UNABLE TO DETERMINE,UNABLE TO DETERMINE,410,W,OHARE ST,1651,,,,,,,2,NO INDICATION OF INJURY,0,0,0,0,0,0,1,13,2,7,,,
73fd36b51c827cf79ba3fd8e60bd81cdeaa0d0f3e459044d8e957736e35c7cc2ac1991b29f009a78b700b8d4f9c910840ac9e3770b6e757c14c5b6358eb94adc,,07/14/2021 09:45:00 AM,20,NO CONTROLS,NO CONTROLS,CLEAR,DAYLIGHT,PARKED MOTOR VEHICLE,UNKNOWN,,STRAIGHT AND LEVEL,DRY,NO DEFECTS,ON SCENE,NO INJURY / DRIVE AWAY,,,,"OVER $1,500",07/14/2021 10:00:00 AM,UNABLE TO DETERMINE,NOT APPLICABLE,7650,S,PARNELL AVE,621,,,,,,,2,NO INDICATION OF INJURY,0,0,0,0,0,0,1,9,4,7,41.7546750914,-87.6387238768,POINT (-87.638723876782 41.754675091352)
98d2229c555f2be6bf0e1ab65cb2af84a79dbf07a2cc60ea76633e20ff6b3079a03ebfdab700fb98b3df9ceb088b9436ad645533cb0c04dd2b7121732685e11d,,07/13/2021 02:30:00 PM,30,STOP SIGN/FLASHER,FUNCTIONING PROPERLY,CLEAR,DAYLIGHT,ANGLE,NOT DIVIDED,,STRAIGHT AND LEVEL,DRY,UNKNOWN,NOT ON SCENE (DESK REPORT),NO INJURY / DRIVE AWAY,Y,,,$500 OR LESS,07/13/2021 04:20:00 PM,UNABLE TO DETERMINE,UNABLE TO DETERMINE,3500,S,WOLCOTT AVE,912,,,,,,,2,NO INDICATION OF INJURY,0,0,0,0,0,0,2,14,3,7,41.8303243059,-87.6729850064,POINT (-87.672985006424 41.830324305913)
832995837191cef4ba10639eb70080d223dca8d19609b4cb0fbe8b7fb6baed9ef54e190d8fb5f1c878a1ae4811b5d68fa2d267d33cd5da2cb1f07db2f06fb378,,07/13/2021 12:40:00 PM,30,NO CONTROLS,NO CONTROLS,RAIN,DAYLIGHT,PARKED MOTOR VEHICLE,ONE-WAY,,STRAIGHT AND LEVEL,WET,NO DEFECTS,NOT ON SCENE (DESK REPORT),NO INJURY / DRIVE AWAY,,,Y,"OVER $1,500",07/13/2021 01:02:00 PM,NOT APPLICABLE,NOT APPLICABLE,3802,W,GRENSHAW ST,1133,,,,,,,2,NO INDICATION OF INJURY,0,0,0,0,0,0,1,12,3,7,41.8672452116,-87.7203567865,POINT (-87.720356786495 41.867245211575)
845b59a7e1b44ae292c3535423ca7276a6d30f490b08f668a9dea621505c30b3d14539e31d7bba91d37ba9143fb5d4cb70066e91bfb62239918f700dee2d9de3,,07/09/2021 05:00:00 PM,30,TRAFFIC SIGNAL,FUNCTIONING PROPERLY,CLEAR,DAYLIGHT,SIDESWIPE SAME DIRECTION,NOT DIVIDED,,STRAIGHT AND LEVEL,DRY,NO DEFECTS,NOT ON SCENE (DESK REPORT),NO INJURY / DRIVE AWAY,,,Y,"OVER $1,500",07/10/2021 01:55:00 PM,IMPROPER LANE USAGE,NOT APPLICABLE,30,N,DAMEN AVE,1223,,,,,,,2,NO INDICATION OF INJURY,0,0,0,0,0,0,5,17,6,7,41.882183695,-87.6768086644,POINT (-87.676808664407 41.882183695035)
adda468320df01797f46650efc06854baac4f4773ee93cad3b42dc9a32f10bc797633e55a7e916adbef97d7bbd1b70082dd428ae128e4a6abc7deadd7ea87883,,07/08/2021 10:00:00 PM,30,NO CONTROLS,NO CONTROLS,CLEAR,"DARKNESS, LIGHTED ROAD",PARKED MOTOR VEHICLE,NOT DIVIDED,,STRAIGHT AND LEVEL,DRY,NO DEFECTS,ON SCENE,NO INJURY / DRIVE AWAY,,,Y,"OVER $1,500",07/08/2021 11:45:00 PM,UNABLE TO DETERMINE,NOT APPLICABLE,3854,N,OAK PARK AVE,1632,,,,,,,2,NO INDICATION OF INJURY,0,0,0,0,0,0,1,22,5,7,41.9507160669,-87.7963403109,POINT (-87.796340310881 41.950716066887)
152575aff59439b46e8ba8a6b754b70007a752bf84b629501b4cba00f8317bd5b0c4bde4d72715a24822c931f9dd13bb38606ba54bfb6b32bee921c1c8ef0a70,,07/08/2021 07:45:00 PM,30,NO CONTROLS,NO CONTROLS,CLEAR,DAYLIGHT,FIXED OBJECT,DIVIDED - W/MEDIAN BARRIER,,STRAIGHT AND LEVEL,DRY,NO DEFECTS,ON SCENE,INJURY AND / OR TOW DUE TO CRASH,,,,"OVER $1,500",07/08/2021 07:45:00 PM,UNABLE TO DETERMINE,NOT APPLICABLE,8650,S,STONY ISLAND AVE,412,Y,,,,,,1,INCAPACITATING INJURY,1,0,1,0,0,0,0,19,5,7,41.7372110604,-87.585782207,POINT (-87.58578220704 41.73721106039)
20f986dea4d77d061266e0601a267f16004b22e98391de037cf274422e07488bde77767c29ac41f488b19ac55dec434b4d8c37bcdf2cdf47dd29eb7002987e10,,07/06/2021 04:03:00 AM,30,NO CONTROLS,NO CONTROLS,CLEAR,"DARKNESS, LIGHTED ROAD",PARKED MOTOR VEHICLE,ONE-WAY,,STRAIGHT AND LEVEL,DRY,NO DEFECTS,NOT ON SCENE (DESK REPORT),INJURY AND / OR TOW DUE TO CRASH,,,,"OVER $1,500",07/06/2021 05:10:00 AM,"EVASIVE ACTION DUE TO ANIMAL, OBJECT, NONMOTORIST",UNABLE TO DETERMINE,4114,W,ARTHINGTON ST,1132,,,,,,,2,NO INDICATION OF INJURY,0,0,0,0,0,0,1,4,3,7,41.8700975712,-87.7284627859,POINT (-87.728462785904 41.870097571153)
d2fa9175fa6163226aa289bedbc5a803dc4e5c0d1cbfb85774a87b7006b3a846ba855f1186fe0c4f7069533562de26dde1e40339446654483dd7d876a17377c8,,07/05/2021 08:30:00 PM,15,NO CONTROLS,NO CONTROLS,UNKNOWN,UNKNOWN,OTHER OBJECT,ONE-WAY,,STRAIGHT AND LEVEL,UNKNOWN,UNKNOWN,NOT ON SCENE (DESK REPORT),NO INJURY / DRIVE AWAY,,,,"OVER $1,500",07/15/2021 04:45:00 PM,UNABLE TO DETERMINE,NOT APPLICABLE,3023,S,FORT DEARBORN,133,,,,,,,1,NO INDICATION OF INJURY,0,0,0,0,0,0,1,20,2,7,41.8396718102,-87.6080004221,POINT (-87.60800042213 41.839671810192)
aa99f7c5e52e80cda4fb7005cdfff892a29880fe35e6b27fe7ae891c336e88bff7434ade6f30a7f82fef9e22adc742ff0dd41be04819f8ff876a5a7dc9798704,,07/02/2021 03:37:00 PM,30,NO CONTROLS,NO CONTROLS,CLEAR,DAYLIGHT,SIDESWIPE SAME DIRECTION,NOT DIVIDED,,STRAIGHT AND LEVEL,DRY,NO DEFECTS,ON SCENE,NO INJURY / DRIVE AWAY,,,Y,$500 OR LESS,07/02/2021 04:01:00 PM,UNABLE TO DETERMINE,UNABLE TO DETERMINE,1351,N,WESTERN AVE,1424,,,,,,,2,NO INDICATION OF INJURY,0,0,0,0,0,0,2,15,6,7,41.9063509148,-87.6869685303,POINT (-87.686968530258 41.906350914843)
f4b4952b24e90de17b72b700c78c3ee6f262d3360c7b1b0396fd85eb3590e608d1bc1bc95bf033de6dde6c9d654ece0490cffc46badeb67401ac5a4de5d35304,,07/01/2021 08:00:00 AM,25,NO CONTROLS,NO CONTROLS,CLEAR,DAYLIGHT,PARKED MOTOR VEHICLE,ONE-WAY,,STRAIGHT AND LEVEL,DRY,NO DEFECTS,NOT ON SCENE (DESK REPORT),NO INJURY / DRIVE AWAY,,,Y,"OVER $1,500",07/07/2021 07:30:00 PM,UNABLE TO DETERMINE,UNABLE TO DETERMINE,518,N,LAVERGNE AVE,1532,,,,,,,2,NO INDICATION OF INJURY,0,0,0,0,0,0,1,8,5,7,41.8899239658,-87.7506701163,POINT (-87.750670116262 41.889923965831)
bb5ac20a7ed698f040f57e95767ba7c7bada41bdb2a733d9329de297fc56850ae8674eace3fabbf011dc6e17d1028fbf6eb700c25a96782279c0788c79ae3c4b,,06/30/2021 02:45:00 PM,20,STOP SIGN/FLASHER,FUNCTIONING PROPERLY,RAIN,DAYLIGHT,REAR END,ONE-WAY,,STRAIGHT AND LEVEL,WET,NO DEFECTS,NOT ON SCENE (DESK REPORT),NO INJURY / DRIVE AWAY,,,,"OVER $1,500",06/30/2021 03:50:00 PM,FOLLOWING TOO CLOSELY,DRIVING SKILLS/KNOWLEDGE/EXPERIENCE,500,E,77TH ST,624,,,,,,,2,NO INDICATION OF INJURY,0,0,0,0,0,0,4,14,4,6,41.7549189102,-87.6125317693,POINT (-87.612531769316 41.754918910203)
4da74458ec718acfd59ca38a2ff3654561ada560f8a58911702e40fd308178d13076e67db78397579a284b7006c370160c35e5d9f672a1ed9008afc711d7f846,,06/29/2021 03:28:00 PM,30,TRAFFIC SIGNAL,FUNCTIONING PROPERLY,CLEAR,DAYLIGHT,ANGLE,FOUR WAY,,STRAIGHT AND LEVEL,DRY,NO DEFECTS,ON SCENE,INJURY AND / OR TOW DUE TO CRASH,Y,,,"OVER $1,500",06/29/2021 04:06:00 PM,FAILING TO REDUCE SPEED TO AVOID CRASH,FAILING TO YIELD RIGHT-OF-WAY,300,E,LOWER WACKER DR,114,,,,,,,2,NONINCAPACITATING INJURY,1,0,0,1,0,0,4,15,3,6,41.8880820673,-87.6205011708,POINT (-87.620501170849 41.888082067345)
955f1904ba1e9a2e847e189c3b7007a04b3aede07973f4632debee065e13ba60d9e5f99310b61dbeeb919f95eb25f8006d5a44294223e41e9f2fbc584f74da6a,,06/29/2021 11:57:00 AM,30,TRAFFIC SIGNAL,FUNCTIONING PROPERLY,CLEAR,DAYLIGHT,TURNING,DIVIDED - W/MEDIAN (NOT RAISED),,STRAIGHT AND LEVEL,DRY,UNKNOWN,ON SCENE,INJURY AND / OR TOW DUE TO CRASH,Y,,,"OVER $1,500",06/29/2021 11:59:00 AM,FAILING TO YIELD RIGHT-OF-WAY,NOT APPLICABLE,3000,W,FULLERTON AVE,1414,,,,,,,2,NO INDICATION OF INJURY,0,0,0,0,0,0,2,11,3,6,41.9248712432,-87.7024366591,POINT (-87.702436659073 41.924871243181)
bd6b879916b3de42dae0ffea9cba5cd3946b700436249a792f3f14eeca8f6d65e212cd07456e91a8e4c2d09a65288a9035696e471f37e2cc9f7d1cf695fc1352,,06/28/2021 02:36:00 PM,30,NO CONTROLS,NO CONTROLS,RAIN,DAWN,PARKED MOTOR VEHICLE,OTHER,,STRAIGHT AND LEVEL,WET,NO DEFECTS,NOT ON SCENE (DESK REPORT),NO INJURY / DRIVE AWAY,Y,,,"OVER $1,500",06/28/2021 07:21:00 PM,DRIVING SKILLS/KNOWLEDGE/EXPERIENCE,UNABLE TO DETERMINE,831,W,LELAND AVE,1914,,,,,,,2,NO INDICATION OF INJURY,0,0,0,0,0,0,1,14,2,6,41.9672232286,-87.6512110693,POINT (-87.651211069327 41.967223228615)
ef6787faab6c52093f96a971b70038100b1fa07f3b7b470928af2a555872236e3843403f2ab5dcc2879d120652ddc8e570dfbeff6871f94fb5937941483e7e81,,06/25/2021 11:56:00 AM,30,NO CONTROLS,NO CONTROLS,RAIN,DAYLIGHT,REAR END,NOT DIVIDED,,STRAIGHT AND LEVEL,WET,NO DEFECTS,NOT ON SCENE (DESK REPORT),NO INJURY / DRIVE AWAY,,,Y,"OVER $1,500",06/25/2021 02:00:00 PM,UNABLE TO DETERMINE,UNABLE TO DETERMINE,328,S,CICERO AVE,1533,,,,,,,2,NO INDICATION OF INJURY,0,0,0,0,0,0,2,11,6,6,41.8759443554,-87.7452502275,POINT (-87.745250227542 41.875944355445)
c0dc1eec51392ef6363ff629d99654de6c32de0daa0cd6f996b43ae121b7e773a48b9beb517482fb5fb7009f936af651480669bdbff1c3446c86226e8a95aa69,,06/23/2021 07:00:00 PM,30,NO CONTROLS,NO CONTROLS,CLEAR,DAYLIGHT,PARKED MOTOR VEHICLE,ONE-WAY,,STRAIGHT AND LEVEL,DRY,NO DEFECTS,NOT ON SCENE (DESK REPORT),INJURY AND / OR TOW DUE TO CRASH,,,Y,"OVER $1,500",06/24/2021 12:30:00 PM,IMPROPER OVERTAKING/PASSING,UNABLE TO DETERMINE,4116,W,ARTHINGTON ST,1132,,,,,,,2,NO INDICATION OF INJURY,0,0,0,0,0,0,2,19,4,6,41.8700966994,-87.7285546169,POINT (-87.728554616904 41.870096699384)
4240e1b941940b360b02c0ef75b70057268119c56b6308132b5a92fafcc2a81124aa1d975b60c73725ce9364ba633512df5f6d5035fb198273be9eb7f066102c,,06/23/2021 02:58:00 PM,30,NO CONTROLS,NO CONTROLS,CLEAR,DAYLIGHT,HEAD ON,PARKING LOT,,STRAIGHT AND LEVEL,DRY,NO DEFECTS,ON SCENE,NO INJURY / DRIVE AWAY,,,Y,"$501 - $1,500",06/23/2021 03:15:00 PM,UNABLE TO DETERMINE,UNABLE TO DETERMINE,2323,W,111TH ST,2212,,,,,,,2,NO INDICATION OF INJURY,0,0,0,0,0,0,2,14,4,6,41.691679204,-87.6797791725,POINT (-87.679779172526 41.691679204031)
ad86b8f0f8c18e5745458337f1ae28ed118f8232db48a98f84b5a4b5dbe74396546eb70097cf0c173ab006cafd1be249975855a039a6f0081bd1dd13068b24ae,,06/17/2021 10:45:00 PM,30,NO CONTROLS,NO CONTROLS,CLEAR,"DARKNESS, LIGHTED ROAD",PARKED MOTOR VEHICLE,ONE-WAY,,STRAIGHT AND LEVEL,DRY,NO DEFECTS,NOT ON SCENE (DESK REPORT),NO INJURY / DRIVE AWAY,,,,"$501 - $1,500",06/18/2021 05:10:00 PM,UNABLE TO DETERMINE,NOT APPLICABLE,856,N,PINE AVE,1524,,,,,,,2,NO INDICATION OF INJURY,0,0,0,0,0,0,4,22,5,6,41.8965819798,-87.7637733379,POINT (-87.763773337896 41.896581979767)
f23369e7052d00a484b7007c577d405c38ad11ce78126174b7cc4dd9fbbdeef88519bbbe64735092201f2fdca070f8a16940ba25cf99a72281c4265e4318887c,Y,06/15/2021 09:30:00 PM,30,NO CONTROLS,NO CONTROLS,CLEAR,UNKNOWN,PARKED MOTOR VEHICLE,UNKNOWN INTERSECTION TYPE,,STRAIGHT AND LEVEL,UNKNOWN,NO DEFECTS,NOT ON SCENE (DESK REPORT),NO INJURY / DRIVE AWAY,,,Y,"OVER $1,500",06/16/2021 06:45:00 PM,UNABLE TO DETERMINE,UNABLE TO DETERMINE,4212,N,KEELER AVE,1722,,,,,,,2,NO INDICATION OF INJURY,0,0,0,0,0,0,1,21,3,6,41.9576739184,-87.7327438973,POINT (-87.732743897343 41.957673918369)
6b700d7acd22c7ed42c849a8f13b202dbb0313fd94f0a09e1dce1caa348f720b989f4fb7c7d3bf3d9dc7eb380ec85040f7a89a824e833b0d4d38535736bcd57d,,06/15/2021 04:00:00 PM,30,NO CONTROLS,NO CONTROLS,CLEAR,DAYLIGHT,REAR END,NOT DIVIDED,,STRAIGHT AND LEVEL,DRY,NO DEFECTS,NOT ON SCENE (DESK REPORT),NO INJURY / DRIVE AWAY,,,,"OVER $1,500",06/17/2021 01:15:00 PM,FOLLOWING TOO CLOSELY,FOLLOWING TOO CLOSELY,3828,W,79TH ST,833,,,,,,,2,NO INDICATION OF INJURY,0,0,0,0,0,0,2,16,3,6,41.7497177795,-87.7194134298,POINT (-87.719413429794 41.74971777954)
024fda40a87c0513c7971b53a2c2757906f920be3f71b8c0904f771f69df7f0a724cd205b054a98bb700e51d94f497a6e8b67672e922114f1ef7ae3e33dff9b9,,06/14/2021 03:00:00 PM,35,STOP SIGN/FLASHER,FUNCTIONING PROPERLY,CLEAR,DAYLIGHT,ANGLE,DIVIDED - W/MEDIAN (NOT RAISED),,STRAIGHT AND LEVEL,DRY,NO DEFECTS,NOT ON SCENE (DESK REPORT),NO INJURY / DRIVE AWAY,,,,"OVER $1,500",06/14/2021 03:20:00 PM,FAILING TO YIELD RIGHT-OF-WAY,DRIVING SKILLS/KNOWLEDGE/EXPERIENCE,7000,S,HALSTED ST,733,,,,,,,2,NO INDICATION OF INJURY,0,0,0,0,0,0,2,15,2,6,41.7669224351,-87.6446024474,POINT (-87.644602447367 41.766922435101)
eb376a27a0d3767101ca019f84d2a58f33fbfc73c1bc5484843650bbf95145ad71cd429275c48b8991bfee2c58632c433e6270a7577dc654cdf51a0b700dab6e,,06/14/2021 12:30:00 PM,30,STOP SIGN/FLASHER,FUNCTIONING PROPERLY,CLEAR,DAYLIGHT,ANGLE,NOT DIVIDED,,STRAIGHT AND LEVEL,DRY,NO DEFECTS,NOT ON SCENE (DESK REPORT),NO INJURY / DRIVE AWAY,Y,,,"OVER $1,500",06/14/2021 01:00:00 PM,DISREGARDING STOP SIGN,DISREGARDING STOP SIGN,7200,S,HARVARD AVE,731,,,,,,,2,NO INDICATION OF INJURY,0,0,0,0,0,0,2,12,2,6,41.7634585508,-87.6335434005,POINT (-87.633543400469 41.763458550761)
445f9ac8a1614f3a4d73441be3398beb355df6551cf8f3292683b7a64666c1fd35fa57db45b8d74ccb2a6a1961e253711ef893f7ebcc9471ef3e7343b7000ec0,,06/12/2021 03:00:00 PM,30,NO CONTROLS,NO CONTROLS,CLEAR,DAYLIGHT,PARKED MOTOR VEHICLE,DIVIDED - W/MEDIAN (NOT RAISED),,STRAIGHT AND LEVEL,UNKNOWN,UNKNOWN,NOT ON SCENE (DESK REPORT),NO INJURY / DRIVE AWAY,,,,"OVER $1,500",06/12/2021 09:20:00 PM,FAILING TO REDUCE SPEED TO AVOID CRASH,UNABLE TO DETERMINE,6123,S,ASHLAND AVE,713,Y,,,,,,2,NO INDICATION OF INJURY,0,0,0,0,0,0,1,15,7,6,41.7824014594,-87.6641444442,POINT (-87.664144444215 41.782401459449)
73f017436c65b68e01344d9cead3b911b8ae585656eeddbf4f0a27bb1cb29968dc861a8ccd0dc2460fda0139a2dc5438b7316a7807ce93aff44eab7002e738c4,,06/12/2021 02:56:00 AM,30,FLASHING CONTROL SIGNAL,FUNCTIONING PROPERLY,CLEAR,"DARKNESS, LIGHTED ROAD",ANGLE,"FIVE POINT, OR MORE",,STRAIGHT AND LEVEL,UNKNOWN,UNKNOWN,ON SCENE,INJURY AND / OR TOW DUE TO CRASH,Y,N,,"OVER $1,500",06/12/2021 02:58:00 AM,DISREGARDING TRAFFIC SIGNALS,NOT APPLICABLE,1600,W,BELMONT AVE,1922,,,,,,,2,NONINCAPACITATING INJURY,1,0,0,1,0,0,3,2,7,6,41.9398046498,-87.6687859001,POINT (-87.668785900147 41.939804649803)
48fcfd454a6eb7d565f4c99cbb38ab40cf6c3e1020a19b6bfec79861e35096035817742e49ee0e292fb70025badcaf54c6731af8512d9a1f6b60f423688979c8,,06/09/2021 06:51:00 PM,30,TRAFFIC SIGNAL,FUNCTIONING PROPERLY,CLEAR,DUSK,REAR END,NOT DIVIDED,,STRAIGHT AND LEVEL,DRY,NO DEFECTS,ON SCENE,NO INJURY / DRIVE AWAY,,,,$500 OR LESS,06/09/2021 08:36:00 PM,DISTRACTION - FROM INSIDE VEHICLE,NOT APPLICABLE,6801,W,DIVERSEY AVE,2512,,,,,,,2,NO INDICATION OF INJURY,0,0,0,0,0,0,2,18,4,6,41.9307730758,-87.7955224536,POINT (-87.795522453555 41.93077307584)
0a6a6d18e22f7f7a7138ecaa27155555da07ca4742a92b5085eba676f270e90d54aabb9b9a0a1a0e6dc286df333bb7004534b7b7e07c66c6519ca936758332fe,,06/08/2021 07:33:00 PM,30,NO CONTROLS,NO CONTROLS,CLEAR,DAYLIGHT,TURNING,NOT DIVIDED,,STRAIGHT AND LEVEL,DRY,NO DEFECTS,ON SCENE,INJURY AND / OR TOW DUE TO CRASH,,,,"OVER $1,500",06/08/2021 07:33:00 PM,FAILING TO REDUCE SPEED TO AVOID CRASH,NOT APPLICABLE,539,W,CERMAK RD,1235,,,,,,,2,INCAPACITATING INJURY,1,0,1,0,0,0,2,19,3,6,41.8525949258,-87.6417074636,POINT (-87.641707463608 41.852594925818)