CRASH_RECORD_ID,CRASH_DATE_EST_I,CRASH_DATE,POSTED_SPEED_LIMIT,TRAFFIC_CONTROL_DEVICE,DEVICE_CONDITION,WEATHER_CONDITION,LIGHTING_CONDITION,FIRST_CRASH_TYPE,TRAFFICWAY_TYPE,LANE_CNT,ALIGNMENT,ROADWAY_SURFACE_COND,ROAD_DEFECT,REPORT_TYPE,CRASH_TYPE,INTERSECTION_RELATED_I,NOT_RIGHT_OF_WAY_I,HIT_AND_RUN_I,DAMAGE,DATE_POLICE_NOTIFIED,PRIM_CONTRIBUTORY_CAUSE,SEC_CONTRIBUTORY_CAUSE,STREET_NO,STREET_DIRECTION,STREET_NAME,BEAT_OF_OCCURRENCE,PHOTOS_TAKEN_I,STATEMENTS_TAKEN_I,DOORING_I,WORK_ZONE_I,WORK_ZONE_TYPE,WORKERS_PRESENT_I,NUM_UNITS,MOST_SEVERE_INJURY,INJURIES_TOTAL,INJURIES_FATAL,INJURIES_INCAPACITATING,INJURIES_NON_INCAPACITATING,INJURIES_REPORTED_NOT_EVIDENT,INJURIES_UNKNOWN,INJURIES_NO_INDICATION,CRASH_HOUR,CRASH_DAY_OF_WEEK,CRASH_MONTH,LATITUDE,LONGITUDE,LOCATION
2d62f218424d7f69edd2fecc4059c2d07830c813cfadb700fd28f333f89137da9a1a6c3d78c1214f9df30d768e95cbc0588142e673b3e38a27c10d0a809818bb,,06/08/2021 11:15:00 AM,30,TRAFFIC SIGNAL,FUNCTIONING PROPERLY,CLEAR,DAYLIGHT,TURNING,T-INTERSECTION,,STRAIGHT AND LEVEL,DRY,NO DEFECTS,ON SCENE,NO INJURY / DRIVE AWAY,Y,,,"OVER $1,500",06/08/2021 11:25:00 AM,IMPROPER LANE USAGE,IMPROPER TURNING/NO SIGNAL,98,E,GRAND AVE,1834,,,,,,,2,NO INDICATION OF INJURY,0,0,0,0,0,0,5,11,3,6,41.891820034,-87.6254438748,POINT (-87.625443874791 41.89182003397)
41a32d365827bc129a5d5aac9e5d842b6a9e052332398d31bce141a716b700ef7535cf17d666d6a2c7ff45834a83403ce799fe83e6201833fc797840aabbebfc,,06/05/2021 10:45:00 AM,40,NO CONTROLS,NO CONTROLS,CLEAR,DAYLIGHT,SIDESWIPE SAME DIRECTION,DIVIDED - W/MEDIAN BARRIER,,STRAIGHT AND LEVEL,DRY,NO DEFECTS,NOT ON SCENE (DESK REPORT),NO INJURY / DRIVE AWAY,,,,"$501 - $1,500",06/05/2021 11:00:00 AM,FAILING TO YIELD RIGHT-OF-WAY,UNABLE TO DETERMINE,1330,N,LA SALLE DR,1821,,,,,,,2,NO INDICATION OF INJURY,0,0,0,0,0,0,3,10,7,6,41.9066720556,-87.6331615402,POINT (-87.633161540162 41.906672055615)
c044d9efcecaaa4058e448998fa7d7bd44efeb7b7814f1fa7c370c5271693d3c729902a53ab92a6f5ed89f56d92b7ef02c169e22987da082702420b700f0c1fb,,06/03/2021 03:14:00 PM,30,TRAFFIC SIGNAL,FUNCTIONING PROPERLY,CLEAR,DAYLIGHT,TURNING,DIVIDED - W/MEDIAN BARRIER,,STRAIGHT AND LEVEL,DRY,NO DEFECTS,ON SCENE,INJURY AND / OR TOW DUE TO CRASH,,Y,,"OVER $1,500",06/03/2021 03:14:00 PM,FAILING TO YIELD RIGHT-OF-WAY,UNABLE TO DETERMINE,233,N,GARVEY CT,111,,,,,,,2,NO INDICATION OF INJURY,0,0,0,0,0,0,2,15,5,6,41.8867354411,-87.6300305394,POINT (-87.630030539384 41.886735441076)
6b188d739f52f0b7004bdf35100f26db9905baf0166e73d7f34086c03fe385fa931be6c77c3b6e85a37ccdf7369c189a4d348077fd9f26d35a0039d4a3724ad9,,06/01/2021 04:45:00 PM,30,STOP SIGN/FLASHER,FUNCTIONING PROPERLY,CLEAR,DAYLIGHT,TURNING,FOUR WAY,,STRAIGHT AND LEVEL,DRY,NO DEFECTS,NOT ON SCENE (DESK REPORT),NO INJURY / DRIVE AWAY,Y,,,"OVER $1,500",06/01/2021 05:10:00 PM,UNABLE TO DETERMINE,UNABLE TO DETERMINE,1500,N,CICERO AVE,2533,,,,,,,2,NO INDICATION OF INJURY,0,0,0,0,0,0,2,16,3,6,41.9078977002,-87.7462129145,POINT (-87.746212914515 41.907897700184)
021125a00b75f8de8aeaeeb7005b5e9ac96d57586134a1306e5ecb183f0c1365fc6c5c957269c40594c3c29b75f16a9c2490d199730cdc02da9f5e4cee3c3b70,,05/31/2021 02:15:00 PM,10,NO CONTROLS,NO CONTROLS,CLEAR,DAYLIGHT,REAR TO FRONT,PARKING LOT,,STRAIGHT AND LEVEL,DRY,NO DEFECTS,ON SCENE,NO INJURY / DRIVE AWAY,,,Y,$500 OR LESS,05/31/2021 02:16:00 PM,IMPROPER BACKING,DRIVING SKILLS/KNOWLEDGE/EXPERIENCE,1411,W,87TH ST,2222,,,,,,,2,NO INDICATION OF INJURY,0,0,0,0,0,0,2,14,2,5,41.7357448514,-87.6587177057,POINT (-87.658717705659 41.735744851366)
b13da302a95b7008a1c66dae76b5f5d95461c1a7adcddafe3bc4ab30eda1127536ff0aab42df9624e9cb469d98f7001da9c40f5424f55f73bb2c50fbd717d873,,05/26/2021 08:50:00 PM,30,OTHER,OTHER,CLEAR,"DARKNESS, LIGHTED ROAD",TURNING,FOUR WAY,,STRAIGHT AND LEVEL,DRY,NO DEFECTS,NOT ON SCENE (DESK REPORT),NO INJURY / DRIVE AWAY,,,Y,"$501 - $1,500",05/26/2021 09:13:00 PM,IMPROPER TURNING/NO SIGNAL,IMPROPER LANE USAGE,5500,W,DEVON AVE,1621,,,,,,,2,NO INDICATION OF INJURY,0,0,0,0,0,0,2,20,4,5,41.9974571264,-87.7658207187,POINT (-87.765820718749 41.997457126378)
da46cb8ceca115a74f1a64899d480aa224fbe4050b7005e97e12cc1afa53a6c84587582188a50db1667827b99dfb7a6c78f14b6076bdd0e28c1c3455363c7011,,05/26/2021 04:00:00 PM,35,TRAFFIC SIGNAL,FUNCTIONING PROPERLY,CLEAR,DAYLIGHT,SIDESWIPE SAME DIRECTION,DIVIDED - W/MEDIAN (NOT RAISED),,STRAIGHT AND LEVEL,WET,NO DEFECTS,NOT ON SCENE (DESK REPORT),NO INJURY / DRIVE AWAY,Y,,,"OVER $1,500",05/26/2021 05:45:00 PM,FOLLOWING TOO CLOSELY,UNABLE TO DETERMINE,7900,S,STONY ISLAND AVE,411,,,,,,,2,NO INDICATION OF INJURY,0,0,0,0,0,0,2,16,4,5,41.7514606032,-87.585971993,POINT (-87.585971992965 41.751460603167)
7324ba55390b164b700f06df92bad3cc3926990444c2536a32cedbbd629ac9d5682c5045592d170c8c37cd3deefa7e70d7b9b424132a228bb4c5e6fc7df0c4a7,N,05/25/2021 04:45:00 PM,30,TRAFFIC SIGNAL,UNKNOWN,CLEAR,DAYLIGHT,REAR END,NOT DIVIDED,,STRAIGHT AND LEVEL,DRY,NO DEFECTS,ON SCENE,INJURY AND / OR TOW DUE TO CRASH,Y,,,"OVER $1,500",05/25/2021 04:50:00 PM,FOLLOWING TOO CLOSELY,FAILING TO REDUCE SPEED TO AVOID CRASH,1358,S,KEDZIE AVE,1022,,,,,,,3,NONINCAPACITATING INJURY,1,0,0,1,0,0,5,16,3,5,41.8625293766,-87.7057045429,POINT (-87.705704542865 41.862529376566)
393770cf9b9d18e69407fc7a51f3b700048fee9d1088e3f38b37e550d3f86e576b2d44d0a2c5cbb21e2a290912cbb26147a0cdd0ce4bcd4efabeca051ff1d37b,,05/25/2021 03:12:00 PM,30,TRAFFIC SIGNAL,FUNCTIONING PROPERLY,CLEAR,DAYLIGHT,TURNING,DIVIDED - W/MEDIAN (NOT RAISED),,STRAIGHT AND LEVEL,DRY,NO DEFECTS,ON SCENE,INJURY AND / OR TOW DUE TO CRASH,,,,"OVER $1,500",05/25/2021 03:15:00 PM,IMPROPER LANE USAGE,UNABLE TO DETERMINE,2358,W,103RD ST,2213,,,,,,,2,NO INDICATION OF INJURY,0,0,0,0,0,0,2,15,3,5,41.7064861244,-87.6815602917,POINT (-87.681560291657 41.706486124379)
b2c7cca31fd54e5a86b9c63ce2116ab70059835f5490a692f579ec71484a205f62f375b0789b6e4ba861cc3e3e2572b7b7e557c3442b5b3aae6ed29a0588840d,,05/24/2021 03:15:00 PM,30,TRAFFIC SIGNAL,FUNCTIONING PROPERLY,CLEAR,DAYLIGHT,TURNING,FOUR WAY,,STRAIGHT AND LEVEL,DRY,NO DEFECTS,,NO INJURY / DRIVE AWAY,Y,,,"OVER $1,500",05/24/2021 04:00:00 PM,UNABLE TO DETERMINE,UNABLE TO DETERMINE,1200,W,CONGRESS PKWY,1231,,,,,,,2,NO INDICATION OF INJURY,0,0,0,0,0,0,2,15,2,5,41.8754497276,-87.6570618707,POINT (-87.657061870729 41.875449727558)
eadeaec26a4f4686e236e972ac2ca43ce2d11001993b5607eddd05664a4bd4b6aa2e7e2b722131b8d1b5793e4f1607e81c1ccca8c477a6fac746b7005f6e4bf5,,05/23/2021 05:15:00 PM,30,NO CONTROLS,NO CONTROLS,CLEAR,DAYLIGHT,SIDESWIPE SAME DIRECTION,ONE-WAY,,STRAIGHT AND LEVEL,DRY,NO DEFECTS,ON SCENE,INJURY AND / OR TOW DUE TO CRASH,,,,"OVER $1,500",05/23/2021 05:18:00 PM,UNABLE TO DETERMINE,UNABLE TO DETERMINE,1225,W,CONGRESS PKWY,1231,,,,,,,2,"REPORTED, NOT EVIDENT",1,0,0,0,1,0,4,17,1,5,41.8752150907,-87.6579222919,POINT (-87.65792229192 41.875215090709)
a612685e8e5aa90124e5a451e783c8c5d39ef912f192eb5ec76fc3b01a7db7000045c9fcf9fae310e4f6deebd8caf7d59840d5065fb234972fec64b219cb7923,,05/23/2021 09:30:00 AM,30,TRAFFIC SIGNAL,FUNCTIONING PROPERLY,CLEAR,DAYLIGHT,TURNING,NOT DIVIDED,,STRAIGHT AND LEVEL,DRY,NO DEFECTS,NOT ON SCENE (DESK REPORT),NO INJURY / DRIVE AWAY,Y,,,"OVER $1,500",05/23/2021 09:40:00 AM,FAILING TO YIELD RIGHT-OF-WAY,NOT APPLICABLE,5200,N,NAGLE AVE,1613,,,,,,,2,NO INDICATION OF INJURY,0,0,0,0,0,0,2,9,1,5,41.9756856697,-87.7880204062,POINT (-87.788020406203 41.975685669719)
e4595e73dbac03a65eb7004f6cc48b073c8362849bc20da89d415ec499b3609e04ae826f44f53f26f3f7bd99bd02b26b6f084ca54a9ca704efc6c6676ce3089e,,05/14/2021 07:00:00 PM,30,NO CONTROLS,NO CONTROLS,CLEAR,DAYLIGHT,PARKED MOTOR VEHICLE,NOT DIVIDED,,STRAIGHT AND LEVEL,DRY,UNKNOWN,NOT ON SCENE (DESK REPORT),NO INJURY / DRIVE AWAY,,,,"OVER $1,500",05/14/2021 07:15:00 PM,IMPROPER BACKING,UNABLE TO DETERMINE,2940,S,STATE ST,133,,,,,,,2,NO INDICATION OF INJURY,0,0,0,0,0,0,1,19,6,5,41.8407185527,-87.6269902007,POINT (-87.626990200715 41.84071855265)
7bf4f0dd73d3570cf95dcb1c49212652c8a6e94a857315dd67b1217b700fbe2a7809f9e71343e62a752ec997524493debd3341bdc80da69f0497af9f3849e70c,,05/14/2021 12:30:00 PM,20,NO CONTROLS,NO CONTROLS,CLEAR,DAYLIGHT,PARKED MOTOR VEHICLE,ONE-WAY,,STRAIGHT AND LEVEL,DRY,NO DEFECTS,ON SCENE,NO INJURY / DRIVE AWAY,,,,"$501 - $1,500",05/14/2021 12:45:00 PM,UNABLE TO DETERMINE,NOT APPLICABLE,1145,W,WASHBURNE AVE,1232,,,,,,,2,NO INDICATION OF INJURY,0,0,0,0,0,0,1,12,6,5,41.8660410503,-87.6559937598,POINT (-87.655993759822 41.866041050303)
98d133fa4facf7195df93a6d4e0182b8ede4d41392921998429e7b5d443e0a41e97a95c0b310a2cefeb68d6b2ed14793db70085dbb553d5dc22551e4ea28fc94,,05/13/2021 01:00:00 PM,30,STOP SIGN/FLASHER,NO CONTROLS,CLEAR,DAYLIGHT,REAR END,OTHER,,STRAIGHT AND LEVEL,DRY,NO DEFECTS,ON SCENE,NO INJURY / DRIVE AWAY,,,Y,"OVER $1,500",05/13/2021 01:56:00 PM,DISREGARDING STOP SIGN,UNABLE TO DETERMINE,600,E,MORGAN DR,233,,,,,,,2,NO INDICATION OF INJURY,0,0,0,0,0,0,3,13,5,5,41.7932581912,-87.6109475445,POINT (-87.610947544466 41.793258191206)
c2892724c49fa752dab737a06b46dc0160e7767cec846c5b1e5d19b5b987cb8b8d73d61b605a3b7a25ddca225d4838242f93ae324521f34b700aa93efc8868ee,Y,05/07/2021 02:42:00 PM,30,NO CONTROLS,NO CONTROLS,CLEAR,DAYLIGHT,REAR END,NOT DIVIDED,,STRAIGHT AND LEVEL,DRY,UNKNOWN,NOT ON SCENE (DESK REPORT),INJURY AND / OR TOW DUE TO CRASH,,,,"$501 - $1,500",05/08/2021 12:02:00 AM,FOLLOWING TOO CLOSELY,UNABLE TO DETERMINE,6325,N,SHERIDAN RD,2433,,,,,,,2,NONINCAPACITATING INJURY,2,0,0,2,0,0,0,14,6,5,41.9971138054,-87.6554550123,POINT (-87.65545501226 41.997113805372)
15e692ba933422b7ff84cdd2a24f84ec0bddeca2fe8c7dbd46b700fb39029a1f15c89b8f00820fa45caeacded72e38a6cd0ffee889feebca13bd496770fdaf66,,05/06/2021 01:30:00 AM,30,NO CONTROLS,NO CONTROLS,UNKNOWN,UNKNOWN,PARKED MOTOR VEHICLE,ONE-WAY,,STRAIGHT AND LEVEL,UNKNOWN,NO DEFECTS,ON SCENE,NO INJURY / DRIVE AWAY,,,Y,"OVER $1,500",05/06/2021 01:35:00 AM,UNABLE TO DETERMINE,NOT APPLICABLE,10435,S,MARYLAND AVE,512,,,,,,,2,NO INDICATION OF INJURY,0,0,0,0,0,0,1,1,5,5,41.704600616,-87.602577462,POINT (-87.602577461967 41.704600615979)
3e33cfee4e2e159f8ddaf05b1e6605fb272b6a991a70404081eb320220ea803ba13af59ce320a0a1e88dbc05b700fa02ffcc4c7fdf3c8e9f55046a78ff17bc9f,,05/05/2021 02:00:00 PM,35,NO CONTROLS,NO CONTROLS,CLEAR,DAYLIGHT,ANGLE,NOT DIVIDED,,STRAIGHT AND LEVEL,DRY,NO DEFECTS,ON SCENE,NO INJURY / DRIVE AWAY,,,,"$501 - $1,500",05/05/2021 02:05:00 PM,IMPROPER LANE USAGE,IMPROPER LANE USAGE,2300,W,79TH ST,835,,,,,,,2,NO INDICATION OF INJURY,0,0,0,0,0,0,2,14,4,5,41.750230283,-87.6805288134,POINT (-87.680528813378 41.75023028298)
f5d2187d227a9d88dd902f3226469c819d5f644ce03d5e5a16c9debd91fae684a0bef2a93228f0c1297f1845afa0b700953a160d831a48f8ccd14fb28416eecc,,04/29/2021 07:30:00 PM,25,NO CONTROLS,NO CONTROLS,FREEZING RAIN/DRIZZLE,DAYLIGHT,REAR END,NOT DIVIDED,,STRAIGHT AND LEVEL,WET,NO DEFECTS,NOT ON SCENE (DESK REPORT),NO INJURY / DRIVE AWAY,,,,"OVER $1,500",04/30/2021 08:00:00 AM,FOLLOWING TOO CLOSELY,IMPROPER OVERTAKING/PASSING,7500,S,HALSTED ST,621,,,,,,,2,NO INDICATION OF INJURY,0,0,0,0,0,0,2,19,5,4,41.7576565598,-87.6443700572,POINT (-87.644370057249 41.757656559814)
e2063c9b8fa92860cf1605492318092913abbd39bf057a576822dd2bc3d780233b9678a827fd65fbe682b700ad4d3d9121e61b8e08f23bb4b598b9a6f5459663,,04/29/2021 10:00:00 AM,30,NO CONTROLS,NO CONTROLS,RAIN,DAYLIGHT,SIDESWIPE SAME DIRECTION,DIVIDED - W/MEDIAN BARRIER,,STRAIGHT AND LEVEL,WET,"RUT, HOLES",ON SCENE,INJURY AND / OR TOW DUE TO CRASH,,,Y,"OVER $1,500",04/29/2021 10:04:00 AM,ROAD CONSTRUCTION/MAINTENANCE,FAILING TO REDUCE SPEED TO AVOID CRASH,3642,S,CALIFORNIA AVE,911,,,,,,,2,NONINCAPACITATING INJURY,1,0,0,1,0,0,1,10,5,4,41.826913984,-87.6948755261,POINT (-87.694875526116 41.826913984014)
4bf21b540cb7008bbbd1506258dba91451c5cf17cc4063dce47cd3c420a4ae2255b8920202771c8c4bae2ebb08c33f33cc7dd6fab28f14885f44449e3f3dd013,,04/28/2021 05:50:00 PM,30,STOP SIGN/FLASHER,FUNCTIONING PROPERLY,CLOUDY/OVERCAST,DAYLIGHT,REAR END,NOT DIVIDED,,STRAIGHT AND LEVEL,DRY,NO DEFECTS,NOT ON SCENE (DESK REPORT),NO INJURY / DRIVE AWAY,Y,,,"$501 - $1,500",04/28/2021 06:51:00 PM,UNABLE TO DETERMINE,UNABLE TO DETERMINE,1656,W,AUGUSTA BLVD,1213,,,,,,,2,NO INDICATION OF INJURY,0,0,0,0,0,0,2,17,4,4,41.8997822882,-87.6696094716,POINT (-87.669609471598 41.899782288196)
44b700f7aa58cb592c204f9a5668707cd45426cd4ab82152fcc88be0011ecd8b265d79c0c15981dee1fbf11d7de2a18fbb927c8fd4e3646d4e1fa1346abfd442,,04/28/2021 12:40:00 AM,30,NO CONTROLS,NO CONTROLS,CLEAR,"DARKNESS, LIGHTED ROAD",REAR END,NOT DIVIDED,,STRAIGHT AND LEVEL,DRY,NO DEFECTS,ON SCENE,INJURY AND / OR TOW DUE TO CRASH,,,,"OVER $1,500",04/28/2021 12:40:00 AM,UNABLE TO DETERMINE,UNABLE TO DETERMINE,8299,S,DANTE AVE,411,,,,,,,2,NONINCAPACITATING INJURY,1,0,0,1,0,0,1,0,4,4,41.7442475033,-87.5891667268,POINT (-87.589166726843 41.744247503307)
505a3dfc69118a92fe07e9609e7a6a7125e3427c5ce9ad4e0f7522274baf9b4362901a02b2628e584588030258c5b69e1343759d08cc4d5872573485dbb70085,,04/26/2021 04:00:00 PM,30,TRAFFIC SIGNAL,FUNCTIONING PROPERLY,UNKNOWN,UNKNOWN,REAR TO FRONT,DIVIDED - W/MEDIAN (NOT RAISED),,STRAIGHT AND LEVEL,UNKNOWN,UNKNOWN,NOT ON SCENE (DESK REPORT),NO INJURY / DRIVE AWAY,,,Y,"OVER $1,500",04/27/2021 04:20:00 PM,UNABLE TO DETERMINE,NOT APPLICABLE,2900,W,ARMITAGE AVE,1414,,,,,,,2,NO INDICATION OF INJURY,0,0,0,0,0,0,2,16,2,4,41.9175780398,-87.699346516,POINT (-87.699346515961 41.917578039767)
836751e40ab549313c8aab2b1a188154dbcef590db321b4942662b56b06e6930cb7003569d56ca97569eeca53f87eccfe0ad912e260d50ca81bae89e18c2a6b3,,04/19/2021 09:20:00 AM,30,NO CONTROLS,NO CONTROLS,CLEAR,DAYLIGHT,TURNING,DIVIDED - W/MEDIAN (NOT RAISED),,STRAIGHT AND LEVEL,UNKNOWN,UNKNOWN,NOT ON SCENE (DESK REPORT),NO INJURY / DRIVE AWAY,,,,"$501 - $1,500",04/19/2021 09:40:00 AM,IMPROPER TURNING/NO SIGNAL,IMPROPER TURNING/NO SIGNAL,8630,S,ASHLAND AVE,614,,,,,,,2,NO INDICATION OF INJURY,0,0,0,0,0,0,2,9,2,4,41.7366710875,-87.6632322975,POINT (-87.66323229749 41.736671087543)
86e7a6d0bda0a6a2ba7fbb9e3d7e8d55974813daa3d8d05c35e6d395dd401702c408ef2effa0e15a5c75bcdc775237167415d9cadfa76e69bdbc84307fb700ef,,04/16/2021 08:00:00 PM,30,UNKNOWN,UNKNOWN,CLEAR,"DARKNESS, LIGHTED ROAD",PARKED MOTOR VEHICLE,UNKNOWN,,STRAIGHT AND LEVEL,DRY,UNKNOWN,NOT ON SCENE (DESK REPORT),NO INJURY / DRIVE AWAY,,,,"OVER $1,500",04/16/2021 08:56:00 PM,UNABLE TO DETERMINE,UNABLE TO DETERMINE,1743,W,NORTH AVE,1433,,,,,,,2,NO INDICATION OF INJURY,0,0,0,0,0,0,1,20,6,4,41.9104617242,-87.671853436,POINT (-87.671853435967 41.910461724153)
23e1434099dbf1894f5a3bd5ee3a937d916a5d8a9c15009f884d0d3b700c35ba9e34c0374560f8d240e9e661cd0e6cbc150f0e27831b030e755b2134f090293f,,04/15/2021 12:55:00 PM,30,TRAFFIC SIGNAL,FUNCTIONING PROPERLY,CLEAR,DAYLIGHT,SIDESWIPE SAME DIRECTION,NOT DIVIDED,,STRAIGHT AND LEVEL,DRY,NO DEFECTS,NOT ON SCENE (DESK REPORT),NO INJURY / DRIVE AWAY,,,,"$501 - $1,500",04/15/2021 01:45:00 PM,FAILING TO YIELD RIGHT-OF-WAY,IMPROPER LANE USAGE,608,W,TAYLOR ST,124,,,,,,,2,NO INDICATION OF INJURY,0,0,0,0,0,0,2,12,5,4,41.8698212988,-87.6426584509,POINT (-87.6426584509 41.869821298833)
db73995a50546e63ac6b5b9ceffcfb1f9f908b1d4073b700fcf7a98006d2f95ff77c06086e2987374e2ade8253bc0a7cd7eca17914ef488f40d9c114c0ae3cfe,,04/14/2021 11:52:00 AM,20,NO CONTROLS,NO CONTROLS,CLEAR,DAYLIGHT,ANGLE,PARKING LOT,,STRAIGHT AND LEVEL,DRY,NO DEFECTS,ON SCENE,INJURY AND / OR TOW DUE TO CRASH,,,,"$501 - $1,500",04/14/2021 11:52:00 AM,UNABLE TO DETERMINE,UNABLE TO DETERMINE,4030,N,NARRAGANSETT AVE,1632,,,,,,,2,NO INDICATION OF INJURY,0,0,0,0,0,0,2,11,4,4,41.9539273277,-87.7867399228,POINT (-87.786739922776 41.953927327683)
2af04449a6473837b3daf88610c01934708d9dec5bf4429f06e77820b9f179d198c15af2d18c8f0d452db8b38383bd69249f5385b700dd3d0168b11a72f5fc58,,04/12/2021 11:45:00 PM,20,STOP SIGN/FLASHER,UNKNOWN,UNKNOWN,UNKNOWN,TURNING,FOUR WAY,,STRAIGHT AND LEVEL,UNKNOWN,UNKNOWN,ON SCENE,INJURY AND / OR TOW DUE TO CRASH,Y,,N,"OVER $1,500",04/14/2021 12:47:00 AM,FAILING TO YIELD RIGHT-OF-WAY,NOT APPLICABLE,7900,S,BENNETT AVE,414,,,,,,,2,"REPORTED, NOT EVIDENT",1,0,0,0,1,0,1,23,2,4,41.751483138,-87.5785701173,POINT (-87.578570117306 41.751483138026)
bb83d326a0751433c645f5b6dce1f4b92d3038380d7e1959c73256c432f8ec8c97fb213a4dd6b70044cb3e4f9f282ca91b85d994dc14ff8758b9c7a3a4020e41,,04/07/2021 09:30:00 AM,35,NO CONTROLS,NO CONTROLS,CLEAR,DAYLIGHT,SIDESWIPE SAME DIRECTION,NOT DIVIDED,,STRAIGHT AND LEVEL,DRY,NO DEFECTS,ON SCENE,NO INJURY / DRIVE AWAY,,,,"$501 - $1,500",04/07/2021 09:35:00 AM,UNABLE TO DETERMINE,UNABLE TO DETERMINE,6630,N,CENTRAL AVE,1621,,,,,,,2,NO INDICATION OF INJURY,0,0,0,0,0,0,2,9,4,4,42.0016772734,-87.7624253048,POINT (-87.762425304762 42.001677273368)
03fab9c14edd3cce4b1a8b3331334db70088861f2ded22f129c29906cbfe3f957e726d833e3205c260bd70ba13ebb882e5e2335b94cfb9c7d68560dee3b05ab2,,04/06/2021 05:00:00 PM,20,NO CONTROLS,NO CONTROLS,CLEAR,DAYLIGHT,PEDESTRIAN,NOT DIVIDED,,STRAIGHT AND LEVEL,DRY,NO DEFECTS,ON SCENE,INJURY AND / OR TOW DUE TO CRASH,,,,$500 OR LESS,04/06/2021 05:00:00 PM,FAILING TO YIELD RIGHT-OF-WAY,NOT APPLICABLE,434,W,MONTROSE HARBOR DR,1915,,,,,,,2,NONINCAPACITATING INJURY,1,0,0,1,0,0,2,17,3,4,41.960057131,-87.6390168582,POINT (-87.639016858248 41.960057131029)
cd6ca88e41d148b70068e7d70a94eae1448c86f8a69b4390854a102cd690909b0ca4a7cbd4b291d6451ff88e14f47bc0f9a12e9f6cc33fbd09ac503771cc6727,,04/06/2021 11:30:00 AM,30,NO CONTROLS,NO CONTROLS,CLEAR,DAYLIGHT,REAR END,NOT DIVIDED,,STRAIGHT AND LEVEL,DRY,NO DEFECTS,NOT ON SCENE (DESK REPORT),NO INJURY / DRIVE AWAY,,,,"OVER $1,500",04/09/2021 11:38:00 AM,UNABLE TO DETERMINE,UNABLE TO DETERMINE,6421,S,KEDZIE AVE,823,,,,,,,2,NO INDICATION OF INJURY,0,0,0,0,0,0,2,11,3,4,41.776513342,-87.7029348621,POINT (-87.702934862117 41.776513342001)
7fda2e30db700cbe3396222f730f5b08d599903aa1efa5b3852367ea9bbeb0d6f19d58c491219c505f5d134f43be5d1ea446130ccecf2e69d8223bffaf744fb8,N,04/05/2021 08:43:00 AM,30,NO CONTROLS,NO CONTROLS,CLEAR,DAYLIGHT,ANGLE,ONE-WAY,,STRAIGHT AND LEVEL,DRY,NO DEFECTS,ON SCENE,INJURY AND / OR TOW DUE TO CRASH,Y,,,"OVER $1,500",04/05/2021 08:43:00 AM,FAILING TO YIELD RIGHT-OF-WAY,NOT APPLICABLE,3120,W,AINSLIE ST,1713,N,N,,,,,2,NO INDICATION OF INJURY,0,0,0,0,0,0,3,8,2,4,41.970395837,-87.7069933979,POINT (-87.70699339793 41.97039583703)
1d9c5bb043c1521e8ac3732d15af05fd6cd295a5d646d53c8fa2962d004da2867b3cefbca86407297b73992ed2b34b700902f3894cbe3c7528320eb2b6493f49,,04/04/2021 02:50:00 PM,30,NO CONTROLS,NO CONTROLS,CLEAR,DAYLIGHT,PEDESTRIAN,NOT DIVIDED,,STRAIGHT AND LEVEL,DRY,NO DEFECTS,ON SCENE,INJURY AND / OR TOW DUE TO CRASH,,,,"$501 - $1,500",04/04/2021 03:00:00 PM,NOT APPLICABLE,NOT APPLICABLE,6826,S,JEFFERY BLVD,332,,,,,,,2,NONINCAPACITATING INJURY,1,0,0,1,0,0,2,14,1,4,41.7707977565,-87.5765725902,POINT (-87.576572590225 41.770797756542)
45d0748ba2fa5191e4452e10f5b700a691cc01434dd08de20ff1f28d1abc47a8d028e232a0b0d626c2a8b77f4f774deebc865c9f33ed0ac765eb9ac18a6d49c4,,04/03/2021 05:20:00 AM,30,TRAFFIC SIGNAL,FUNCTIONING PROPERLY,CLEAR,"DARKNESS, LIGHTED ROAD",ANGLE,NOT DIVIDED,,STRAIGHT AND LEVEL,DRY,NO DEFECTS,ON SCENE,INJURY AND / OR TOW DUE TO CRASH,,,Y,"OVER $1,500",04/03/2021 05:22:00 AM,UNABLE TO DETERMINE,UNABLE TO DETERMINE,958,W,69TH ST,723,,,,,,,2,NONINCAPACITATING INJURY,1,0,0,1,0,0,1,5,7,4,41.7688760199,-87.6492993458,POINT (-87.649299345841 41.768876019917)
7f48874516b70001b44ec9290bb3d7195eee901f7960179ad7344fef95a44c5a6290f8a04c2611c0274c049e0581f00524fc27c654e2dff614845d9129272fa3,,04/02/2021 05:25:00 PM,30,STOP SIGN/FLASHER,FUNCTIONING PROPERLY,CLEAR,DAYLIGHT,TURNING,FOUR WAY,,STRAIGHT AND LEVEL,DRY,NO DEFECTS,ON SCENE,NO INJURY / DRIVE AWAY,Y,,,"$501 - $1,500",04/02/2021 05:25:00 PM,FAILING TO YIELD RIGHT-OF-WAY,UNABLE TO DETERMINE,8500,S,JEFFERY BLVD,412,,,,,,,2,NO INDICATION OF INJURY,0,0,0,0,0,0,6,17,6,4,41.7406021145,-87.5759214601,POINT (-87.575921460076 41.7406021145)