CRASH_RECORD_ID,CRASH_DATE_EST_I,CRASH_DATE,POSTED_SPEED_LIMIT,TRAFFIC_CONTROL_DEVICE,DEVICE_CONDITION,WEATHER_CONDITION,LIGHTING_CONDITION,FIRST_CRASH_TYPE,TRAFFICWAY_TYPE,LANE_CNT,ALIGNMENT,ROADWAY_SURFACE_COND,ROAD_DEFECT,REPORT_TYPE,CRASH_TYPE,INTERSECTION_RELATED_I,NOT_RIGHT_OF_WAY_I,HIT_AND_RUN_I,DAMAGE,DATE_POLICE_NOTIFIED,PRIM_CONTRIBUTORY_CAUSE,SEC_CONTRIBUTORY_CAUSE,STREET_NO,STREET_DIRECTION,STREET_NAME,BEAT_OF_OCCURRENCE,PHOTOS_TAKEN_I,STATEMENTS_TAKEN_I,DOORING_I,WORK_ZONE_I,WORK_ZONE_TYPE,WORKERS_PRESENT_I,NUM_UNITS,MOST_SEVERE_INJURY,INJURIES_TOTAL,INJURIES_FATAL,INJURIES_INCAPACITATING,INJURIES_NON_INCAPACITATING,INJURIES_REPORTED_NOT_EVIDENT,INJURIES_UNKNOWN,INJURIES_NO_INDICATION,CRASH_HOUR,CRASH_DAY_OF_WEEK,CRASH_MONTH,LATITUDE,LONGITUDE,LOCATION
933df1bdf89ce7cace6ec568df6aadf5b70060a5d2b961290f9c59d14406bfbdd0ef526c991221d454dd79c71ff65a4b8e4cc18e58ff79b6c810f29c616a4408,,03/29/2021 12:02:00 AM,30,NO CONTROLS,NO CONTROLS,CLEAR,"DARKNESS, LIGHTED ROAD",PARKED MOTOR VEHICLE,NOT DIVIDED,,STRAIGHT AND LEVEL,DRY,NO DEFECTS,NOT ON SCENE (DESK REPORT),INJURY AND / OR TOW DUE TO CRASH,,,Y,"OVER $1,500",03/29/2021 06:32:00 PM,UNABLE TO DETERMINE,NOT APPLICABLE,500,W,125TH ST,523,,,,,,,2,NO INDICATION OF INJURY,0,0,0,0,0,0,1,0,2,3,41.6670948161,-87.6343834494,POINT (-87.634383449445 41.667094816113)
940a5a19fad1bb3b94af86dd78bd96739bbe975f031e860dcd5cd276a8a214e9e015e0453025666f5b700380a02066450e3ac00e47c65a861e2d5d8e3d81a720,,03/23/2021 08:45:00 AM,30,NO CONTROLS,NO CONTROLS,CLEAR,DAYLIGHT,PARKED MOTOR VEHICLE,DIVIDED - W/MEDIAN (NOT RAISED),,STRAIGHT AND LEVEL,DRY,NO DEFECTS,NOT ON SCENE (DESK REPORT),NO INJURY / DRIVE AWAY,,,Y,"OVER $1,500",03/23/2021 10:15:00 AM,UNABLE TO DETERMINE,UNABLE TO DETERMINE,5930,S,HALSTED ST,712,,,,,,,2,NO INDICATION OF INJURY,0,0,0,0,0,0,1,8,3,3,41.7860845125,-87.6450929351,POINT (-87.64509293508 41.78608451254)
aa482fe6fa6d9fc6ff804a38dfb700f376f6609f9cdf73111c9914ad866d0c9df0c22d6db9e520ef22a2e4b0cff6f38577e43ddbf6490acd8e8dc8962bb007da,,03/21/2021 07:00:00 PM,10,OTHER WARNING SIGN,FUNCTIONING PROPERLY,CLEAR,DAYLIGHT,PARKED MOTOR VEHICLE,PARKING LOT,,STRAIGHT AND LEVEL,DRY,NO DEFECTS,NOT ON SCENE (DESK REPORT),NO INJURY / DRIVE AWAY,N,Y,,"$501 - $1,500",03/27/2021 01:45:00 PM,IMPROPER BACKING,IMPROPER BACKING,3311,S,ARCHER AVE,912,,,,,,,2,NO INDICATION OF INJURY,0,0,0,0,0,0,1,19,1,3,41.8337727403,-87.6718974569,POINT (-87.671897456933 41.833772740272)
7b54a812bab28c2a8371873de3813f0d5305d7dbe9a302109da221cd876a52d2bb536c2bf9a9da24386b81aa5519b700da64069566f5fac683b3afff6ca5162b,Y,03/19/2021 06:20:00 PM,30,NO CONTROLS,NO CONTROLS,CLEAR,DAYLIGHT,SIDESWIPE SAME DIRECTION,NOT DIVIDED,,STRAIGHT AND LEVEL,DRY,NO DEFECTS,NOT ON SCENE (DESK REPORT),NO INJURY / DRIVE AWAY,,,,"OVER $1,500",03/19/2021 06:45:00 PM,UNABLE TO DETERMINE,NOT APPLICABLE,7501,S,PULASKI RD,833,,,,,,,2,NO INDICATION OF INJURY,0,0,0,0,0,0,2,18,6,3,41.7568754088,-87.7220285437,POINT (-87.722028543705 41.756875408789)
ec421ec2bc0ec419aa378cd03ef33e717c97f4b5ca47d84606c53e74f2f1ec79aea3d0db8e4796083c03381359f31db1baf07db0b70092a07b6be4ec42726ade,,03/19/2021 11:55:00 AM,30,TRAFFIC SIGNAL,FUNCTIONING PROPERLY,CLEAR,DAYLIGHT,ANGLE,FOUR WAY,,STRAIGHT AND LEVEL,DRY,NO DEFECTS,ON SCENE,INJURY AND / OR TOW DUE TO CRASH,Y,,,"OVER $1,500",03/19/2021 11:57:00 AM,DISREGARDING TRAFFIC SIGNALS,NOT APPLICABLE,6000,W,FOSTER AVE,1622,,,,,,,2,"REPORTED, NOT EVIDENT",1,0,0,0,1,0,1,11,6,3,41.9757782458,-87.7782426209,POINT (-87.778242620892 41.975778245826)
66c4fcc2744ad5b96b700867b5f073867b89ba24cd4f82880e8d59744b25c7e76c53b5e3672771433fc56c43f4d8ebd6ecb5892ffb613a657ec9ed222bfa137b,,03/19/2021 08:00:00 AM,35,NO CONTROLS,UNKNOWN,CLEAR,DAYLIGHT,TURNING,NOT DIVIDED,,STRAIGHT AND LEVEL,DRY,UNKNOWN,NOT ON SCENE (DESK REPORT),NO INJURY / DRIVE AWAY,,,N,"$501 - $1,500",03/20/2021 08:50:00 PM,NOT APPLICABLE,NOT APPLICABLE,9500,S,JEFFERY AVE,431,,,,,,,2,NO INDICATION OF INJURY,0,0,0,0,0,0,2,8,6,3,41.722375907,-87.5754999033,POINT (-87.575499903328 41.722375907041)
062467e9b9c1789e210a7421bce0c6a831a21557dc3c37509209748a3fc0a5a544b700932c40785bd8e595746481ce9870190966066528bca6c8a1daa4e70b9a,,03/18/2021 03:37:00 AM,30,TRAFFIC SIGNAL,FUNCTIONING PROPERLY,RAIN,"DARKNESS, LIGHTED ROAD",SIDESWIPE OPPOSITE DIRECTION,DIVIDED - W/MEDIAN (NOT RAISED),,STRAIGHT AND LEVEL,WET,NO DEFECTS,ON SCENE,NO INJURY / DRIVE AWAY,,,,"$501 - $1,500",03/18/2021 03:42:00 AM,WEATHER,DRIVING SKILLS/KNOWLEDGE/EXPERIENCE,400,S,STATE ST,113,,,,,,,2,NO INDICATION OF INJURY,0,0,0,0,0,0,1,3,5,3,41.8768625296,-87.6277969701,POINT (-87.627796970132 41.876862529588)
021e75ff74847335810bc854bd7cef8a03f86a6f17d0990967602bc4ef2e9a7c9a2e3b6c578c82c9ff829206a94e8716e0eb70018366e73a21faa160e114f754,,03/17/2021 08:50:00 PM,25,RAILROAD CROSSING GATE,FUNCTIONING PROPERLY,RAIN,"DARKNESS, LIGHTED ROAD",REAR TO FRONT,DIVIDED - W/MEDIAN (NOT RAISED),,STRAIGHT AND LEVEL,WET,NO DEFECTS,,NO INJURY / DRIVE AWAY,,,,"$501 - $1,500",03/17/2021 09:19:00 PM,DRIVING SKILLS/KNOWLEDGE/EXPERIENCE,NOT APPLICABLE,6656,S,KNOX AVE,833,,,,,,,2,NO INDICATION OF INJURY,0,0,0,0,0,0,3,20,4,3,41.7713295994,-87.7385684962,POINT (-87.738568496218 41.771329599386)
c852778cdbc126ddd9dd2fadc9e0e6b3488dab78e4ce12d2d018b0b17a3dce6544b70056a3b1239a49ea8034a44bc4f74e445f681d669ae6dd855571f5033803,,03/12/2021 02:55:00 PM,30,STOP SIGN/FLASHER,OTHER,CLEAR,DAYLIGHT,ANGLE,NOT DIVIDED,,STRAIGHT AND LEVEL,DRY,NO DEFECTS,NOT ON SCENE (DESK REPORT),NO INJURY / DRIVE AWAY,,,,"$501 - $1,500",03/12/2021 03:25:00 PM,FAILING TO YIELD RIGHT-OF-WAY,NOT APPLICABLE,1330,S,ASHLAND AVE,1233,,,,,,,2,NO INDICATION OF INJURY,0,0,0,0,0,0,3,14,6,3,41.8642149055,-87.6664684144,POINT (-87.666468414417 41.864214905491)
997b511b516ce0418be1346ff0a427e3e79b70e798dbb578fc2130ee58a792d94dcf640ab36a0764cd9c6e2202a365ab700a089d2730d579ed27e6fa752dce0d,,03/06/2021 05:15:00 PM,30,NO CONTROLS,NO CONTROLS,CLEAR,DAYLIGHT,TURNING,NOT DIVIDED,,STRAIGHT AND LEVEL,DRY,NO DEFECTS,NOT ON SCENE (DESK REPORT),NO INJURY / DRIVE AWAY,Y,,Y,"OVER $1,500",03/08/2021 10:41:00 AM,IMPROPER TURNING/NO SIGNAL,UNABLE TO DETERMINE,400,S,PULASKI RD,1132,,,,,,,2,NO INDICATION OF INJURY,0,0,0,0,0,0,4,17,7,3,41.8752210105,-87.7256306982,POINT (-87.725630698186 41.875221010493)
ac3064c1a048b293d44ba7d9b3e6a4842f609316a0a99ffd4191945242c4d4506bfdc7a37001ab9fe3f0fb8527c35da4d261b898b098e43d9bb7007c8e0247d1,,03/05/2021 12:00:00 PM,30,TRAFFIC SIGNAL,FUNCTIONING PROPERLY,CLEAR,DAYLIGHT,SIDESWIPE SAME DIRECTION,DIVIDED - W/MEDIAN (NOT RAISED),,STRAIGHT AND LEVEL,DRY,NO DEFECTS,NOT ON SCENE (DESK REPORT),NO INJURY / DRIVE AWAY,,,Y,"$501 - $1,500",03/05/2021 12:15:00 PM,IMPROPER OVERTAKING/PASSING,FAILING TO YIELD RIGHT-OF-WAY,2400,N,HALSTED ST,1935,,,,,,,2,NO INDICATION OF INJURY,0,0,0,0,0,0,2,12,6,3,41.9255403154,-87.6489121555,POINT (-87.648912155512 41.925540315432)
4899a9b47b0b61c9b939f344d49fcd56d8ec56c099635b2629767ae3cbb03563c98e5c3a7568eee8a154117acb19c850ad0b700a63b58ee717423064851250a9,Y,03/05/2021 12:01:00 AM,30,NO CONTROLS,NO CONTROLS,CLEAR,"DARKNESS, LIGHTED ROAD",PARKED MOTOR VEHICLE,NOT DIVIDED,,STRAIGHT AND LEVEL,DRY,NO DEFECTS,ON SCENE,INJURY AND / OR TOW DUE TO CRASH,,,Y,$500 OR LESS,03/05/2021 10:44:00 AM,UNABLE TO DETERMINE,UNABLE TO DETERMINE,5412,W,SUNNYSIDE AVE,1623,,,,,,,2,NO INDICATION OF INJURY,0,0,0,0,0,0,1,0,6,3,41.96251576,-87.7629767587,POINT (-87.762976758732 41.962515760037)
c8d0b602b05f95701c79779d1910bafebaeb700c9ded96adfa8658975f36afa14afb2de918713db3aa8adaa4372dd67f310df9417b4afe7cb0c2af1cc5f5f053,,03/04/2021 06:30:00 PM,30,UNKNOWN,UNKNOWN,CLEAR,DARKNESS,ANGLE,FOUR WAY,,STRAIGHT AND LEVEL,DRY,NO DEFECTS,ON SCENE,INJURY AND / OR TOW DUE TO CRASH,Y,,,"OVER $1,500",03/04/2021 06:32:00 PM,FAILING TO YIELD RIGHT-OF-WAY,NOT APPLICABLE,11860,S,LONGWOOD DR,2212,,,,,,,3,NO INDICATION OF INJURY,0,0,0,0,0,0,3,18,5,3,41.6774891683,-87.6753499282,POINT (-87.675349928172 41.677489168258)
6e6ea0a9c5c9d761e7064391847647f4d5012e59f609aab2e733d6bdadeb3ce84129a5f3224fd7250b1c1a33a329c3047e892d7b3d476b700acbb2be3308716c,,02/28/2021 05:00:00 PM,30,NO CONTROLS,NO CONTROLS,CLEAR,DAYLIGHT,ANGLE,NOT DIVIDED,,STRAIGHT AND LEVEL,DRY,NO DEFECTS,ON SCENE,NO INJURY / DRIVE AWAY,,,,"OVER $1,500",02/28/2021 05:09:00 PM,FAILING TO YIELD RIGHT-OF-WAY,UNABLE TO DETERMINE,2301,W,59TH ST,825,,,,,,,2,NO INDICATION OF INJURY,0,0,0,0,0,0,2,17,1,2,41.7864306834,-87.6811717657,POINT (-87.681171765688 41.786430683429)
5998adf3b700719ba1a7f0fe1e18b629d6913cf7bf8a9c4197de4d63c98eae209bb970e3503cd096af26b44b3afbec491d6b79a1ff72613675e22b8c75fd53eb,,02/28/2021 09:51:00 AM,30,NO CONTROLS,NO CONTROLS,RAIN,DAYLIGHT,PARKED MOTOR VEHICLE,NOT DIVIDED,,STRAIGHT AND LEVEL,WET,NO DEFECTS,ON SCENE,NO INJURY / DRIVE AWAY,,,Y,"OVER $1,500",02/28/2021 09:53:00 AM,UNABLE TO DETERMINE,NOT APPLICABLE,441,W,76TH ST,621,,,,,,,2,NO INDICATION OF INJURY,0,0,0,0,0,0,1,9,1,2,41.756119745,-87.6360503265,POINT (-87.636050326498 41.756119744954)
0d60bb7007141de494afe188c1657bcf894b7daeb183fb3d7f03974f04d39ede5473eda43a8c001e92617dc7ac25808ac940b1b3108386322ec4a136ee268e72,,02/27/2021 04:15:00 AM,25,NO CONTROLS,NO CONTROLS,RAIN,"DARKNESS, LIGHTED ROAD",FIXED OBJECT,DIVIDED - W/MEDIAN BARRIER,,"CURVE, LEVEL",WET,NO DEFECTS,ON SCENE,INJURY AND / OR TOW DUE TO CRASH,,,,"OVER $1,500",02/27/2021 04:20:00 AM,UNABLE TO DETERMINE,UNABLE TO DETERMINE,1000,N,LAKE SHORE DR SB,1824,,,,,,,1,INCAPACITATING INJURY,1,0,1,0,0,0,0,4,7,2,41.9009589191,-87.6199281737,POINT (-87.619928173678 41.900958919109)
48a7c08ed57b41c2a0c89fb9f085c5a072e4cd15d2dca3871591c31fe641d2fcbd9885e830ea52a2d4b5e116c6816999e9b7007e419aa253d43d71c69ce7b797,,02/22/2021 05:00:00 PM,25,NO CONTROLS,NO CONTROLS,CLEAR,DAYLIGHT,PEDESTRIAN,NOT DIVIDED,,STRAIGHT AND LEVEL,WET,UNKNOWN,ON SCENE,INJURY AND / OR TOW DUE TO CRASH,,,,$500 OR LESS,02/22/2021 05:02:00 PM,UNABLE TO DETERMINE,UNABLE TO DETERMINE,7231,W,IBSEN ST,1611,,,,,,,2,NONINCAPACITATING INJURY,1,0,0,1,0,0,1,17,2,2,42.0061662756,-87.8079492008,POINT (-87.807949200791 42.006166275613)
e05c263fb5b01cebabada045bab785e46ee199212cae5e703a3b71ea8fea569e717a56cecd266316ef9efd5969c27a5c653bffae18e287c7b700e57d299a6ba2,,02/22/2021 01:20:00 PM,30,TRAFFIC SIGNAL,FUNCTIONING PROPERLY,SNOW,DAYLIGHT,REAR END,ONE-WAY,,STRAIGHT AND LEVEL,SNOW OR SLUSH,NO DEFECTS,ON SCENE,NO INJURY / DRIVE AWAY,,,Y,"$501 - $1,500",02/22/2021 02:00:00 PM,UNABLE TO DETERMINE,UNABLE TO DETERMINE,3599,W,CONGRESS PKWY,1133,,,,,,,2,NO INDICATION OF INJURY,0,0,0,0,0,0,9,13,2,2,41.8743790405,-87.7155504326,POINT (-87.715550432625 41.874379040458)
7e95420734615fec99018fb062f4cd561394f1ee6083f9cbe6e4170630d8b0a49b70009a92a6fc1e688efae66ffaf9e821c589a73221e8e38be5d16093e3fe39,,02/21/2021 07:20:00 PM,30,NO CONTROLS,NO CONTROLS,SNOW,"DARKNESS, LIGHTED ROAD",REAR END,NOT DIVIDED,,STRAIGHT AND LEVEL,WET,NO DEFECTS,NOT ON SCENE (DESK REPORT),NO INJURY / DRIVE AWAY,,,,$500 OR LESS,02/21/2021 07:40:00 PM,NOT APPLICABLE,NOT APPLICABLE,4601,S,ASHLAND AVE,924,,,,,,,2,NO INDICATION OF INJURY,0,0,0,0,0,0,2,19,1,2,41.810349815,-87.6648721882,POINT (-87.664872188175 41.810349815026)
5f16448afe3f3ea035a56a32b28dd5d8dd531dfac248459961a3e7b94056f9c1cde1b90a5fa416b1b70012aad7b29fbbc74f583b833a9329792660c93739a486,,02/18/2021 11:45:00 AM,30,NO CONTROLS,NO CONTROLS,CLEAR,DAYLIGHT,REAR END,DIVIDED - W/MEDIAN (NOT RAISED),,STRAIGHT AND LEVEL,WET,NO DEFECTS,ON SCENE,NO INJURY / DRIVE AWAY,,,,"OVER $1,500",02/18/2021 11:50:00 AM,FOLLOWING TOO CLOSELY,FOLLOWING TOO CLOSELY,4337,N,NARRAGANSETT AVE,1624,,,,,,,2,NO INDICATION OF INJURY,0,0,0,0,0,0,2,11,5,2,41.9595313958,-87.7866491079,POINT (-87.786649107914 41.959531395832)
3604fb8099caf4e73385ae05c11ebb97a085d0dd928d3dabbbd2e40015007ad84c57ba7e700c77e720c6a1463ba2fb041e5dadfc6b7007f8094be2277bf9d29c,,02/14/2021 02:22:00 PM,30,TRAFFIC SIGNAL,FUNCTIONING PROPERLY,CLEAR,DAYLIGHT,REAR END,NOT DIVIDED,,STRAIGHT AND LEVEL,WET,NO DEFECTS,NOT ON SCENE (DESK REPORT),NO INJURY / DRIVE AWAY,,,,"OVER $1,500",02/15/2021 09:30:00 AM,FOLLOWING TOO CLOSELY,NOT APPLICABLE,5001,W,BELMONT AVE,2521,,,,,,,2,NO INDICATION OF INJURY,0,0,0,0,0,0,2,14,1,2,41.9386527608,-87.7519102053,POINT (-87.751910205328 41.938652760763)
3f61a68b915f14c74913b3b700c687fd25fc4f8700784e5438772edbe108b093c24114bd74fc7176ec29b87fde7ab3b8a1b13e8876874fa0aadf664f231a5c37,Y,02/11/2021 11:40:00 PM,30,STOP SIGN/FLASHER,FUNCTIONING PROPERLY,CLEAR,DUSK,FIXED OBJECT,DIVIDED - W/MEDIAN (NOT RAISED),,STRAIGHT AND LEVEL,WET,NO DEFECTS,ON SCENE,INJURY AND / OR TOW DUE TO CRASH,,,,"OVER $1,500",02/11/2021 11:42:00 PM,UNABLE TO DETERMINE,NOT APPLICABLE,625,W,31ST ST,915,,,,,,,1,NO INDICATION OF INJURY,0,0,0,0,0,0,1,23,5,2,41.8379810275,-87.642490884,POINT (-87.642490884027 41.837981027515)
03f119170bb70029e76fc46d670a5e89ccbeba8ca767ea1f0ba1060bdd486109e6162cab2356f86a7f12967f1e23eb94e34eeb2bea68331c30a3f3a40c7dc7da,,02/11/2021 07:50:00 AM,30,NO CONTROLS,NO CONTROLS,SNOW,DAYLIGHT,FIXED OBJECT,ALLEY,,STRAIGHT AND LEVEL,SNOW OR SLUSH,NO DEFECTS,ON SCENE,NO INJURY / DRIVE AWAY,,Y,,$500 OR LESS,02/11/2021 07:52:00 AM,UNABLE TO DETERMINE,NOT APPLICABLE,1219,W,72ND PL,734,,,,,,,1,NO INDICATION OF INJURY,0,0,0,0,0,0,1,7,5,2,41.762205433,-87.654856498,POINT (-87.654856498034 41.762205432969)
13e88bd40bce13c1afd82f25d1b8e1def4d70aeef7ceb576aa64b08623058da0ae1ca269717a4c48d9d36b591805fad3447dd0999a773a2efcef5b7003954a47,,02/09/2021 03:00:00 PM,25,NO CONTROLS,NO CONTROLS,SNOW,DAYLIGHT,PARKED MOTOR VEHICLE,ONE-WAY,,STRAIGHT AND LEVEL,SNOW OR SLUSH,OTHER,ON SCENE,NO INJURY / DRIVE AWAY,,,Y,"OVER $1,500",02/09/2021 03:48:00 PM,IMPROPER BACKING,IMPROPER BACKING,2208,S,MILLARD AVE,1013,,,,,,,2,,,,,,,,,15,3,2,41.8513234302,-87.7163555692,POINT (-87.716355569219 41.851323430187)
f1166b0d4888dc5e053c122e407e11894079542bc9f3b700bb659672d35e94e1e8957382029e372e7b07fb076ce0ec506a2290493be08c85ca7e5cd02a492b51,,02/09/2021 12:00:00 PM,30,NO CONTROLS,NO CONTROLS,CLEAR,DAYLIGHT,REAR END,NOT DIVIDED,,STRAIGHT AND LEVEL,ICE,NO DEFECTS,NOT ON SCENE (DESK REPORT),NO INJURY / DRIVE AWAY,,,,"$501 - $1,500",02/09/2021 01:30:00 PM,UNABLE TO DETERMINE,UNABLE TO DETERMINE,205,S,PEORIA ST,1232,,,,,,,2,NO INDICATION OF INJURY,0,0,0,0,0,0,2,12,3,2,41.8789981048,-87.6494662212,POINT (-87.6494662212 41.878998104816)
cd1fcf94bf1fb7383cdd638116c8bb7f06e5fdc68f2d63c99c52f9c972f8e11fc336ecc510e6a3770ccce72edcfffb3daaca81ef85079bee6bb700929c264499,,02/07/2021 05:10:00 PM,30,TRAFFIC SIGNAL,FUNCTIONING PROPERLY,CLEAR,"DARKNESS, LIGHTED ROAD",REAR END,DIVIDED - W/MEDIAN BARRIER,,STRAIGHT AND LEVEL,DRY,NO DEFECTS,NOT ON SCENE (DESK REPORT),NO INJURY / DRIVE AWAY,,,Y,"OVER $1,500",02/07/2021 06:10:00 PM,UNABLE TO DETERMINE,UNABLE TO DETERMINE,50,W,CONGRESS PKWY,113,,,,,,,2,NO INDICATION OF INJURY,0,0,0,0,0,0,2,17,1,2,41.8757346084,-87.6294391189,POINT (-87.629439118933 41.875734608374)
c64eaaa53d61f9f3743ab7e0791b3d990bff1ab26df826e61bbbc7b059db71e4ec96e67e7462eeda17a89fb121fea8e5041dd05e721c81cfdbda70c421b700a2,,02/05/2021 09:00:00 PM,30,NO CONTROLS,NOT FUNCTIONING,UNKNOWN,UNKNOWN,PARKED MOTOR VEHICLE,NOT DIVIDED,,STRAIGHT AND LEVEL,UNKNOWN,UNKNOWN,NOT ON SCENE (DESK REPORT),INJURY AND / OR TOW DUE TO CRASH,,,Y,"OVER $1,500",02/08/2021 02:00:00 PM,RELATED TO BUS STOP,NOT APPLICABLE,4316,W,CRYSTAL ST,2534,,,,,,,2,NO INDICATION OF INJURY,0,0,0,0,0,0,1,21,6,2,41.9035553663,-87.7344444109,POINT (-87.734444410899 41.903555366255)
db352efc5d4fe8db7003b156f2bc57ff546313ff7bdf34b5edc0829c36dc35de77ba005192f9c16aa88732c6de3a2ef7acbe35d92f45ef7e40cb3f868eb5de31,,02/02/2021 11:40:00 AM,30,TRAFFIC SIGNAL,UNKNOWN,UNKNOWN,UNKNOWN,SIDESWIPE SAME DIRECTION,NOT DIVIDED,,STRAIGHT AND LEVEL,UNKNOWN,UNKNOWN,NOT ON SCENE (DESK REPORT),NO INJURY / DRIVE AWAY,,,Y,"$501 - $1,500",02/11/2021 09:30:00 PM,FOLLOWING TOO CLOSELY,NOT APPLICABLE,5832,W,ROOSEVELT RD,1513,,,,,,,2,NO INDICATION OF INJURY,0,0,0,0,0,0,2,11,3,2,41.8656223659,-87.7703840852,POINT (-87.770384085167 41.865622365878)
5c6d5842923b3711179d88302527a0719d6acc8eaca72e40b7d06aacc40d63ae2cad4684925e101b8e9347c7b73e4cb9adfaefc498164b700f0d13e47f679107,Y,01/31/2021 03:00:00 PM,30,NO CONTROLS,NO CONTROLS,SNOW,DAYLIGHT,PARKED MOTOR VEHICLE,DIVIDED - W/MEDIAN (NOT RAISED),,STRAIGHT AND LEVEL,SNOW OR SLUSH,NO DEFECTS,NOT ON SCENE (DESK REPORT),NO INJURY / DRIVE AWAY,,,Y,"OVER $1,500",02/01/2021 05:30:00 PM,UNABLE TO DETERMINE,UNABLE TO DETERMINE,2952,W,46TH ST,922,,,,,,,2,NO INDICATION OF INJURY,0,0,0,0,0,0,1,15,1,1,41.8101331043,-87.6988394287,POINT (-87.698839428715 41.81013310426)
9f974f47594678b70011ead8a63ca56978117558fdf8c4c30e6aed8b6462a934ebc7864493ab9aec00b3ae4bd5aab1e47781eedd886ea775996d937952a2cd61,,01/31/2021 12:01:00 AM,30,TRAFFIC SIGNAL,FUNCTIONING PROPERLY,SNOW,"DARKNESS, LIGHTED ROAD",PARKED MOTOR VEHICLE,NOT DIVIDED,,STRAIGHT AND LEVEL,SNOW OR SLUSH,UNKNOWN,NOT ON SCENE (DESK REPORT),NO INJURY / DRIVE AWAY,,,Y,"OVER $1,500",01/31/2021 11:15:00 PM,UNABLE TO DETERMINE,UNABLE TO DETERMINE,2557,S,ALBANY AVE,1033,,,,,,,2,NO INDICATION OF INJURY,0,0,0,0,0,0,1,0,1,1,41.8446444954,-87.7024395599,POINT (-87.702439559876 41.844644495418)
0de82a44f96c439b80b8d3fcecb452cab20409f25b2d9675f6ec02bc44779ffddeb700ec2d811b7372acebcdc17fc2a91881144c806600f5569e7a3e9adad6d0,,01/28/2021 11:50:00 AM,30,TRAFFIC SIGNAL,FUNCTIONING PROPERLY,CLEAR,DAYLIGHT,REAR END,DIVIDED - W/MEDIAN (NOT RAISED),,STRAIGHT AND LEVEL,UNKNOWN,NO DEFECTS,NOT ON SCENE (DESK REPORT),INJURY AND / OR TOW DUE TO CRASH,,,Y,"OVER $1,500",01/28/2021 12:00:00 PM,FOLLOWING TOO CLOSELY,UNABLE TO DETERMINE,1803,S,ASHLAND AVE,1233,,,,,,,2,"REPORTED, NOT EVIDENT",1,0,0,0,1,0,3,11,5,1,41.8576870084,-87.6659918754,POINT (-87.665991875387 41.857687008391)
5b405978db66d9db1f2d83f9bc1f8ba89b700b03c169c746d2291876bfcf537f5f5f65de779db53c7ac142311f51e3f145ad6245980975423206aad9b76afcc2,,01/26/2021 09:00:00 AM,5,NO CONTROLS,NO CONTROLS,SNOW,DAYLIGHT,PARKED MOTOR VEHICLE,PARKING LOT,,STRAIGHT AND LEVEL,SNOW OR SLUSH,UNKNOWN,ON SCENE,NO INJURY / DRIVE AWAY,,Y,Y,"OVER $1,500",01/26/2021 09:18:00 AM,UNABLE TO DETERMINE,NOT APPLICABLE,13323,S,BALTIMORE AVE,433,,,,,,,2,NO INDICATION OF INJURY,0,0,0,0,0,0,1,9,3,1,41.6529640729,-87.547005934,POINT (-87.547005934035 41.652964072916)
64d3a51ea49dd38a6b70043664db5dcc9d85a4f086e6ac40923ab4aa229c99185498608c4fce3eefeb73234668e5c2f37ec28ca439d21c7dd5d178d32ca8c43d,,01/23/2021 04:47:00 PM,30,NO CONTROLS,NO CONTROLS,CLEAR,"DARKNESS, LIGHTED ROAD",REAR END,DIVIDED - W/MEDIAN (NOT RAISED),,STRAIGHT AND LEVEL,DRY,NO DEFECTS,ON SCENE,NO INJURY / DRIVE AWAY,,,,"OVER $1,500",01/23/2021 05:00:00 PM,FOLLOWING TOO CLOSELY,UNABLE TO DETERMINE,4699,N,WESTERN AVE,1911,,,,,,,2,NO INDICATION OF INJURY,0,0,0,0,0,0,3,16,7,1,41.9667098474,-87.6886997045,POINT (-87.688699704492 41.966709847431)
f060fbbe8de8b442d9ab5e80dc7bf0873b223e0d4af1bf6990ef9257c5f8de5bd6bdf8f50063506b7004f7c45621eafc04db4e252fb6a678c2d1af8fc14a7b0b,N,01/23/2021 10:30:00 AM,25,NO CONTROLS,OTHER,OTHER,UNKNOWN,PARKED MOTOR VEHICLE,PARKING LOT,,STRAIGHT AND LEVEL,OTHER,NO DEFECTS,ON SCENE,NO INJURY / DRIVE AWAY,,Y,,"OVER $1,500",01/23/2021 10:45:00 AM,DISTRACTION - FROM INSIDE VEHICLE,UNABLE TO DETERMINE,456,E,ILLINOIS ST,1834,,,,,,,2,NO INDICATION OF INJURY,0,0,0,0,0,0,1,10,7,1,41.8912006674,-87.6155197782,POINT (-87.615519778228 41.89120066739)
94344ac9a9b6e24fdea8c20a5c184ab5f33b7d8af8b0744b858d38b4efb0dfe097708c679082835f90ad913f5a1ab700a92bc7db8818d2e15049f367209959fe,,01/20/2021 03:58:00 AM,25,NO CONTROLS,NO CONTROLS,CLOUDY/OVERCAST,"DARKNESS, LIGHTED ROAD",FIXED OBJECT,DIVIDED - W/MEDIAN BARRIER,,"CURVE, LEVEL",WET,NO DEFECTS,ON SCENE,NO INJURY / DRIVE AWAY,,,,"OVER $1,500",01/20/2021 03:59:00 AM,"OPERATING VEHICLE IN ERRATIC, RECKLESS, CARELESS, NEGLIGENT OR AGGRESSIVE MANNER","OPERATING VEHICLE IN ERRATIC, RECKLESS, CARELESS, NEGLIGENT OR AGGRESSIVE MANNER",1000,N,LAKE SHORE DR SB,1824,,,,,,,1,NO INDICATION OF INJURY,0,0,0,0,0,0,1,3,4,1,41.9009589191,-87.6199281737,POINT (-87.619928173678 41.900958919109)