CRASH_RECORD_ID,CRASH_DATE_EST_I,CRASH_DATE,POSTED_SPEED_LIMIT,TRAFFIC_CONTROL_DEVICE,DEVICE_CONDITION,WEATHER_CONDITION,LIGHTING_CONDITION,FIRST_CRASH_TYPE,TRAFFICWAY_TYPE,LANE_CNT,ALIGNMENT,ROADWAY_SURFACE_COND,ROAD_DEFECT,REPORT_TYPE,CRASH_TYPE,INTERSECTION_RELATED_I,NOT_RIGHT_OF_WAY_I,HIT_AND_RUN_I,DAMAGE,DATE_POLICE_NOTIFIED,PRIM_CONTRIBUTORY_CAUSE,SEC_CONTRIBUTORY_CAUSE,STREET_NO,STREET_DIRECTION,STREET_NAME,BEAT_OF_OCCURRENCE,PHOTOS_TAKEN_I,STATEMENTS_TAKEN_I,DOORING_I,WORK_ZONE_I,WORK_ZONE_TYPE,WORKERS_PRESENT_I,NUM_UNITS,MOST_SEVERE_INJURY,INJURIES_TOTAL,INJURIES_FATAL,INJURIES_INCAPACITATING,INJURIES_NON_INCAPACITATING,INJURIES_REPORTED_NOT_EVIDENT,INJURIES_UNKNOWN,INJURIES_NO_INDICATION,CRASH_HOUR,CRASH_DAY_OF_WEEK,CRASH_MONTH,LATITUDE,LONGITUDE,LOCATION
b700b8e3439a901d95bde5c4031add1c81782d2373486d30357f0315c8f5ffa51e73a2074282cfa6e70e9e606f09ef2e2dfc804ff63e0a9e0056429b2db54f03,,01/17/2021 06:15:00 PM,25,NO CONTROLS,NO CONTROLS,CLEAR,DARKNESS,PARKED MOTOR VEHICLE,ONE-WAY,,STRAIGHT AND LEVEL,WET,NO DEFECTS,NOT ON SCENE (DESK REPORT),NO INJURY / DRIVE AWAY,,,,$500 OR LESS,01/17/2021 06:30:00 PM,DISTRACTION - FROM OUTSIDE VEHICLE,UNABLE TO DETERMINE,2930,N,LAWNDALE AVE,2523,,,,,,,2,NO INDICATION OF INJURY,0,0,0,0,0,0,1,18,1,1,41.9350788466,-87.7214359825,POINT (-87.721435982459 41.935078846589)
505c527e4c748aa176b549bbf871287823e42c9dfb35e7a4d4f4f5164227b47024a4ea376fb5f0915f4d0228203ae5a99b700bba56145f18cb2b094c65f0b114,,01/14/2021 10:30:00 AM,30,NO CONTROLS,NO CONTROLS,CLEAR,DAYLIGHT,PARKED MOTOR VEHICLE,DIVIDED - W/MEDIAN (NOT RAISED),,"CURVE, LEVEL",DRY,NO DEFECTS,ON SCENE,NO INJURY / DRIVE AWAY,,,,"$501 - $1,500",01/14/2021 10:55:00 AM,IMPROPER OVERTAKING/PASSING,UNABLE TO DETERMINE,5330,W,IRVING PARK RD,1624,,,,,,,2,NO INDICATION OF INJURY,0,0,0,0,0,0,1,10,5,1,41.9533657992,-87.760883222,POINT (-87.760883222043 41.953365799223)
aaa00cd03166c31aa42377268b421f8c20bedafcdcb224360e56cb91609fe98746cede9ceb934996f371b0a2f5e055a59a73b7fb6952b700d8ac209ccbf6485f,,01/12/2021 10:30:00 AM,30,NO CONTROLS,NO CONTROLS,CLEAR,DAYLIGHT,REAR END,NOT DIVIDED,,STRAIGHT AND LEVEL,DRY,SHOULDER DEFECT,NOT ON SCENE (DESK REPORT),NO INJURY / DRIVE AWAY,N,,,"OVER $1,500",01/12/2021 10:50:00 AM,IMPROPER BACKING,UNABLE TO DETERMINE,210,N,KEDZIE AVE,1123,,,,,,,2,NO INDICATION OF INJURY,0,0,0,0,0,0,2,10,3,1,41.884737819,-87.7063775193,POINT (-87.706377519344 41.884737818986)
3af6d4e4cf86c90ab09123fe9eeb3278d909f1c9923dd7dfee036ba4e5f87bbe82b8f058b4245cf5f2786dc8785c49b6b700a2821a98e9c9a990896ec369d515,,01/11/2021 05:35:00 PM,30,TRAFFIC SIGNAL,FUNCTIONING PROPERLY,CLEAR,"DARKNESS, LIGHTED ROAD",ANGLE,NOT DIVIDED,,STRAIGHT AND LEVEL,DRY,NO DEFECTS,NOT ON SCENE (DESK REPORT),NO INJURY / DRIVE AWAY,,,,"OVER $1,500",01/11/2021 06:30:00 PM,FAILING TO YIELD RIGHT-OF-WAY,NOT APPLICABLE,4700,S,CICERO AVE,814,,,,,,,2,NO INDICATION OF INJURY,0,0,0,0,0,0,2,17,2,1,41.8075303729,-87.7432968212,POINT (-87.743296821242 41.807530372894)
130845d7eb689203185e5ad3da2c59660a6f06d0c135aed74d8328eb700b7aa1517d4887c28ddb53321f844195b406aa3cda684b54fae1b10e4116a969a34109,,01/08/2021 07:02:00 PM,30,NO CONTROLS,NO CONTROLS,CLEAR,"DARKNESS, LIGHTED ROAD",FIXED OBJECT,NOT DIVIDED,,STRAIGHT AND LEVEL,DRY,NO DEFECTS,ON SCENE,INJURY AND / OR TOW DUE TO CRASH,,,,"OVER $1,500",01/08/2021 07:02:00 PM,FAILING TO REDUCE SPEED TO AVOID CRASH,"OPERATING VEHICLE IN ERRATIC, RECKLESS, CARELESS, NEGLIGENT OR AGGRESSIVE MANNER",1098,E,78TH ST,624,,,,,,,1,NO INDICATION OF INJURY,0,0,0,0,0,0,1,19,6,1,41.7532954182,-87.5980225985,POINT (-87.598022598456 41.753295418201)
2f7ad91e4639abed14fef61e14a00b888bfb7007179a76d232f9da6f4786523a12e5e50236ea560e480484c40fa6c859fba122095d28aed155def4569d755716,,01/07/2021 05:45:00 PM,30,NO CONTROLS,NO CONTROLS,CLEAR,"DARKNESS, LIGHTED ROAD",REAR TO SIDE,PARKING LOT,,STRAIGHT AND LEVEL,UNKNOWN,UNKNOWN,NOT ON SCENE (DESK REPORT),NO INJURY / DRIVE AWAY,,,,"$501 - $1,500",01/07/2021 08:27:00 PM,UNABLE TO DETERMINE,UNABLE TO DETERMINE,1250,W,119TH ST,524,,,,,,,2,NO INDICATION OF INJURY,0,0,0,0,0,0,2,17,5,1,41.6777603931,-87.6536621376,POINT (-87.653662137557 41.677760393095)
c6aec47b2f486c3f45222ccea597e39bd1c1b700cf8660a8d9600253f5d28f9bddb71518b8878e4261d1ed5687b08a62108ed7bdc5d258a93a937b1a700f44e3,,01/06/2021 05:25:00 PM,30,NO CONTROLS,NO CONTROLS,CLEAR,"DARKNESS, LIGHTED ROAD",TURNING,FOUR WAY,,STRAIGHT AND LEVEL,DRY,NO DEFECTS,ON SCENE,NO INJURY / DRIVE AWAY,Y,,,"OVER $1,500",01/06/2021 05:30:00 PM,UNABLE TO DETERMINE,UNABLE TO DETERMINE,1701,N,HARLEM AVE,2513,,,,,,,2,NO INDICATION OF INJURY,0,0,0,0,0,0,2,17,4,1,41.9108003188,-87.8056827151,POINT (-87.805682715111 41.91080031883)
22bb1d3cccdcc2d1344a4aea1391db70fb2508ecfce8320d70d1e8ec10e491fd69aa035b6315bddcb700f0b50fac12798ef0b55f8b76e067bc26681f5d3a89ca,,01/01/2021 09:00:00 PM,25,TRAFFIC SIGNAL,FUNCTIONING PROPERLY,SNOW,DARKNESS,REAR END,ONE-WAY,,STRAIGHT AND LEVEL,SNOW OR SLUSH,NO DEFECTS,ON SCENE,INJURY AND / OR TOW DUE TO CRASH,Y,,,"OVER $1,500",01/01/2021 09:30:00 PM,WEATHER,NOT APPLICABLE,173,N,BESSIE COLEMAN DR,1654,,,,,,,3,"REPORTED, NOT EVIDENT",1,0,0,0,1,0,2,21,6,1,,,
3d5e66f3aed098f5937c936da50bddd771c6b58df60b196d25c19d909eb24c0261a701dae45d009d603c21f666a18076594354a365d8b7004b7c27f4002254ea,,12/31/2020 08:00:00 PM,30,TRAFFIC SIGNAL,FUNCTIONING PROPERLY,CLEAR,DARKNESS,TURNING,FOUR WAY,,STRAIGHT AND LEVEL,DRY,NO DEFECTS,ON SCENE,INJURY AND / OR TOW DUE TO CRASH,Y,,,"OVER $1,500",12/31/2020 08:05:00 PM,FAILING TO YIELD RIGHT-OF-WAY,FAILING TO YIELD RIGHT-OF-WAY,1601,E,95TH ST,431,,,,,,,2,NO INDICATION OF INJURY,0,0,0,0,0,0,2,20,5,12,41.7222299254,-87.5850015494,POINT (-87.58500154936 41.722229925379)
58b3008e9958ec4bc2cb6f9bafb4196bdcbf6210a43a2be1ac39b99f75083ed882b7004e7148e7452de327e33ab91bcbf46bc5b42c35a739bf75715452dc1668,,12/31/2020 12:10:00 AM,30,TRAFFIC SIGNAL,FUNCTIONING PROPERLY,UNKNOWN,"DARKNESS, LIGHTED ROAD",SIDESWIPE SAME DIRECTION,DIVIDED - W/MEDIAN (NOT RAISED),,STRAIGHT AND LEVEL,UNKNOWN,NO DEFECTS,NOT ON SCENE (DESK REPORT),NO INJURY / DRIVE AWAY,,,,"$501 - $1,500",01/02/2021 10:15:00 PM,IMPROPER LANE USAGE,NOT APPLICABLE,5100,S,PULASKI RD,815,,,,,,,2,NO INDICATION OF INJURY,0,0,0,0,0,0,2,0,5,12,41.8005277021,-87.7235192748,POINT (-87.723519274799 41.80052770213)
9b1f1b30dd1fa59207931335580967bbffcc83f50f7db012eb9166ef1a83a08c0b700916d149b5f494146f0a41cb3501e8bc88a78fb976a6bfe211fb046a384e,,12/26/2020 04:33:00 PM,30,TRAFFIC SIGNAL,FUNCTIONING PROPERLY,CLEAR,"DARKNESS, LIGHTED ROAD",TURNING,FOUR WAY,,STRAIGHT AND LEVEL,DRY,NO DEFECTS,ON SCENE,INJURY AND / OR TOW DUE TO CRASH,Y,,,"OVER $1,500",12/26/2020 04:33:00 PM,FAILING TO YIELD RIGHT-OF-WAY,NOT APPLICABLE,2400,W,FULLERTON AVE,1431,,,,,,,2,NO INDICATION OF INJURY,0,0,0,0,0,0,3,16,7,12,41.9250099348,-87.6877047522,POINT (-87.687704752222 41.925009934765)
987ce1b34e971251de0de2c0b19a26213af3d00cf97dd9f2af8e1d32919d51490664588a6038fe1586aaf78570c0b730e55b419b9018fd0b27076b700cb282b8,,12/26/2020 02:40:00 PM,30,NO CONTROLS,NO CONTROLS,CLEAR,DAYLIGHT,REAR TO SIDE,NOT DIVIDED,,STRAIGHT AND LEVEL,DRY,NO DEFECTS,NOT ON SCENE (DESK REPORT),NO INJURY / DRIVE AWAY,,,Y,"OVER $1,500",12/26/2020 03:25:00 PM,IMPROPER BACKING,UNABLE TO DETERMINE,2042,S,HALSTED ST,1235,,,,,,,2,NO INDICATION OF INJURY,0,0,0,0,0,0,2,14,7,12,41.8540732303,-87.6466804711,POINT (-87.646680471086 41.854073230251)
caf489c434a75a1e229eb9541929f5f73d0e59e20ceb26af09d0364b5922b0ad402e2c6e9400af0b82446b8fe7f78aac02fb3b7000155583bb24374bd91592a8,,12/24/2020 09:30:00 AM,35,NO CONTROLS,NO CONTROLS,SNOW,DAYLIGHT,PARKED MOTOR VEHICLE,NOT DIVIDED,,STRAIGHT AND LEVEL,ICE,NO DEFECTS,ON SCENE,INJURY AND / OR TOW DUE TO CRASH,,,,"OVER $1,500",12/24/2020 09:30:00 AM,FAILING TO YIELD RIGHT-OF-WAY,NOT APPLICABLE,10533,S,EWING AVE,432,,,,,,,2,NO INDICATION OF INJURY,0,0,0,0,0,0,1,9,5,12,41.7035637277,-87.5351389482,POINT (-87.535138948232 41.703563727713)
122fd17ca91fab700d26c02c852a097cad137acd1f648da35c1b38cb773bfc464dffc04610fb949c16736b7b34d625231660f0157c430b58840c819c9612bb17,,12/21/2020 05:33:00 PM,40,NO CONTROLS,UNKNOWN,RAIN,"DARKNESS, LIGHTED ROAD",FIXED OBJECT,OTHER,,STRAIGHT AND LEVEL,WET,NO DEFECTS,ON SCENE,INJURY AND / OR TOW DUE TO CRASH,,,Y,"OVER $1,500",12/21/2020 05:33:00 PM,UNABLE TO DETERMINE,NOT APPLICABLE,120,N,LAKE SHORE DR SB,114,N,,,,,,1,NO INDICATION OF INJURY,0,0,0,0,0,0,1,17,2,12,41.8836417787,-87.6154411822,POINT (-87.615441182232 41.883641778749)
ebc7664de3e93190550a6c9c26206b244a830c61d8a85e43cab1ed88f35245fda6a13eecdd64150f71819b700d620f271291234c204075b8211188bf3da21792,Y,12/20/2020 03:07:00 PM,30,NO CONTROLS,NO CONTROLS,CLEAR,DAYLIGHT,PARKED MOTOR VEHICLE,ONE-WAY,,STRAIGHT AND LEVEL,DRY,NO DEFECTS,NOT ON SCENE (DESK REPORT),NO INJURY / DRIVE AWAY,,,Y,"OVER $1,500",12/21/2020 12:30:00 PM,UNABLE TO DETERMINE,NOT APPLICABLE,1345,W,ARTHUR AVE,2432,,,,,,,2,NO INDICATION OF INJURY,0,0,0,0,0,0,1,15,1,12,42.0002822839,-87.6649280713,POINT (-87.664928071333 42.000282283851)
da0e1e69b115705bebd94bc65c0287c441044a569373267e2667847addc044818f37960c31d82d4daaabe441831601b7b7002e104999f39423b5b0c9b9118d43,,12/16/2020 09:10:00 PM,30,NO CONTROLS,NO CONTROLS,CLEAR,"DARKNESS, LIGHTED ROAD",PARKED MOTOR VEHICLE,NOT DIVIDED,,STRAIGHT AND LEVEL,DRY,NO DEFECTS,ON SCENE,INJURY AND / OR TOW DUE TO CRASH,,,,"OVER $1,500",12/16/2020 09:15:00 PM,DRIVING SKILLS/KNOWLEDGE/EXPERIENCE,UNABLE TO DETERMINE,707,W,116TH ST,524,,,,,,,2,NO INDICATION OF INJURY,0,0,0,0,0,0,2,21,4,12,41.6839138403,-87.6400776177,POINT (-87.64007761772 41.683913840285)
bbab7d130f1ca13d6fbd88fd5dfd29646608fd83e17b1e5cbb8cd0837085aa205b700f8fd4feafc7c6bc9b099792ed0b4045fd90b1641938a7d4cb4de0cfc089,,12/13/2020 11:04:00 AM,10,NO CONTROLS,NO CONTROLS,CLEAR,DAYLIGHT,FIXED OBJECT,ALLEY,,STRAIGHT AND LEVEL,DRY,NO DEFECTS,ON SCENE,NO INJURY / DRIVE AWAY,,,,"$501 - $1,500",12/13/2020 11:04:00 AM,NOT APPLICABLE,NOT APPLICABLE,7047,S,PEORIA ST,733,,,,,,,1,NO INDICATION OF INJURY,0,0,0,0,0,0,1,11,1,12,41.7655970055,-87.6467091435,POINT (-87.646709143516 41.765597005473)
bc84a5175e647557bf0c47c3b743bf1d2055bfbab700d8476e1de69992780c7f2732ff5d063085ecad7ddfd14329b77a899355750af6fa7ec5c89e6abdb98f00,,12/10/2020 02:46:00 PM,30,STOP SIGN/FLASHER,FUNCTIONING PROPERLY,CLEAR,DAYLIGHT,ANGLE,FOUR WAY,,STRAIGHT AND LEVEL,DRY,NO DEFECTS,ON SCENE,INJURY AND / OR TOW DUE TO CRASH,Y,,,"OVER $1,500",12/10/2020 02:49:00 PM,FAILING TO YIELD RIGHT-OF-WAY,NOT APPLICABLE,2100,S,WABASH AVE,131,,,,,,,2,NO INDICATION OF INJURY,0,0,0,0,0,0,2,14,5,12,41.854190765,-87.6256751276,POINT (-87.625675127571 41.854190765016)
8e05fae32f25889277650a42ca6e9ed0e78cd002b70029e4c851d2229ad0b29cad778d34b27774b54faaa331b2d909c6afc7377e56b1915d2f807eba5b83ec77,,12/06/2020 05:05:00 PM,30,NO CONTROLS,NO CONTROLS,CLEAR,"DARKNESS, LIGHTED ROAD",SIDESWIPE SAME DIRECTION,NOT DIVIDED,,STRAIGHT AND LEVEL,DRY,UNKNOWN,ON SCENE,INJURY AND / OR TOW DUE TO CRASH,Y,,Y,"OVER $1,500",12/06/2020 05:15:00 PM,UNDER THE INFLUENCE OF ALCOHOL/DRUGS (USE WHEN ARREST IS EFFECTED),NOT APPLICABLE,4958,S,ASHLAND AVE,931,,,,,,,2,NO INDICATION OF INJURY,0,0,0,0,0,0,2,17,1,12,41.8032186639,-87.6649737981,POINT (-87.664973798142 41.803218663925)
076dd02915048419accde068917c9012b741fe31e8efd31f3f4ec7ebf007b70066113ac73ced50e64f974fd82e7faf7af5cfc3c74e3207986557a45ea76cbf4d,,12/04/2020 05:10:00 PM,30,NO CONTROLS,NO CONTROLS,CLEAR,DAYLIGHT,REAR END,NOT DIVIDED,,STRAIGHT AND LEVEL,DRY,NO DEFECTS,NOT ON SCENE (DESK REPORT),NO INJURY / DRIVE AWAY,,,,"OVER $1,500",12/06/2020 01:30:00 PM,FOLLOWING TOO CLOSELY,NOT APPLICABLE,4500,W,IRVING PARK RD,1722,,,,,,,2,NO INDICATION OF INJURY,0,0,0,0,0,0,2,17,6,12,41.9536103852,-87.7405560299,POINT (-87.740556029934 41.953610385237)
84fffa9d5248d4f66ec8d019bbf321217b8622ba7d5f695a900143b73d5464685ba3b7007ac71ee41e246a46d20b481eaaf4d11ad29856060682081cad0e4c62,Y,12/04/2020 01:00:00 PM,30,STOP SIGN/FLASHER,FUNCTIONING PROPERLY,CLEAR,DAYLIGHT,ANGLE,FOUR WAY,,STRAIGHT AND LEVEL,DRY,NO DEFECTS,ON SCENE,INJURY AND / OR TOW DUE TO CRASH,Y,,,"OVER $1,500",12/04/2020 01:05:00 PM,FAILING TO YIELD RIGHT-OF-WAY,DRIVING SKILLS/KNOWLEDGE/EXPERIENCE,4001,W,VAN BUREN ST,1132,,,,,,,2,NONINCAPACITATING INJURY,1,0,0,1,0,0,2,13,6,12,41.8751571652,-87.7256050377,POINT (-87.725605037664 41.87515716517)
4a3d3a45beaea1068db1f97021d1181429afc4d4bf97509c0f889df5704d82a7b0433132b528d7f326d0f6854cd2fc310d98268594f245b700206ae378f230e6,Y,12/01/2020 07:00:00 PM,30,NO CONTROLS,NO CONTROLS,CLEAR,"DARKNESS, LIGHTED ROAD",TURNING,NOT DIVIDED,,STRAIGHT AND LEVEL,DRY,NO DEFECTS,ON SCENE,NO INJURY / DRIVE AWAY,,,Y,"OVER $1,500",12/01/2020 07:15:00 PM,FAILING TO REDUCE SPEED TO AVOID CRASH,UNABLE TO DETERMINE,1241,E,47TH ST,222,,,,,,,2,NO INDICATION OF INJURY,0,0,0,0,0,0,2,19,3,12,41.8095507008,-87.5951763991,POINT (-87.595176399068 41.8095507008)
ebbed3c269e5f2752cd715a53841895e0fbf186abc91e26cff0fd217d745987e1402992f09cf97f63a92568a6e37ca911ac30b53097c07e117f0aeb700674217,,12/01/2020 06:00:00 PM,30,UNKNOWN,UNKNOWN,UNKNOWN,DAYLIGHT,FIXED OBJECT,NOT DIVIDED,,STRAIGHT AND LEVEL,UNKNOWN,UNKNOWN,NOT ON SCENE (DESK REPORT),NO INJURY / DRIVE AWAY,,,Y,"OVER $1,500",12/04/2020 06:00:00 PM,UNABLE TO DETERMINE,NOT APPLICABLE,3735,N,CLARK ST,1923,,,,,,,1,NO INDICATION OF INJURY,0,0,0,0,0,0,1,18,3,12,41.949894521,-87.6585108369,POINT (-87.658510836903 41.94989452099)
bdb34ce5c765466b62121db58811f70e22130cfa932e8ece48f149ea1002263f7c70baab70040902179e0869ef206c34a17ac553d450cdb80d2b10f8a88bfe81,,11/30/2020 04:51:00 PM,25,TRAFFIC SIGNAL,FUNCTIONING PROPERLY,CLEAR,DARKNESS,TURNING,FOUR WAY,,STRAIGHT AND LEVEL,DRY,NO DEFECTS,NOT ON SCENE (DESK REPORT),NO INJURY / DRIVE AWAY,,,,"OVER $1,500",11/30/2020 06:20:00 PM,FAILING TO YIELD RIGHT-OF-WAY,UNABLE TO DETERMINE,3959,W,ROOSEVELT RD,1011,,,,,,,2,NO INDICATION OF INJURY,0,0,0,0,0,0,3,16,2,11,41.8660632607,-87.7251065165,POINT (-87.725106516484 41.866063260699)
ce28811480bbe23bb6eea15aac9323d8dd49fdca142f9bbdf596f94605034615dd4647b52f4080ad6fec2b700795ea0d675225bfdd1df1916b7120df37ab8f5c,,11/23/2020 08:12:00 PM,30,STOP SIGN/FLASHER,FUNCTIONING PROPERLY,CLEAR,"DARKNESS, LIGHTED ROAD",PARKED MOTOR VEHICLE,DIVIDED - W/MEDIAN (NOT RAISED),,STRAIGHT AND LEVEL,DRY,NO DEFECTS,ON SCENE,INJURY AND / OR TOW DUE TO CRASH,,,,"OVER $1,500",11/23/2020 08:54:00 PM,UNABLE TO DETERMINE,NOT APPLICABLE,1300,W,99TH ST,2213,,,,,,,2,NO INDICATION OF INJURY,0,0,0,0,0,0,1,20,2,11,41.714168099,-87.6552911603,POINT (-87.655291160284 41.71416809897)
0309553f68880769ed8c4bac33dc89b10d2286bcfb5df50cc51a073cacb700d82ccb878e38ddd45572efd2b4bb53fd78b4ad980dac9bbac477b2702940a8e414,,11/21/2020 09:30:00 PM,10,NO CONTROLS,NO CONTROLS,CLEAR,"DARKNESS, LIGHTED ROAD",PARKED MOTOR VEHICLE,PARKING LOT,,STRAIGHT AND LEVEL,DRY,NO DEFECTS,NOT ON SCENE (DESK REPORT),NO INJURY / DRIVE AWAY,,,Y,"OVER $1,500",11/22/2020 11:31:00 AM,UNABLE TO DETERMINE,UNABLE TO DETERMINE,2556,S,CALIFORNIA AVE,1033,,,,,,,2,NO INDICATION OF INJURY,0,0,0,0,0,0,1,21,7,11,41.8447339387,-87.6953630667,POINT (-87.695363066709 41.844733938666)
0514b38f360e6362a779927524112fa74f5b8ea67c8951b99d31bd34b00743338db70022067174a4b0876b502b11220c8724ece26d7309ac965083c3f15f99a4,,11/18/2020 11:00:00 AM,30,STOP SIGN/FLASHER,FUNCTIONING PROPERLY,CLEAR,DAYLIGHT,ANGLE,UNKNOWN INTERSECTION TYPE,,STRAIGHT AND LEVEL,DRY,NO DEFECTS,ON SCENE,INJURY AND / OR TOW DUE TO CRASH,Y,,,"OVER $1,500",11/18/2020 11:08:00 AM,FAILING TO YIELD RIGHT-OF-WAY,NOT APPLICABLE,2701,N,OAK PARK AVE,2512,,,,,,,2,NO INDICATION OF INJURY,0,0,0,0,0,0,2,11,4,11,41.9291551414,-87.7952661127,POINT (-87.795266112694 41.92915514137)
18366b8688a720907db95108b2356e0f4590db700dee557a830fd4bfaced788b778540c126d162172cf45cd67cca134aee3fa7925d22c320cbf9d6f9ddd4dff7,,11/16/2020 09:00:00 AM,30,TRAFFIC SIGNAL,FUNCTIONING PROPERLY,CLEAR,DAYLIGHT,TURNING,NOT DIVIDED,,STRAIGHT AND LEVEL,DRY,NO DEFECTS,ON SCENE,NO INJURY / DRIVE AWAY,Y,,,"OVER $1,500",11/16/2020 09:06:00 AM,FOLLOWING TOO CLOSELY,NOT APPLICABLE,134,W,CERMAK RD,914,,,,,,,2,NO INDICATION OF INJURY,0,0,0,0,0,0,2,9,2,11,41.8529784429,-87.6307849837,POINT (-87.630784983724 41.85297844292)
41404a4fe196da44f49bfd07207e862942f2033032144040dfcdc18b0adf2c2514b6cc4303ac088c2f4bffa0f14e5700d8d9a7650c4b700dae5c8d6010cdbd49,,11/13/2020 02:00:00 PM,30,STOP SIGN/FLASHER,FUNCTIONING PROPERLY,CLEAR,DAYLIGHT,ANGLE,T-INTERSECTION,,STRAIGHT AND LEVEL,DRY,NO DEFECTS,NOT ON SCENE (DESK REPORT),NO INJURY / DRIVE AWAY,Y,,,"OVER $1,500",11/13/2020 02:30:00 PM,UNABLE TO DETERMINE,NOT APPLICABLE,1500,W,112TH ST,2234,,,,,,,2,NO INDICATION OF INJURY,0,0,0,0,0,0,3,14,6,11,41.6904807607,-87.660278595,POINT (-87.660278595003 41.690480760669)
355ac024fdf3ffd35af0593f8b70030af2e5c5e4f751de0781e9892b1a12349cbc79c8209b2c34b7f58febfa97c09ebb147deb5f9cb4d0fe065d929375b71acf,,11/12/2020 05:00:00 PM,30,OTHER,OTHER,CLEAR,DUSK,PEDALCYCLIST,UNKNOWN,,STRAIGHT AND LEVEL,DRY,NO DEFECTS,NOT ON SCENE (DESK REPORT),NO INJURY / DRIVE AWAY,,,,"$501 - $1,500",11/13/2020 11:00:00 AM,UNABLE TO DETERMINE,NOT APPLICABLE,4177,N,CLARENDON AVE,1915,,,Y,,,,2,NO INDICATION OF INJURY,0,0,0,0,0,0,1,17,5,11,41.9578181035,-87.6496490931,POINT (-87.649649093086 41.957818103504)
4acc9e43243cbcf2d7b1b59a156f71efc59a2e301c15b347b7000e4667f58d0fae2c5dbc789e368fa78be4b3480521613620345f2985d8bb9ac7deffbd96008a,,11/04/2020 02:45:00 PM,30,TRAFFIC SIGNAL,FUNCTIONING PROPERLY,CLEAR,DAYLIGHT,PEDESTRIAN,FOUR WAY,,STRAIGHT AND LEVEL,DRY,NO DEFECTS,NOT ON SCENE (DESK REPORT),INJURY AND / OR TOW DUE TO CRASH,Y,,,$500 OR LESS,11/04/2020 05:25:00 PM,FAILING TO YIELD RIGHT-OF-WAY,NOT APPLICABLE,300,W,OHIO ST,1831,,,,,,,2,"REPORTED, NOT EVIDENT",1,0,0,0,1,0,1,14,4,11,41.8924773219,-87.6356711601,POINT (-87.635671160097 41.892477321905)
bd85ab37132c9038640b7006ef02ab6277b37e88cd36cd39f84393826d87e8168bf61d064434392e6a77dcdc75d9fb4100f8490fc4b798bb9b71637fc20422f0,,11/04/2020 08:36:00 AM,30,NO CONTROLS,NO CONTROLS,CLEAR,DAYLIGHT,SIDESWIPE SAME DIRECTION,NOT DIVIDED,,STRAIGHT AND LEVEL,DRY,NO DEFECTS,ON SCENE,NO INJURY / DRIVE AWAY,,,Y,"OVER $1,500",11/04/2020 08:40:00 AM,FAILING TO YIELD RIGHT-OF-WAY,NOT APPLICABLE,3541,S,WESTERN BLVD,912,,,,,,,2,NO INDICATION OF INJURY,0,0,0,0,0,0,2,8,4,11,41.8291159387,-87.6842759405,POINT (-87.684275940521 41.829115938712)
5dd4489d9ee9444996c11b2a2d5de29f231957f9df90ab7008e1956ce7ca8b54ea7f573c6b2d4d0d383c8e8f64ebe6e136505add93f03d21260a704ed8924a4c,,10/31/2020 03:58:00 PM,25,NO CONTROLS,NO CONTROLS,CLEAR,DAYLIGHT,PARKED MOTOR VEHICLE,NOT DIVIDED,,STRAIGHT AND LEVEL,DRY,NO DEFECTS,ON SCENE,NO INJURY / DRIVE AWAY,,,,"OVER $1,500",10/31/2020 04:00:00 PM,FAILING TO REDUCE SPEED TO AVOID CRASH,NOT APPLICABLE,2141,W,WABANSIA AVE,1434,,,,,,,2,NO INDICATION OF INJURY,0,0,0,0,0,0,3,15,7,10,41.9125567811,-87.6816564571,POINT (-87.681656457106 41.912556781118)
e6b7009ac492a7fb5c78c2a6085e5097484d756c26af0393f41dfd06bd080271050a93531e047b7cb444f7a2f31a11037c6474c89a17c3a5946c6675f9db9939,,10/26/2020 05:15:00 PM,10,NO CONTROLS,NO CONTROLS,CLEAR,DUSK,PARKED MOTOR VEHICLE,PARKING LOT,,STRAIGHT AND LEVEL,DRY,NO DEFECTS,NOT ON SCENE (DESK REPORT),NO INJURY / DRIVE AWAY,,,Y,"OVER $1,500",10/26/2020 05:15:00 PM,UNABLE TO DETERMINE,UNABLE TO DETERMINE,5150,W,CHICAGO AVE,1531,,,,,,,2,NO INDICATION OF INJURY,0,0,0,0,0,0,1,17,2,10,41.8950537308,-87.7552252908,POINT (-87.755225290757 41.895053730813)
07c08ed7f1285aef806f209f906b16755bd1ff4cd5f7b373106159795f91e5d899612b98c7e268b5f8c2c14f66d33fba708aafaa6b726a9db700969b01bcef0b,,10/26/2020 12:18:00 PM,30,TRAFFIC SIGNAL,FUNCTIONING PROPERLY,CLEAR,DAYLIGHT,REAR END,NOT DIVIDED,,STRAIGHT AND LEVEL,DRY,NO DEFECTS,NOT ON SCENE (DESK REPORT),NO INJURY / DRIVE AWAY,,,,"OVER $1,500",10/26/2020 01:20:00 PM,FAILING TO YIELD RIGHT-OF-WAY,NOT APPLICABLE,1201,N,CICERO AVE,2533,,,,,,,2,NO INDICATION OF INJURY,0,0,0,0,0,0,2,12,2,10,41.9023993096,-87.7458322849,POINT (-87.745832284856 41.902399309555)