CRASH_RECORD_ID,CRASH_DATE_EST_I,CRASH_DATE,POSTED_SPEED_LIMIT,TRAFFIC_CONTROL_DEVICE,DEVICE_CONDITION,WEATHER_CONDITION,LIGHTING_CONDITION,FIRST_CRASH_TYPE,TRAFFICWAY_TYPE,LANE_CNT,ALIGNMENT,ROADWAY_SURFACE_COND,ROAD_DEFECT,REPORT_TYPE,CRASH_TYPE,INTERSECTION_RELATED_I,NOT_RIGHT_OF_WAY_I,HIT_AND_RUN_I,DAMAGE,DATE_POLICE_NOTIFIED,PRIM_CONTRIBUTORY_CAUSE,SEC_CONTRIBUTORY_CAUSE,STREET_NO,STREET_DIRECTION,STREET_NAME,BEAT_OF_OCCURRENCE,PHOTOS_TAKEN_I,STATEMENTS_TAKEN_I,DOORING_I,WORK_ZONE_I,WORK_ZONE_TYPE,WORKERS_PRESENT_I,NUM_UNITS,MOST_SEVERE_INJURY,INJURIES_TOTAL,INJURIES_FATAL,INJURIES_INCAPACITATING,INJURIES_NON_INCAPACITATING,INJURIES_REPORTED_NOT_EVIDENT,INJURIES_UNKNOWN,INJURIES_NO_INDICATION,CRASH_HOUR,CRASH_DAY_OF_WEEK,CRASH_MONTH,LATITUDE,LONGITUDE,LOCATION
464f730e4c809d828bdf439deb716c747d9ec3ef0f3b46d27b4e72d61de68b700c12b15383ffedd0c5a0f4d32b40301446af4b65326fdc590b5f9cca6eb55546,,10/24/2020 02:50:00 PM,30,TRAFFIC SIGNAL,FUNCTIONING PROPERLY,CLEAR,DAYLIGHT,REAR END,NOT DIVIDED,,STRAIGHT AND LEVEL,DRY,NO DEFECTS,NOT ON SCENE (DESK REPORT),NO INJURY / DRIVE AWAY,Y,,,"OVER $1,500",10/24/2020 06:36:00 PM,FAILING TO REDUCE SPEED TO AVOID CRASH,FAILING TO REDUCE SPEED TO AVOID CRASH,145,E,71ST ST,323,,,,,,,2,NO INDICATION OF INJURY,0,0,0,0,0,0,2,14,7,10,41.7655011231,-87.6201736876,POINT (-87.62017368759 41.765501123079)
604bcf9f4077c4ebcaddf9c4d085fccbbe2e1e1b90c4ddf4f13315a40c702fe55daf0981ec73decb700cf57fadc755a0870cce43c9f05db9b4fa5f5d3c14e77d,,10/24/2020 02:20:00 PM,10,NO CONTROLS,NO CONTROLS,CLEAR,DAYLIGHT,REAR END,PARKING LOT,,STRAIGHT AND LEVEL,DRY,NO DEFECTS,NOT ON SCENE (DESK REPORT),NO INJURY / DRIVE AWAY,,,,"OVER $1,500",10/24/2020 05:19:00 PM,UNABLE TO DETERMINE,UNABLE TO DETERMINE,1543,E,87TH ST,412,,,,,,,2,NO INDICATION OF INJURY,0,0,0,0,0,0,2,14,7,10,41.7367954576,-87.5862725091,POINT (-87.586272509131 41.736795457643)
50fedcebb7805947f3fe67c4706d97f5baca150c32239a7dc1ff62dfaac6328cc7e4574c2b7cbab1ada6b84268551b8bb069b847c4316b70043d96b9f1a1d4eb,,10/23/2020 08:45:00 PM,35,NO CONTROLS,NO CONTROLS,CLEAR,DUSK,REAR END,NOT DIVIDED,,STRAIGHT AND LEVEL,DRY,NO DEFECTS,NOT ON SCENE (DESK REPORT),NO INJURY / DRIVE AWAY,,,,"$501 - $1,500",10/23/2020 08:45:00 PM,UNABLE TO DETERMINE,NOT APPLICABLE,7198,N,LEHIGH AVE,1621,,,,,,,2,NO INDICATION OF INJURY,0,0,0,0,0,0,3,20,6,10,42.0118307214,-87.7734452077,POINT (-87.77344520767 42.011830721423)
53b50ca1cd71b70026b70c53a9aba2bfa39b959d9186ea392755ae5b60388144c074e346903066e50c8b65d3633b917f60dfbe87cfacd1009706e9f56d072180,,10/22/2020 03:09:00 PM,30,NO CONTROLS,NO CONTROLS,CLEAR,DAYLIGHT,REAR END,DIVIDED - W/MEDIAN (NOT RAISED),,STRAIGHT AND LEVEL,DRY,NO DEFECTS,ON SCENE,INJURY AND / OR TOW DUE TO CRASH,,,,"$501 - $1,500",10/22/2020 03:09:00 PM,FAILING TO REDUCE SPEED TO AVOID CRASH,NOT APPLICABLE,1131,S,SACRAMENTO BLVD,1135,,,,,,,2,NO INDICATION OF INJURY,0,0,0,0,0,0,2,15,5,10,41.8673111249,-87.7006647966,POINT (-87.700664796582 41.867311124898)
2ad0e1e4e956f305373c0b0b1cecc4f82f395457e04d507f95d8b700af62c5556a6a9c55055bd4967f5bcc2247019bc3e100d33d1eecd79cbd2b823f9bab9175,,10/21/2020 03:40:00 PM,30,NO CONTROLS,NO CONTROLS,CLEAR,DAYLIGHT,TURNING,NOT DIVIDED,,STRAIGHT AND LEVEL,DRY,NO DEFECTS,NOT ON SCENE (DESK REPORT),NO INJURY / DRIVE AWAY,,,Y,"$501 - $1,500",10/21/2020 03:50:00 PM,UNABLE TO DETERMINE,NOT APPLICABLE,825,N,MICHIGAN AVE,1833,,,,,,,2,NO INDICATION OF INJURY,0,0,0,0,0,0,2,15,4,10,41.8975266986,-87.6239875752,POINT (-87.623987575215 41.897526698563)
1f8edcd098a9ba0f660a3c158851e24ca00810b4282f3cc699b0c418d5dd710477661c57769a7bb700e5ad65f8d11ea9fcb05646374832aaf26e11a540896bd4,,10/20/2020 05:55:00 PM,30,STOP SIGN/FLASHER,FUNCTIONING PROPERLY,CLEAR,"DARKNESS, LIGHTED ROAD",ANGLE,FOUR WAY,,STRAIGHT AND LEVEL,DRY,NO DEFECTS,,INJURY AND / OR TOW DUE TO CRASH,Y,,,"OVER $1,500",10/20/2020 06:00:00 PM,UNABLE TO DETERMINE,UNABLE TO DETERMINE,2898,W,MADISON ST,1222,,,,,,,2,NO INDICATION OF INJURY,0,0,0,0,0,0,4,17,3,10,41.8811618783,-87.6986777433,POINT (-87.69867774325 41.881161878292)
f630068b9371205ce2e4f584c6a71638c93d4fa741da33338928ff8d78b5b76f4a57ffc56cbd6c4df6566ff629343602e817e58b700396f7ea443df9372e84b5,,10/20/2020 06:20:00 AM,30,STOP SIGN/FLASHER,FUNCTIONING PROPERLY,CLEAR,"DARKNESS, LIGHTED ROAD",TURNING,FOUR WAY,,STRAIGHT AND LEVEL,DRY,NO DEFECTS,NOT ON SCENE (DESK REPORT),NO INJURY / DRIVE AWAY,Y,,,$500 OR LESS,10/20/2020 06:40:00 AM,IMPROPER LANE USAGE,NOT APPLICABLE,4701,S,OAKLEY AVE,931,,,,,,,2,NO INDICATION OF INJURY,0,0,0,0,0,0,2,6,3,10,41.8083906585,-87.6818389656,POINT (-87.681838965635 41.808390658471)
02d490ae4933c7f6b5cdb700679ae2aaa64626acaa1c50fa76e534cf6d50d6f6c724480cde60f58c712219f4b8227c9e660f74973ffd26ae694071c0e8e7f8bf,,10/15/2020 08:30:00 PM,30,NO CONTROLS,NO CONTROLS,CLEAR,"DARKNESS, LIGHTED ROAD",PARKED MOTOR VEHICLE,PARKING LOT,,STRAIGHT AND LEVEL,DRY,NO DEFECTS,NOT ON SCENE (DESK REPORT),NO INJURY / DRIVE AWAY,,,Y,"OVER $1,500",10/18/2020 10:05:00 PM,"OPERATING VEHICLE IN ERRATIC, RECKLESS, CARELESS, NEGLIGENT OR AGGRESSIVE MANNER",UNABLE TO DETERMINE,11730,S,MARSHFIELD AVE,2234,,,,,,,2,NO INDICATION OF INJURY,0,0,0,0,0,0,1,20,5,10,41.6803322053,-87.6625846787,POINT (-87.662584678739 41.680332205335)
15d787e03cdd4823130a0b8c06256ad4c3a86af18dea7255d8c50ad983ec84d3eff072e9da581e54420c40bb7004f1ffebaf6e3d0cbb1edfcd0dd3099166453a,,10/15/2020 04:20:00 PM,30,STOP SIGN/FLASHER,FUNCTIONING PROPERLY,CLEAR,DAYLIGHT,REAR TO FRONT,FOUR WAY,,STRAIGHT AND LEVEL,DRY,NO DEFECTS,NOT ON SCENE (DESK REPORT),NO INJURY / DRIVE AWAY,Y,,Y,"OVER $1,500",10/15/2020 06:04:00 PM,IMPROPER BACKING,"OPERATING VEHICLE IN ERRATIC, RECKLESS, CARELESS, NEGLIGENT OR AGGRESSIVE MANNER",598,E,78TH ST,624,,,,,,,2,NO INDICATION OF INJURY,0,0,0,0,0,0,3,16,5,10,41.7531326527,-87.6101918493,POINT (-87.610191849252 41.75313265274)
8ae108b4b700b77112adbd100d60a31aec201c36cffec6b7cbd7e1b04227d33437b12ac3ed1a934f622985b9bd0905168f46dc5d0dac187b3c89cc485e6412ef,,10/15/2020 11:15:00 AM,30,NO CONTROLS,NO CONTROLS,CLEAR,DAYLIGHT,PARKED MOTOR VEHICLE,NOT DIVIDED,,STRAIGHT AND LEVEL,DRY,NO DEFECTS,ON SCENE,INJURY AND / OR TOW DUE TO CRASH,,,,"OVER $1,500",10/15/2020 11:15:00 AM,"OPERATING VEHICLE IN ERRATIC, RECKLESS, CARELESS, NEGLIGENT OR AGGRESSIVE MANNER",FAILING TO REDUCE SPEED TO AVOID CRASH,8928,S,BRANDON AVE,424,,,,,,,2,"REPORTED, NOT EVIDENT",1,0,0,0,1,0,1,11,5,10,41.7328914083,-87.5471439254,POINT (-87.547143925425 41.732891408289)
0819a0a4f683637114da2f0ec73294461ed9fcdcac95b8d848118df33d2c819848a6be4a05b1b96256af2bd2b700cac0fc67c51b3810da70f0627bec3f356d6f,,10/14/2020 05:00:00 PM,35,TRAFFIC SIGNAL,FUNCTIONING PROPERLY,CLEAR,DAYLIGHT,ANGLE,DIVIDED - W/MEDIAN (NOT RAISED),,STRAIGHT AND LEVEL,DRY,NO DEFECTS,NOT ON SCENE (DESK REPORT),NO INJURY / DRIVE AWAY,,,Y,"OVER $1,500",10/14/2020 06:20:00 PM,FAILING TO YIELD RIGHT-OF-WAY,UNABLE TO DETERMINE,1554,E,55TH ST,234,,,,,,,2,NO INDICATION OF INJURY,0,0,0,0,0,0,2,17,4,10,41.7952973181,-87.5878225555,POINT (-87.587822555467 41.79529731814)
d166c4df7ec462c64f41ce19237b5fde64ab9a701b465405a6cf602f87b39582746631fd42173a5fa599767d304cd3ba8eb700e899ad5dd8127173c52b96176a,,10/14/2020 11:30:00 AM,30,TRAFFIC SIGNAL,FUNCTIONING PROPERLY,CLEAR,DAYLIGHT,REAR END,NOT DIVIDED,,STRAIGHT AND LEVEL,DRY,NO DEFECTS,NOT ON SCENE (DESK REPORT),NO INJURY / DRIVE AWAY,,,,"OVER $1,500",10/14/2020 11:45:00 AM,FAILING TO REDUCE SPEED TO AVOID CRASH,NOT APPLICABLE,5701,S,CALIFORNIA AVE,824,,,,,,,2,NO INDICATION OF INJURY,0,0,0,0,0,0,2,11,4,10,41.7899596893,-87.6935477131,POINT (-87.693547713063 41.789959689261)
c2901607fd3fc2a2a8f91f313442f4f312ca1a4a2be0aba750b2946dc564c0c62ec0967f0340340994ca0b700f8b6b7f202356edbc6f9b28398d73ebb5376bbd,,10/10/2020 09:30:00 PM,30,NO CONTROLS,NO CONTROLS,CLEAR,"DARKNESS, LIGHTED ROAD",SIDESWIPE SAME DIRECTION,DIVIDED - W/MEDIAN (NOT RAISED),,STRAIGHT AND LEVEL,DRY,NO DEFECTS,NOT ON SCENE (DESK REPORT),NO INJURY / DRIVE AWAY,,,,"OVER $1,500",10/12/2020 03:35:00 PM,IMPROPER OVERTAKING/PASSING,DRIVING SKILLS/KNOWLEDGE/EXPERIENCE,839,W,79TH ST,621,,,,,,,2,NO INDICATION OF INJURY,0,0,0,0,0,0,2,21,7,10,41.7505100221,-87.6455648384,POINT (-87.645564838393 41.750510022144)
cee9a392a97487bb89ef3d1500f95ec26d5e1e6c0eabc06863d477b3f8b63038a1e275910b78b700a8d5663ffbf8de2b4e2154505c094abb8de3681cd4db808f,,10/10/2020 06:20:00 PM,30,NO CONTROLS,NO CONTROLS,CLEAR,DUSK,ANGLE,NOT DIVIDED,,STRAIGHT AND LEVEL,DRY,NO DEFECTS,NOT ON SCENE (DESK REPORT),NO INJURY / DRIVE AWAY,Y,,,"OVER $1,500",10/10/2020 07:05:00 PM,FAILING TO YIELD RIGHT-OF-WAY,UNABLE TO DETERMINE,2200,S,PAULINA ST,1034,,,,,,,2,NO INDICATION OF INJURY,0,0,0,0,0,0,2,18,7,10,41.8522359331,-87.6686435976,POINT (-87.668643597582 41.85223593306)
ffe052328d742eabf4c872be9615310c206278f6a9b93b7ccf4713396e7573db2e1e557a94c98d409912b08223e0a55e2d20b70078dd8c3d0f12b0b00c9ea704,,10/01/2020 02:55:00 PM,30,TRAFFIC SIGNAL,FUNCTIONING PROPERLY,CLOUDY/OVERCAST,DAYLIGHT,TURNING,NOT DIVIDED,,STRAIGHT AND LEVEL,WET,NO DEFECTS,ON SCENE,NO INJURY / DRIVE AWAY,,,,"OVER $1,500",10/01/2020 03:00:00 PM,FOLLOWING TOO CLOSELY,NOT APPLICABLE,4559,N,KEDZIE AVE,1724,,,,,,,2,NO INDICATION OF INJURY,0,0,0,0,0,0,2,14,5,10,41.9646171607,-87.7082053834,POINT (-87.708205383412 41.964617160676)
1913102857ccba62916b7949390389555b5923ae9be7b1bc55eba60b55fcec411aea3413004d14d12ffeaf90d75467c844c33ffb9739f8ab700fe8fcb79f89fe,,09/29/2020 07:00:00 AM,30,STOP SIGN/FLASHER,FUNCTIONING PROPERLY,CLEAR,DAYLIGHT,PARKED MOTOR VEHICLE,ONE-WAY,,STRAIGHT AND LEVEL,DRY,NO DEFECTS,NOT ON SCENE (DESK REPORT),NO INJURY / DRIVE AWAY,,,Y,"$501 - $1,500",10/01/2020 11:15:00 AM,UNABLE TO DETERMINE,UNABLE TO DETERMINE,7801,S,BENNETT AVE,414,,,,,,,2,NO INDICATION OF INJURY,0,0,0,0,0,0,1,7,3,9,41.7533045065,-87.5783195351,POINT (-87.578319535077 41.753304506533)
664ab2655796121c20933a2afea284ff7a7b86231c50afe7be091281f99d23b9b3fc7c27d9152b1b700c43a4d6dbb736b4c3900ffe9917195e124dc1de58168f,,09/28/2020 04:00:00 PM,30,NO CONTROLS,NO CONTROLS,RAIN,DAYLIGHT,REAR END,NOT DIVIDED,,STRAIGHT AND LEVEL,WET,NO DEFECTS,NOT ON SCENE (DESK REPORT),NO INJURY / DRIVE AWAY,,,,"$501 - $1,500",09/28/2020 04:21:00 PM,UNABLE TO DETERMINE,UNABLE TO DETERMINE,800,N,LAKE SHORE DR,1833,,,,,,,2,NO INDICATION OF INJURY,0,0,0,0,0,0,2,16,2,9,41.896828045,-87.6172077033,POINT (-87.617207703311 41.896828045009)
a8143b637efb61f1f87f193fb1e3c989497021180dd2a978ebc825d0b70091bcc186ded745d9747b8f4c4a76ef567ea4b0e4a6488d6b5bb43aa891b6f12e3255,,09/25/2020 03:40:00 PM,30,NO CONTROLS,NO CONTROLS,CLEAR,DAYLIGHT,TURNING,NOT DIVIDED,,STRAIGHT AND LEVEL,DRY,NO DEFECTS,ON SCENE,INJURY AND / OR TOW DUE TO CRASH,,,,"OVER $1,500",09/25/2020 03:42:00 PM,IMPROPER TURNING/NO SIGNAL,FAILING TO YIELD RIGHT-OF-WAY,2822,W,JACKSON BLVD,1124,,,,,,,2,NO INDICATION OF INJURY,0,0,0,0,0,0,3,15,6,9,41.8775358858,-87.6970630483,POINT (-87.697063048341 41.877535885799)
a091560b9c29f7188ab280a28c03c754a5fc9f0cd515734c9abd316f7667416d5344ec097ebcb6e757dad23f866519fca47bba9649345c7ba6bb70036ca8af6a,,09/21/2020 03:40:00 PM,30,NO CONTROLS,NO CONTROLS,CLEAR,DAYLIGHT,TURNING,NOT DIVIDED,,STRAIGHT AND LEVEL,DRY,NO DEFECTS,NOT ON SCENE (DESK REPORT),NO INJURY / DRIVE AWAY,,,,"OVER $1,500",09/21/2020 06:05:00 PM,FAILING TO YIELD RIGHT-OF-WAY,FAILING TO YIELD RIGHT-OF-WAY,3050,S,KEDZIE AVE,1032,,,,,,,2,NO INDICATION OF INJURY,0,0,0,0,0,0,2,15,2,9,41.8375481149,-87.7049782006,POINT (-87.704978200594 41.837548114891)
ec36b0ba2aef9c8fa5c02d1fe00016e11c74e4d6af2eb700d5a7f1ab8be026e2cf85c3707906300a0d15a09f0cc000f213cfc69be5145c02e496d8eb032998f6,,09/19/2020 11:45:00 PM,30,TRAFFIC SIGNAL,FUNCTIONING PROPERLY,CLEAR,"DARKNESS, LIGHTED ROAD",FIXED OBJECT,DIVIDED - W/MEDIAN (NOT RAISED),,STRAIGHT AND LEVEL,DRY,NO DEFECTS,ON SCENE,INJURY AND / OR TOW DUE TO CRASH,,,Y,"OVER $1,500",09/19/2020 11:45:00 PM,UNABLE TO DETERMINE,UNABLE TO DETERMINE,7600,S,PULASKI RD,833,,,,,,,1,NO INDICATION OF INJURY,0,0,0,0,0,0,1,23,7,9,41.7550442797,-87.722315514,POINT (-87.722315514022 41.755044279733)
80f81e668ed6190470f98b38a3d9317acabb2b93642b5180bd48c587807dd433bca402d3b780128175423bcf7bf81299f294631132a258c865ad029b700391ac,,09/19/2020 11:00:00 AM,30,TRAFFIC SIGNAL,FUNCTIONING PROPERLY,CLEAR,DAYLIGHT,TURNING,DIVIDED - W/MEDIAN (NOT RAISED),,STRAIGHT AND LEVEL,DRY,NO DEFECTS,ON SCENE,INJURY AND / OR TOW DUE TO CRASH,Y,,Y,"OVER $1,500",09/19/2020 12:20:00 PM,FAILING TO YIELD RIGHT-OF-WAY,IMPROPER TURNING/NO SIGNAL,3800,S,CALIFORNIA AVE,911,,,,,,,2,NONINCAPACITATING INJURY,1,0,0,1,0,0,1,11,7,9,41.8245662277,-87.6948073756,POINT (-87.69480737563 41.824566227681)
e841cbcc59561ba1cec35b0f2bb04271fda864dc8888df0815ed196816b0be66e742cc5a7bb05f1335656214d7cf7c4bbd200ad116b700d5dde479b5b0b1c974,,09/18/2020 09:40:00 PM,15,NO CONTROLS,NO CONTROLS,CLEAR,"DARKNESS, LIGHTED ROAD",PARKED MOTOR VEHICLE,PARKING LOT,,STRAIGHT ON GRADE,DRY,NO DEFECTS,ON SCENE,NO INJURY / DRIVE AWAY,,,,"$501 - $1,500",09/18/2020 09:40:00 PM,IMPROPER BACKING,DRIVING SKILLS/KNOWLEDGE/EXPERIENCE,3857,W,111TH ST,2211,,,,,,,2,NO INDICATION OF INJURY,0,0,0,0,0,0,4,21,6,9,41.6911938843,-87.7177386306,POINT (-87.717738630591 41.691193884267)
b103ad7f80bffbc517448cf49c26e2f35cbc5e069922e1e65c6f10ecf4e2fc5af57077092c050a7b63df2a9a68a9537c6994b700bc443eacb4a462747f4d21ae,,09/17/2020 10:30:00 AM,30,NO CONTROLS,NO CONTROLS,CLEAR,DAYLIGHT,PARKED MOTOR VEHICLE,ONE-WAY,,STRAIGHT AND LEVEL,DRY,NO DEFECTS,NOT ON SCENE (DESK REPORT),NO INJURY / DRIVE AWAY,,,,"OVER $1,500",09/17/2020 02:20:00 PM,IMPROPER LANE USAGE,UNABLE TO DETERMINE,4103,S,INDIANA AVE,213,,,,,,,2,NO INDICATION OF INJURY,0,0,0,0,0,0,1,10,5,9,41.820025874,-87.6213556589,POINT (-87.621355658909 41.820025873991)
4e9827177c4457c713096a90a376a9d64a9fcccefba6e6fb063abac25a9f8bf143b4f179b95c549a4c842533116cc6c3b0b7003df125038107bc16ffa1409e45,,09/16/2020 11:40:00 PM,35,TRAFFIC SIGNAL,FUNCTIONING PROPERLY,CLEAR,"DARKNESS, LIGHTED ROAD",TURNING,"FIVE POINT, OR MORE",,STRAIGHT AND LEVEL,DRY,UNKNOWN,NOT ON SCENE (DESK REPORT),NO INJURY / DRIVE AWAY,Y,,Y,"$501 - $1,500",09/17/2020 12:20:00 AM,FAILING TO YIELD RIGHT-OF-WAY,UNABLE TO DETERMINE,1588,E,79TH ST,411,,,,,,,2,NO INDICATION OF INJURY,0,0,0,0,0,0,3,23,4,9,41.7516118473,-87.5856595692,POINT (-87.585659569152 41.751611847254)
9868bae1d389e5d5dec1f9ddd95741a82ff9218fd4b700bfe8851461275680a3e614de84453c9e399b84b2af701238809fc62dd56ce1c3f603843520fe315bc4,,09/13/2020 10:45:00 AM,30,TRAFFIC SIGNAL,FUNCTIONING PROPERLY,CLEAR,DAYLIGHT,REAR END,NOT DIVIDED,,STRAIGHT AND LEVEL,DRY,NO DEFECTS,ON SCENE,NO INJURY / DRIVE AWAY,Y,,,$500 OR LESS,09/13/2020 10:55:00 AM,UNABLE TO DETERMINE,UNABLE TO DETERMINE,6700,S,SOUTH SHORE DR,331,,,,,,,2,NO INDICATION OF INJURY,0,0,0,0,0,0,3,10,1,9,41.773438566,-87.5668993058,POINT (-87.566899305833 41.773438566009)
c58775b819ef86da2a1c26728fd27626504fe792e16d4690bcdc446e91302b2727b7f8f88584f1742795cf6d601d8b700d2ca14596655e01499efcd8a42e5266,,09/09/2020 02:45:00 PM,35,NO CONTROLS,NO CONTROLS,CLEAR,DAYLIGHT,SIDESWIPE SAME DIRECTION,DIVIDED - W/MEDIAN (NOT RAISED),,STRAIGHT AND LEVEL,DRY,NO DEFECTS,NOT ON SCENE (DESK REPORT),NO INJURY / DRIVE AWAY,,,,"$501 - $1,500",09/09/2020 03:00:00 PM,UNABLE TO DETERMINE,UNABLE TO DETERMINE,2625,W,OGDEN AVE,1023,,,,,,,2,NO INDICATION OF INJURY,0,0,0,0,0,0,2,14,4,9,41.8625841758,-87.6918186902,POINT (-87.691818690172 41.8625841758)
f99fb1ab70093421b612d3a5a0869b90b95f8138870520bddb25c03bc8d9bf816d7ad5cebbbc72ea982b8d2a91cc43c80ea6d5a0fd1244e7748206a23e72f4c9,,09/05/2020 11:27:00 AM,30,TRAFFIC SIGNAL,FUNCTIONING PROPERLY,CLEAR,DAYLIGHT,PEDESTRIAN,NOT DIVIDED,,STRAIGHT AND LEVEL,DRY,NO DEFECTS,ON SCENE,INJURY AND / OR TOW DUE TO CRASH,,,,$500 OR LESS,09/05/2020 11:32:00 AM,NOT APPLICABLE,NOT APPLICABLE,2555,N,PULASKI RD,2524,,,,,,,2,NONINCAPACITATING INJURY,1,0,0,1,0,0,1,11,7,9,41.9279317269,-87.726723166,POINT (-87.726723165969 41.92793172692)
16da22ffe6dc7171fddf2a5bca89174e1dbffdfb95406c6fd0de9c0492ccbcf7477dd5ec75b7001566ba0234279574042d2e34c797cf28f41979a6600064f25c,,09/04/2020 11:45:00 PM,30,TRAFFIC SIGNAL,FUNCTIONING PROPERLY,UNKNOWN,"DARKNESS, LIGHTED ROAD",REAR END,NOT DIVIDED,,STRAIGHT AND LEVEL,UNKNOWN,UNKNOWN,NOT ON SCENE (DESK REPORT),NO INJURY / DRIVE AWAY,,,,"$501 - $1,500",09/07/2020 07:30:00 PM,UNABLE TO DETERMINE,NOT APPLICABLE,4781,S,ARCHER AVE,821,,,,,,,2,NO INDICATION OF INJURY,0,0,0,0,0,0,2,23,6,9,41.8066684563,-87.7161275456,POINT (-87.716127545644 41.806668456251)
6952916fc0911213c2d2fc143da8f641e23a414312e1ffeb7002a1e80c77893098ded43eb6be3e5d1105b62057910364fa863a8de9ef78a2d7ea3abe01fc8427,,08/27/2020 03:00:00 PM,30,TRAFFIC SIGNAL,UNKNOWN,CLEAR,DAYLIGHT,REAR END,RAMP,,STRAIGHT AND LEVEL,DRY,UNKNOWN,ON SCENE,NO INJURY / DRIVE AWAY,Y,,,"OVER $1,500",08/27/2020 03:00:00 PM,FOLLOWING TOO CLOSELY,FOLLOWING TOO CLOSELY,5800,N,CUMBERLAND AVE,1614,,Y,,,,,2,NO INDICATION OF INJURY,0,0,0,0,0,0,2,15,5,8,41.9845299005,-87.8367282024,POINT (-87.836728202353 41.984529900475)
16b9830ce3582a6384648933ecb20d320de5c701217073a4b89ce586607f00ef1c7243a3d025fa0bfd1ef78fff2e9d6c2877e3d77ffd8ac1b70044292cf0b4f6,,08/26/2020 04:45:00 PM,30,TRAFFIC SIGNAL,FUNCTIONING PROPERLY,CLEAR,DAYLIGHT,REAR END,ONE-WAY,,STRAIGHT AND LEVEL,DRY,NO DEFECTS,NOT ON SCENE (DESK REPORT),INJURY AND / OR TOW DUE TO CRASH,Y,,Y,"$501 - $1,500",08/26/2020 05:45:00 PM,FOLLOWING TOO CLOSELY,FOLLOWING TOO CLOSELY,400,N,DEARBORN ST,1831,,,,,,,2,"REPORTED, NOT EVIDENT",1,0,0,0,1,0,1,16,4,8,41.8892695282,-87.629735331,POINT (-87.629735331044 41.889269528172)
ccc18e155837d3c78ff82b1928e892ac29c827f7ce58869076ec420e2f6d42b01d5c74c9bde102aa6a61b300edd2ab7003cd2d0ae1b4f3d75dae60bee34a5a4c,,08/26/2020 05:50:00 AM,10,NO CONTROLS,NO CONTROLS,CLEAR,DAWN,REAR TO FRONT,PARKING LOT,,STRAIGHT AND LEVEL,DRY,NO DEFECTS,NOT ON SCENE (DESK REPORT),NO INJURY / DRIVE AWAY,,,,"$501 - $1,500",08/26/2020 06:20:00 AM,IMPROPER BACKING,NOT APPLICABLE,958,W,PERSHING RD,915,,,,,,,2,NO INDICATION OF INJURY,0,0,0,0,0,0,2,5,4,8,41.8235081473,-87.6502897424,POINT (-87.650289742372 41.823508147327)
d76b3f0993775f3b02ba1bb46cc8b8ec9a31dfee44f621ecc437fa64f51fa9caaeeab700718634891e4ab996740a4f225c87ade8780b975524e9edd9a87530f6,,08/25/2020 03:43:00 PM,30,STOP SIGN/FLASHER,UNKNOWN,CLEAR,DAYLIGHT,REAR TO SIDE,DIVIDED - W/MEDIAN BARRIER,,STRAIGHT AND LEVEL,DRY,UNKNOWN,ON SCENE,INJURY AND / OR TOW DUE TO CRASH,,,,"OVER $1,500",08/25/2020 04:05:00 PM,UNABLE TO DETERMINE,UNABLE TO DETERMINE,2599,W,OGDEN AVE,1023,,,,,,,2,NO INDICATION OF INJURY,0,0,0,0,0,0,5,15,3,8,41.8629667871,-87.6907361631,POINT (-87.690736163085 41.862966787094)
64c15a994b700509ec2edb37277d8cb9035821ccd8d3fffdb5ca16c89c176e7edce0db1532213f34dc6d379517900bcda3ad0e1210a0d1791ba231eb8f7868c0,,08/23/2020 07:15:00 PM,25,NO CONTROLS,NO CONTROLS,UNKNOWN,UNKNOWN,TURNING,ONE-WAY,,STRAIGHT AND LEVEL,UNKNOWN,UNKNOWN,NOT ON SCENE (DESK REPORT),NO INJURY / DRIVE AWAY,,,Y,"$501 - $1,500",08/23/2020 07:30:00 PM,FAILING TO REDUCE SPEED TO AVOID CRASH,NOT APPLICABLE,3359,W,FLOURNOY ST,1134,,,,,,,2,NO INDICATION OF INJURY,0,0,0,0,0,0,2,19,1,8,41.8726156721,-87.7106280669,POINT (-87.71062806691 41.872615672108)
200e45e1fb636901befb4277be17bcb7004128939fe64c02c51332604c0339b4edfd5ebe1f3ff9aeab7db6c0564c14bd7a8a5a836e19dc6cc6228308193b5c1a,Y,08/21/2020 08:00:00 AM,35,TRAFFIC SIGNAL,FUNCTIONING PROPERLY,CLEAR,DAYLIGHT,TURNING,NOT DIVIDED,,STRAIGHT AND LEVEL,DRY,NO DEFECTS,ON SCENE,NO INJURY / DRIVE AWAY,,,,"OVER $1,500",08/21/2020 08:00:00 AM,DRIVING SKILLS/KNOWLEDGE/EXPERIENCE,IMPROPER OVERTAKING/PASSING,7901,S,CICERO AVE,834,,,,,,,2,NO INDICATION OF INJURY,0,0,0,0,0,0,4,8,6,8,41.7490650565,-87.741203904,POINT (-87.741203904025 41.749065056465)
c894b8b1e3043f33352e9d20e05722dda6e55b6d1a1872bb234110b70095fa491da2b50426f526676c8580a961d68313e719253639d27790c6f925ccce51a236,,08/19/2020 03:30:00 PM,30,UNKNOWN,UNKNOWN,UNKNOWN,UNKNOWN,PARKED MOTOR VEHICLE,NOT DIVIDED,,STRAIGHT AND LEVEL,UNKNOWN,UNKNOWN,NOT ON SCENE (DESK REPORT),NO INJURY / DRIVE AWAY,,,Y,"OVER $1,500",08/20/2020 11:15:00 AM,UNABLE TO DETERMINE,NOT APPLICABLE,10206,S,OGLESBY AVE,431,,,,,,,2,NO INDICATION OF INJURY,0,0,0,0,0,0,1,15,4,8,41.7096213926,-87.5658868028,POINT (-87.565886802817 41.709621392637)