CRASH_RECORD_ID,CRASH_DATE_EST_I,CRASH_DATE,POSTED_SPEED_LIMIT,TRAFFIC_CONTROL_DEVICE,DEVICE_CONDITION,WEATHER_CONDITION,LIGHTING_CONDITION,FIRST_CRASH_TYPE,TRAFFICWAY_TYPE,LANE_CNT,ALIGNMENT,ROADWAY_SURFACE_COND,ROAD_DEFECT,REPORT_TYPE,CRASH_TYPE,INTERSECTION_RELATED_I,NOT_RIGHT_OF_WAY_I,HIT_AND_RUN_I,DAMAGE,DATE_POLICE_NOTIFIED,PRIM_CONTRIBUTORY_CAUSE,SEC_CONTRIBUTORY_CAUSE,STREET_NO,STREET_DIRECTION,STREET_NAME,BEAT_OF_OCCURRENCE,PHOTOS_TAKEN_I,STATEMENTS_TAKEN_I,DOORING_I,WORK_ZONE_I,WORK_ZONE_TYPE,WORKERS_PRESENT_I,NUM_UNITS,MOST_SEVERE_INJURY,INJURIES_TOTAL,INJURIES_FATAL,INJURIES_INCAPACITATING,INJURIES_NON_INCAPACITATING,INJURIES_REPORTED_NOT_EVIDENT,INJURIES_UNKNOWN,INJURIES_NO_INDICATION,CRASH_HOUR,CRASH_DAY_OF_WEEK,CRASH_MONTH,LATITUDE,LONGITUDE,LOCATION
7a930d05222f919105428d6f224b362e044811cdced97abf5bc132b700f5d37b1a0eac463758cfd6ff666c90bbd93e80329688b0e92c940b5d4e750820fff685,,08/17/2020 07:36:00 AM,30,TRAFFIC SIGNAL,FUNCTIONING PROPERLY,CLEAR,DAYLIGHT,TURNING,FOUR WAY,,STRAIGHT AND LEVEL,DRY,UNKNOWN,NOT ON SCENE (DESK REPORT),NO INJURY / DRIVE AWAY,,,Y,"OVER $1,500",08/17/2020 12:00:00 PM,UNABLE TO DETERMINE,NOT APPLICABLE,9500,S,STONY ISLAND AVE,511,,,,,,,2,NO INDICATION OF INJURY,0,0,0,0,0,0,2,7,2,8,41.722257273,-87.5852755651,POINT (-87.585275565077 41.722257273006)
44ec645280b04e4a839708c7d59589f68c026367260479e49b7002c6b4a374777eda32ca7a16380f8d2dfb0dcf7540fbe2d3f34f7acdf4f3b6650ce8b69f8923,,08/14/2020 10:39:00 PM,30,NO CONTROLS,NO CONTROLS,CLEAR,"DARKNESS, LIGHTED ROAD",PARKED MOTOR VEHICLE,ONE-WAY,,STRAIGHT AND LEVEL,DRY,NO DEFECTS,NOT ON SCENE (DESK REPORT),NO INJURY / DRIVE AWAY,,,Y,"$501 - $1,500",08/17/2020 09:30:00 PM,IMPROPER BACKING,NOT APPLICABLE,6048,N,FRANCISCO AVE,2413,,,,,,,2,NO INDICATION OF INJURY,0,0,0,0,0,0,1,22,6,8,41.991766075,-87.702016979,POINT (-87.702016979045 41.991766074998)
df07bc9135ecea4a434bbd419b6c4b3391e1e416b81f6b79e4fb9d077a329b1a10e240e552d92e01bf0c2fb797a35bcc5077f6ee22fbb410b70036c81dba6f9a,,08/14/2020 09:30:00 PM,30,NO CONTROLS,NO CONTROLS,CLEAR,DAWN,TURNING,NOT DIVIDED,,STRAIGHT AND LEVEL,DRY,NO DEFECTS,NOT ON SCENE (DESK REPORT),NO INJURY / DRIVE AWAY,Y,,Y,"OVER $1,500",08/14/2020 10:00:00 PM,IMPROPER TURNING/NO SIGNAL,DRIVING SKILLS/KNOWLEDGE/EXPERIENCE,4800,W,ADAMS ST,1533,,,,,,,2,NO INDICATION OF INJURY,0,0,0,0,0,0,2,21,6,8,41.8787049515,-87.7453212418,POINT (-87.745321241789 41.878704951467)
fae59a1ae9aef204767a9e8d119b6ff75b811b7009c16a59b602825885a709deae59b77d3562bc90a8b152b0f7f63e924ebc91a0bab29ddc111c17e2297b81f9,,08/12/2020 05:48:00 PM,30,NO CONTROLS,NO CONTROLS,CLEAR,DAYLIGHT,REAR END,NOT DIVIDED,,STRAIGHT AND LEVEL,DRY,NO DEFECTS,NOT ON SCENE (DESK REPORT),NO INJURY / DRIVE AWAY,,,Y,"$501 - $1,500",08/12/2020 06:52:00 PM,NOT APPLICABLE,NOT APPLICABLE,7500,S,KEDZIE AVE,835,,,,,,,2,NO INDICATION OF INJURY,0,0,0,0,0,0,3,17,4,8,41.7571957433,-87.7027630538,POINT (-87.70276305384 41.757195743342)
e63d6ece8616dfc4030e4852720173828a2a67db6c64cdd09b7000ca5247fab54c3cf082f56a2a3676eda8ef2e7618dbf10dab4310a72e1403750c0d05489713,Y,08/12/2020 11:30:00 AM,30,UNKNOWN,UNKNOWN,CLEAR,DAYLIGHT,OTHER OBJECT,UNKNOWN INTERSECTION TYPE,,STRAIGHT AND LEVEL,DRY,NO DEFECTS,ON SCENE,INJURY AND / OR TOW DUE TO CRASH,,,,"OVER $1,500",08/12/2020 11:55:00 AM,PHYSICAL CONDITION OF DRIVER,NOT APPLICABLE,5223,N,BROADWAY,2023,,,,,,,1,INCAPACITATING INJURY,1,0,1,0,0,0,0,11,4,8,41.9770375633,-87.6597381086,POINT (-87.659738108582 41.977037563345)
7f37ef9edfa211f85a56ba216ee26f069bb389524a84ec853fc16b700ca4eac676fd61984c9c23aea6bcd586e58049cdf4f59e698a3935a893923ea4d761ec94,,08/10/2020 06:30:00 PM,20,NO CONTROLS,NO CONTROLS,CLOUDY/OVERCAST,DAYLIGHT,SIDESWIPE SAME DIRECTION,DIVIDED - W/MEDIAN (NOT RAISED),,STRAIGHT AND LEVEL,WET,NO DEFECTS,NOT ON SCENE (DESK REPORT),NO INJURY / DRIVE AWAY,,,,"OVER $1,500",08/10/2020 07:45:00 PM,UNABLE TO DETERMINE,UNABLE TO DETERMINE,6401,N,CLARK ST,2432,,,,,,,2,NO INDICATION OF INJURY,0,0,0,0,0,0,2,18,2,8,41.9981457245,-87.6704630237,POINT (-87.670463023676 41.998145724489)
31c81adee46cea23625b76d6c30727c7302f5ffeb857c8e6623b5d6e9d3af74da151f536eb700ea6121cbd05813e34054b0008722a0bdd1a34fe2f7a01cf5776,,08/09/2020 04:15:00 PM,30,NO CONTROLS,NO CONTROLS,CLEAR,DAYLIGHT,REAR END,DIVIDED - W/MEDIAN BARRIER,,STRAIGHT AND LEVEL,DRY,NO DEFECTS,NOT ON SCENE (DESK REPORT),NO INJURY / DRIVE AWAY,,,,"OVER $1,500",08/09/2020 05:00:00 PM,FAILING TO REDUCE SPEED TO AVOID CRASH,DRIVING SKILLS/KNOWLEDGE/EXPERIENCE,7900,S,KOSTNER AVE,834,,,,,,,2,NO INDICATION OF INJURY,0,0,0,0,0,0,2,16,1,8,41.7491707721,-87.7317696331,POINT (-87.731769633122 41.749170772122)
f412f52eee9980b8991605a9226cd2ff31eb700821d3c4ffe11ee179f8af5e62168b980cc795dd18b047aa91a123744225fd7b3fdc8b838f1e1b43545ed5fa94,,08/07/2020 07:45:00 PM,30,TRAFFIC SIGNAL,FUNCTIONING PROPERLY,CLEAR,DAYLIGHT,PEDESTRIAN,DIVIDED - W/MEDIAN BARRIER,,STRAIGHT AND LEVEL,DRY,NO DEFECTS,ON SCENE,INJURY AND / OR TOW DUE TO CRASH,Y,,Y,"OVER $1,500",08/07/2020 07:47:00 PM,UNABLE TO DETERMINE,UNABLE TO DETERMINE,7501,S,STONY ISLAND AVE,411,,,,,,,3,INCAPACITATING INJURY,1,0,1,0,0,0,2,19,6,8,41.75872376,-87.585590902,POINT (-87.585590902031 41.758723759994)
83cbaec4a2e43dde3b700de3d4b18e98fb5113cff7de9334e8c1826e3174ed64ac63efb2a343babe6fba1f6cd7b686d6760ff0c5b2d9bee2574f0c63ac8bc5a2,,08/03/2020 01:30:00 PM,30,TRAFFIC SIGNAL,FUNCTIONING PROPERLY,CLEAR,DAYLIGHT,REAR END,FOUR WAY,,STRAIGHT AND LEVEL,DRY,UNKNOWN,NOT ON SCENE (DESK REPORT),NO INJURY / DRIVE AWAY,Y,,,"OVER $1,500",08/03/2020 03:30:00 PM,UNABLE TO DETERMINE,UNABLE TO DETERMINE,3900,S,WESTERN BLVD,921,,,,,,,2,NO INDICATION OF INJURY,0,0,0,0,0,0,2,13,2,8,41.8229636279,-87.6843847854,POINT (-87.684384785413 41.82296362788)
a82dcb6c46320eb4aff252d7d3b30fb7002d998f655c6b8182fe410c4c7a784263ece16ac22c6392761f9e7a79872379544d3f434330b8dde6cf3add90856edd,,08/01/2020 11:37:00 AM,30,TRAFFIC SIGNAL,FUNCTIONING PROPERLY,CLEAR,DAYLIGHT,ANGLE,NOT DIVIDED,,STRAIGHT AND LEVEL,DRY,NO DEFECTS,NOT ON SCENE (DESK REPORT),NO INJURY / DRIVE AWAY,,,,"OVER $1,500",08/01/2020 12:44:00 PM,FAILING TO YIELD RIGHT-OF-WAY,FAILING TO YIELD RIGHT-OF-WAY,1620,N,THROOP ST,1433,,,,,,,2,NO INDICATION OF INJURY,0,0,0,0,0,0,2,11,7,8,41.9114825715,-87.6605629899,POINT (-87.660562989926 41.911482571453)
955f15d23a0a7fab683749031bc26a9aaca06c1f8b70011a2cdfbffd0ca713635fc4448194b9ff3ff67a9794caa469e9cc6e10f527a4c5daa2440f328d8d7c8b,,07/30/2020 10:29:00 AM,30,NO CONTROLS,NO CONTROLS,CLEAR,DAYLIGHT,PARKED MOTOR VEHICLE,PARKING LOT,,STRAIGHT AND LEVEL,DRY,NO DEFECTS,ON SCENE,NO INJURY / DRIVE AWAY,,,,"OVER $1,500",07/30/2020 10:30:00 AM,UNABLE TO DETERMINE,UNABLE TO DETERMINE,641,N,CLARK ST,1832,,,,,,,2,NO INDICATION OF INJURY,0,0,0,0,0,0,1,10,5,7,41.8936322938,-87.6310300083,POINT (-87.631030008305 41.893632293807)
e322980b21058dec15a2015d792c63291170b7256ff1b700038f5e64c4038e5d9e73c0497236b4a56f8e6a5f1cb00fa0cc128721c441b25371495e294b22dc82,,07/28/2020 04:17:00 PM,30,NO CONTROLS,NO CONTROLS,CLEAR,DAYLIGHT,REAR TO FRONT,NOT DIVIDED,,STRAIGHT AND LEVEL,DRY,NO DEFECTS,NOT ON SCENE (DESK REPORT),NO INJURY / DRIVE AWAY,,,Y,"$501 - $1,500",07/29/2020 02:02:00 PM,NOT APPLICABLE,NOT APPLICABLE,7801,S,CICERO AVE,834,,,,,,,2,NO INDICATION OF INJURY,0,0,0,0,0,0,3,16,3,7,41.7508989247,-87.7412748177,POINT (-87.741274817684 41.750898924706)
e8fb9ada9e1efa18023d8a4fcbf6ce196bf8958c4d18a21aeb48744193df699d75c20444d914a7142c2f538c4602cecb8e73605a9e3a7e2e7b0b40ecb7007c46,,07/25/2020 09:30:00 AM,30,NO CONTROLS,NO CONTROLS,CLEAR,DAYLIGHT,PARKED MOTOR VEHICLE,NOT DIVIDED,,STRAIGHT AND LEVEL,DRY,NO DEFECTS,NOT ON SCENE (DESK REPORT),NO INJURY / DRIVE AWAY,,,Y,"OVER $1,500",07/26/2020 08:45:00 AM,UNABLE TO DETERMINE,NOT APPLICABLE,228,W,HILL ST,1823,,,,,,,2,NO INDICATION OF INJURY,0,0,0,0,0,0,1,9,7,7,41.9021989264,-87.6356492216,POINT (-87.635649221642 41.902198926376)
29962dd900478febbf5a5d7df745d7f984075966dc079c9620ff00bc8760761b6730040c287016c3c0e458fe15491356a537465ae5bb700a85adefa4f1791526,,07/24/2020 12:14:00 AM,30,NO CONTROLS,NO CONTROLS,CLEAR,"DARKNESS, LIGHTED ROAD",FIXED OBJECT,NOT DIVIDED,,STRAIGHT AND LEVEL,DRY,NO DEFECTS,ON SCENE,INJURY AND / OR TOW DUE TO CRASH,N,,,"OVER $1,500",07/24/2020 12:14:00 AM,UNABLE TO DETERMINE,UNABLE TO DETERMINE,1999,W,BRYN MAWR AVE,2012,,,,,,,2,NONINCAPACITATING INJURY,1,0,0,1,0,0,0,0,6,7,41.9831522768,-87.6793046094,POINT (-87.679304609422 41.983152276755)
6eb7007141d8904b2579be8662daa8944453ab28313095b2e5a39f204cf990224d1e7b3f52d04cf155c66d4e23dd786ed18ecfaeeb009c021277089be8a9f6c1,,07/22/2020 06:40:00 PM,30,NO CONTROLS,NO CONTROLS,CLEAR,DAYLIGHT,REAR END,NOT DIVIDED,,STRAIGHT AND LEVEL,DRY,UNKNOWN,ON SCENE,NO INJURY / DRIVE AWAY,,,Y,"OVER $1,500",07/22/2020 07:08:00 PM,UNABLE TO DETERMINE,UNABLE TO DETERMINE,4505,W,IRVING PARK RD,1731,,,,,,,2,NO INDICATION OF INJURY,0,0,0,0,0,0,2,18,4,7,41.9533810348,-87.7410029114,POINT (-87.741002911422 41.953381034769)
40eeb50bce275d397bdb62231023e3e048d4b7004b3fd61f2d709ed0b06162ff57928b8abb87739d15de85fb7f48cac1e358fc3043f73915b5c687a5a738c537,Y,07/22/2020 05:00:00 AM,30,NO CONTROLS,NO CONTROLS,UNKNOWN,UNKNOWN,PARKED MOTOR VEHICLE,ONE-WAY,,STRAIGHT AND LEVEL,UNKNOWN,NO DEFECTS,ON SCENE,NO INJURY / DRIVE AWAY,,,Y,$500 OR LESS,07/22/2020 09:21:00 AM,UNABLE TO DETERMINE,UNABLE TO DETERMINE,5244,S,JUSTINE ST,934,,,,,,,2,NO INDICATION OF INJURY,0,0,0,0,0,0,1,5,4,7,41.7981757431,-87.6636252218,POINT (-87.663625221836 41.798175743101)
3a4184ebfde7f0a25e9bfcb0b700177b95c0bec0892ec83c66c42e7208537f89c0006e737558f07ccb052348b138de8ff3618f72b4429e10b2e4d8f9dd6a6b79,,07/21/2020 01:23:00 PM,25,NO CONTROLS,NO CONTROLS,CLEAR,DAWN,PARKED MOTOR VEHICLE,ONE-WAY,,STRAIGHT AND LEVEL,DRY,NO DEFECTS,ON SCENE,INJURY AND / OR TOW DUE TO CRASH,,N,,"OVER $1,500",07/21/2020 01:23:00 PM,UNABLE TO DETERMINE,UNABLE TO DETERMINE,1334,S,CHRISTIANA AVE,1021,,,,,,,3,NO INDICATION OF INJURY,0,0,0,0,0,0,1,13,3,7,41.8634216931,-87.7093856837,POINT (-87.709385683687 41.863421693118)
06bf8ff91d5d03441419bc3e272701f6b77cdb700055ccf5363242c801a715b47d1a76f227dc128f41277f0cb4878216bf98e13bb9855038f2293ef33d04086c,,07/20/2020 09:45:00 AM,30,TRAFFIC SIGNAL,FUNCTIONING PROPERLY,CLEAR,DAYLIGHT,REAR END,DIVIDED - W/MEDIAN (NOT RAISED),,STRAIGHT AND LEVEL,DRY,NO DEFECTS,NOT ON SCENE (DESK REPORT),NO INJURY / DRIVE AWAY,Y,,,"$501 - $1,500",07/20/2020 03:20:00 PM,UNABLE TO DETERMINE,NOT APPLICABLE,2000,W,CHICAGO AVE,1212,,,,,,,2,NO INDICATION OF INJURY,0,0,0,0,0,0,2,9,2,7,41.8960189604,-87.6771786155,POINT (-87.677178615507 41.896018960386)
b3811a683dc907971eee0a70a906425e4762e38a65271be966cd86cd8299b133deea60f4ee3b7db0c00a13ac6b700f620be0ffd8a29ed5ca5d63d729a2af0667,,07/20/2020 02:20:00 AM,30,NO CONTROLS,OTHER,CLEAR,"DARKNESS, LIGHTED ROAD",REAR END,ONE-WAY,,STRAIGHT AND LEVEL,DRY,NO DEFECTS,ON SCENE,NO INJURY / DRIVE AWAY,,,Y,"OVER $1,500",07/20/2020 02:27:00 AM,"OPERATING VEHICLE IN ERRATIC, RECKLESS, CARELESS, NEGLIGENT OR AGGRESSIVE MANNER","OPERATING VEHICLE IN ERRATIC, RECKLESS, CARELESS, NEGLIGENT OR AGGRESSIVE MANNER",2051,N,LOREL AVE,2515,,,,,,,2,NO INDICATION OF INJURY,0,0,0,0,0,0,2,2,2,7,41.9181944452,-87.7595035984,POINT (-87.759503598437 41.918194445244)
2fbd3214eb70073d4794da5376a58538ef9322ef7a2a32341a9a002d33535b0db499e3420136b0075b314a7262b498554580121eb784b24ac891f2d9b4dbcc0b,,07/16/2020 04:40:00 PM,30,NO CONTROLS,NO CONTROLS,CLEAR,DAYLIGHT,REAR END,NOT DIVIDED,,STRAIGHT AND LEVEL,DRY,NO DEFECTS,ON SCENE,INJURY AND / OR TOW DUE TO CRASH,,,,"OVER $1,500",07/16/2020 04:44:00 PM,UNABLE TO DETERMINE,NOT APPLICABLE,10300,S,KEDZIE AVE,2211,,,,,,,3,NO INDICATION OF INJURY,0,0,0,0,0,0,3,16,5,7,41.7060829595,-87.7014667184,POINT (-87.701466718439 41.706082959543)
c13676b7c1baa93088ab700d280e33ad7544e6158595b13e968a6790b49b3df4187338f9762de4f543d4bb5a39ec079c14e86c4c2426db6a87ff7e463bbf2e51,Y,07/16/2020 08:25:00 AM,30,NO CONTROLS,OTHER,CLEAR,DAYLIGHT,PARKED MOTOR VEHICLE,NOT DIVIDED,,STRAIGHT AND LEVEL,DRY,NO DEFECTS,ON SCENE,INJURY AND / OR TOW DUE TO CRASH,,,,"OVER $1,500",07/16/2020 08:35:00 AM,DISTRACTION - FROM INSIDE VEHICLE,NOT APPLICABLE,4023,W,ARMITAGE AVE,2534,,,,,,,2,NO INDICATION OF INJURY,0,0,0,0,0,0,1,8,5,7,41.9170427427,-87.727625288,POINT (-87.727625288044 41.917042742668)
2a399201de4a8e800ab2431404ba3e2d67cff83d9e7e640f257501aafd536a6dcf4c8dcd58eb0f3f0a763a090210547bff524e48e3fbeb8814b9782e87b700fc,,07/12/2020 09:30:00 PM,25,NO CONTROLS,NO CONTROLS,CLEAR,"DARKNESS, LIGHTED ROAD",PARKED MOTOR VEHICLE,ONE-WAY,,STRAIGHT AND LEVEL,DRY,NO DEFECTS,ON SCENE,NO INJURY / DRIVE AWAY,,,Y,"OVER $1,500",07/12/2020 09:36:00 PM,UNABLE TO DETERMINE,NOT APPLICABLE,3945,N,AVONDALE AVE,1732,,,,,,,2,NO INDICATION OF INJURY,0,0,0,0,0,0,1,21,1,7,41.9528291025,-87.7306483365,POINT (-87.730648336472 41.95282910247)
2c831a304389ae2f8080df9045085c5fcc8e110afe76584893fcfc7c99ecb4cb700f2b55b38dae2dbbdd21f11555fbecdba830a7f35a141f4f3386865c09c41b,,07/11/2020 04:55:00 PM,30,NO CONTROLS,NO CONTROLS,CLEAR,DAYLIGHT,TURNING,NOT DIVIDED,,STRAIGHT AND LEVEL,DRY,NO DEFECTS,ON SCENE,INJURY AND / OR TOW DUE TO CRASH,Y,,,"OVER $1,500",07/11/2020 05:01:00 PM,DISTRACTION - FROM OUTSIDE VEHICLE,NOT APPLICABLE,1499,W,119TH ST,524,,,,,,,2,NO INDICATION OF INJURY,0,0,0,0,0,0,3,16,7,7,41.6774668113,-87.6588937814,POINT (-87.658893781366 41.677466811332)
ee6ccb9acfd5f8554c711322559a01fd730e75ced3c826bcffaefa783ffef28b700a97a5aa7295bdf12298979728454c5f0e00b2afd56752c1983062633d2191,,07/11/2020 01:30:00 PM,30,NO CONTROLS,NO CONTROLS,RAIN,DAYLIGHT,PARKED MOTOR VEHICLE,PARKING LOT,,STRAIGHT AND LEVEL,DRY,UNKNOWN,NOT ON SCENE (DESK REPORT),INJURY AND / OR TOW DUE TO CRASH,,,Y,"$501 - $1,500",07/11/2020 02:50:00 PM,UNABLE TO DETERMINE,NOT APPLICABLE,919,E,131ST ST,533,,,,,,,2,NO INDICATION OF INJURY,0,0,0,0,0,0,1,13,7,7,41.6571658454,-87.5997898897,POINT (-87.599789889691 41.65716584539)
722733418feb98ef448639e143311f5a1bda3b71b78dd04c256e853e4718bf4f7cbda10e0eafd872521a56fcef27c4db7905c3a191fdb7767470c4ed187bb700,Y,07/09/2020 05:22:00 PM,30,TRAFFIC SIGNAL,FUNCTIONING PROPERLY,CLEAR,DAYLIGHT,ANGLE,FOUR WAY,,STRAIGHT AND LEVEL,DRY,UNKNOWN,ON SCENE,INJURY AND / OR TOW DUE TO CRASH,Y,,,"OVER $1,500",07/09/2020 05:25:00 PM,UNABLE TO DETERMINE,UNABLE TO DETERMINE,3400,W,ADDISON ST,1732,,,,,,,2,NO INDICATION OF INJURY,0,0,0,0,0,0,2,17,5,7,41.9466752452,-87.7127785774,POINT (-87.712778577395 41.946675245157)
a1833d187a1dd347deb7000db0f8893f5f02e2174c24db6f175471697e0a5cfd2301338f6a8d9cbaa8dff8ee098992e20628a54dd17143adeb4f96d744351fc6,,07/07/2020 07:40:00 PM,30,NO CONTROLS,NO CONTROLS,CLEAR,DAYLIGHT,FIXED OBJECT,DRIVEWAY,,STRAIGHT AND LEVEL,DRY,NO DEFECTS,ON SCENE,INJURY AND / OR TOW DUE TO CRASH,,,,"OVER $1,500",07/07/2020 07:47:00 PM,UNABLE TO DETERMINE,OBSTRUCTED CROSSWALKS,12539,S,INDIANA AVE,532,,,,,,,1,NO INDICATION OF INJURY,0,0,0,0,0,0,1,19,3,7,41.6650432138,-87.6172145635,POINT (-87.617214563502 41.665043213847)
ce99b6476030f229de842c88e8946b7e776c7196d09c32eda1a729384c05fc16cdb7009f3d2782efcf881e8d58753a5bea0cdae589e62d1f670317f44fcbf23c,,07/07/2020 11:25:00 AM,30,NO CONTROLS,NO CONTROLS,CLEAR,DAYLIGHT,PEDALCYCLIST,NOT DIVIDED,,STRAIGHT AND LEVEL,DRY,NO DEFECTS,ON SCENE,INJURY AND / OR TOW DUE TO CRASH,,,,$500 OR LESS,07/07/2020 11:35:00 AM,NOT APPLICABLE,NOT APPLICABLE,1444,N,SEDGWICK ST,1821,Y,,,,,,2,"REPORTED, NOT EVIDENT",1,0,0,0,1,0,1,11,3,7,41.9088837375,-87.6386699633,POINT (-87.638669963307 41.908883737476)
9b4b32f9972be45aea599ff753ff8710f8ebb7000088cfeffd83952641eac80e9e2a73fca19a7f45d954e66ae39362e1b34171ed1e582ca60eeb5ac5dc4f165f,,07/05/2020 03:05:00 PM,30,TRAFFIC SIGNAL,FUNCTIONING PROPERLY,CLEAR,DAYLIGHT,REAR END,NOT DIVIDED,,STRAIGHT AND LEVEL,DRY,NO DEFECTS,NOT ON SCENE (DESK REPORT),NO INJURY / DRIVE AWAY,,,Y,"OVER $1,500",07/05/2020 04:05:00 PM,UNABLE TO DETERMINE,UNABLE TO DETERMINE,5000,W,LAKE ST,1532,,,,,,,2,NO INDICATION OF INJURY,0,0,0,0,0,0,2,15,1,7,41.8870279552,-87.7505266167,POINT (-87.750526616745 41.887027955151)
5ab8d5045806d51c8b5c10b0e715b927682691da90e1fa339250da84a3effa95f758e99ba812a9770537ee2db4301d3c57db4af02c4b7000d0f73a6dace98e76,,07/04/2020 10:30:00 PM,30,NO CONTROLS,NO CONTROLS,CLEAR,DARKNESS,PEDESTRIAN,NOT DIVIDED,,STRAIGHT AND LEVEL,DRY,NO DEFECTS,ON SCENE,INJURY AND / OR TOW DUE TO CRASH,,,Y,"OVER $1,500",07/04/2020 10:31:00 PM,UNABLE TO DETERMINE,NOT APPLICABLE,151,E,63RD ST,312,,,,,,,2,INCAPACITATING INJURY,1,0,1,0,0,0,1,22,7,7,41.7799443987,-87.6209079032,POINT (-87.620907903183 41.779944398698)
ad4132e2fb59d495384ae36d840eb65e2bdab2853f96f436d1128d93b284bcb0843925886fb70067c3ef1eb7696a840b7ccc0b5812bdea7371e1547513b8c5ca,,07/04/2020 05:30:00 PM,30,TRAFFIC SIGNAL,FUNCTIONING PROPERLY,CLEAR,DAYLIGHT,TURNING,FOUR WAY,,STRAIGHT AND LEVEL,DRY,NO DEFECTS,NOT ON SCENE (DESK REPORT),NO INJURY / DRIVE AWAY,Y,,,"OVER $1,500",07/04/2020 06:27:00 PM,UNABLE TO DETERMINE,NOT APPLICABLE,3639,W,GRAND AVE,1112,,,,,,,2,NO INDICATION OF INJURY,0,0,0,0,0,0,6,17,7,7,41.9026234921,-87.7177906262,POINT (-87.717790626238 41.902623492136)
352df648f5c38eab9fa37fb9ca65de5566c782dd24af3d5b296b86db45402ced86cf99751799d1a21c745a9e67d496c173d5b8dfc90871b700b00e112cf8116e,,07/01/2020 11:30:00 PM,30,TRAFFIC SIGNAL,UNKNOWN,UNKNOWN,UNKNOWN,TURNING,FOUR WAY,,STRAIGHT AND LEVEL,UNKNOWN,UNKNOWN,NOT ON SCENE (DESK REPORT),NO INJURY / DRIVE AWAY,Y,,Y,"OVER $1,500",08/24/2020 06:00:00 PM,DISREGARDING TRAFFIC SIGNALS,NOT APPLICABLE,7900,S,STONY ISLAND AVE,411,,,,,,,2,NO INDICATION OF INJURY,0,0,0,0,0,0,2,23,4,7,41.7514606032,-87.585971993,POINT (-87.585971992965 41.751460603167)
3d984fb67c32b00196b700b2fd492d6f5e15055ee8d682d540e93f5e8cd24de8bfd7db419cb10fdda6140d01af41b59b76d4d7525e8ae9e94632f4a17a97fa60,,06/29/2020 05:15:00 PM,30,STOP SIGN/FLASHER,FUNCTIONING PROPERLY,CLOUDY/OVERCAST,DAYLIGHT,ANGLE,OTHER,,STRAIGHT AND LEVEL,WET,NO DEFECTS,ON SCENE,INJURY AND / OR TOW DUE TO CRASH,Y,,,"OVER $1,500",06/29/2020 05:16:00 PM,DRIVING SKILLS/KNOWLEDGE/EXPERIENCE,NOT APPLICABLE,1900,W,CONGRESS PKWY,1225,,,,,,,2,"REPORTED, NOT EVIDENT",1,0,0,0,1,0,1,17,2,6,41.8751657928,-87.674177083,POINT (-87.674177082984 41.875165792803)
1aeb700e7cdf7ed84958c4b77b681cfdd2d2eedec289dbc651e013ededc94b65d4f033d519406859c42123da5ab279cf1adb1f179a96135d10470e1f2169bf8b,,06/27/2020 11:28:00 AM,30,UNKNOWN,UNKNOWN,CLEAR,DAYLIGHT,FIXED OBJECT,DIVIDED - W/MEDIAN BARRIER,,STRAIGHT AND LEVEL,DRY,NO DEFECTS,ON SCENE,NO INJURY / DRIVE AWAY,,,,"$501 - $1,500",06/27/2020 11:29:00 AM,UNABLE TO DETERMINE,UNABLE TO DETERMINE,1529,S,STATE ST,131,,,,Y,CONSTRUCTION,Y,2,NO INDICATION OF INJURY,0,0,0,0,0,0,2,11,7,6,41.861078123,-87.6271240245,POINT (-87.62712402455 41.861078122968)
f99efea8bc3e9921f8a3483b30b8ea6d05434529fa5d666af2967a9269793516d913156a4fa5380d72939d9b700ba0f817bd61f5fdf41aaea2bc8fa18b40e430,,06/26/2020 11:00:00 AM,35,STOP SIGN/FLASHER,FUNCTIONING PROPERLY,RAIN,DAYLIGHT,SIDESWIPE SAME DIRECTION,DIVIDED - W/MEDIAN (NOT RAISED),,STRAIGHT AND LEVEL,WET,NO DEFECTS,ON SCENE,NO INJURY / DRIVE AWAY,Y,,,"$501 - $1,500",06/26/2020 11:22:00 AM,IMPROPER OVERTAKING/PASSING,IMPROPER OVERTAKING/PASSING,4031,W,PETERSON AVE,1711,,,,Y,MAINTENANCE,Y,2,NO INDICATION OF INJURY,0,0,0,0,0,0,4,11,6,6,41.9900108271,-87.7298429693,POINT (-87.729842969315 41.990010827056)
39bb58b700d85d1baef78b54094bd175b45083938a036ba487981d635bfebc0c8c1d443ea567364c74c2221d27acd4c2930a45fdd20bbfd4a5efea8669d8b29f,,06/21/2020 01:40:00 AM,30,NO CONTROLS,NO CONTROLS,RAIN,"DARKNESS, LIGHTED ROAD",PARKED MOTOR VEHICLE,NOT DIVIDED,,STRAIGHT AND LEVEL,WET,NO DEFECTS,ON SCENE,INJURY AND / OR TOW DUE TO CRASH,,,Y,"OVER $1,500",06/21/2020 01:42:00 AM,DRIVING ON WRONG SIDE/WRONG WAY,"OPERATING VEHICLE IN ERRATIC, RECKLESS, CARELESS, NEGLIGENT OR AGGRESSIVE MANNER",1119,N,PULASKI RD,1112,,,,,,,3,NO INDICATION OF INJURY,0,0,0,0,0,0,1,1,1,6,41.9014328855,-87.726119579,POINT (-87.72611957896 41.901432885452)