CRASH_RECORD_ID,CRASH_DATE_EST_I,CRASH_DATE,POSTED_SPEED_LIMIT,TRAFFIC_CONTROL_DEVICE,DEVICE_CONDITION,WEATHER_CONDITION,LIGHTING_CONDITION,FIRST_CRASH_TYPE,TRAFFICWAY_TYPE,LANE_CNT,ALIGNMENT,ROADWAY_SURFACE_COND,ROAD_DEFECT,REPORT_TYPE,CRASH_TYPE,INTERSECTION_RELATED_I,NOT_RIGHT_OF_WAY_I,HIT_AND_RUN_I,DAMAGE,DATE_POLICE_NOTIFIED,PRIM_CONTRIBUTORY_CAUSE,SEC_CONTRIBUTORY_CAUSE,STREET_NO,STREET_DIRECTION,STREET_NAME,BEAT_OF_OCCURRENCE,PHOTOS_TAKEN_I,STATEMENTS_TAKEN_I,DOORING_I,WORK_ZONE_I,WORK_ZONE_TYPE,WORKERS_PRESENT_I,NUM_UNITS,MOST_SEVERE_INJURY,INJURIES_TOTAL,INJURIES_FATAL,INJURIES_INCAPACITATING,INJURIES_NON_INCAPACITATING,INJURIES_REPORTED_NOT_EVIDENT,INJURIES_UNKNOWN,INJURIES_NO_INDICATION,CRASH_HOUR,CRASH_DAY_OF_WEEK,CRASH_MONTH,LATITUDE,LONGITUDE,LOCATION
36c6b700dc5308dc573cdfe701a108af4c5fbfb43226fe35402c57b828f02c7b95ddb6c9ce9a66dc895d7502097ce937470d4e7cc92964de945901236f8b28ca,,12/20/2019 09:20:00 AM,30,NO CONTROLS,NO CONTROLS,CLEAR,DAYLIGHT,HEAD ON,ONE-WAY,,STRAIGHT AND LEVEL,DRY,NO DEFECTS,ON SCENE,INJURY AND / OR TOW DUE TO CRASH,,,,"OVER $1,500",12/20/2019 09:45:00 AM,DRIVING ON WRONG SIDE/WRONG WAY,DRIVING SKILLS/KNOWLEDGE/EXPERIENCE,555,S,HAMLIN BLVD,1133,,,,,,,2,"REPORTED, NOT EVIDENT",1,0,0,0,1,0,2,9,6,12,41.8735377767,-87.7196146227,POINT (-87.719614622686 41.873537776667)
209a44fcefbe3dd468eb3f6c0925ad397ad3cba58ac825c7116d579d9966204cb7002865bb0685b250ff56fb2e92e81324268c8b9086bc9a1be422bd117ca5fa,,12/14/2019 12:35:00 PM,30,TRAFFIC SIGNAL,FUNCTIONING PROPERLY,CLEAR,DAYLIGHT,SIDESWIPE SAME DIRECTION,NOT DIVIDED,,STRAIGHT AND LEVEL,DRY,NO DEFECTS,NOT ON SCENE (DESK REPORT),NO INJURY / DRIVE AWAY,Y,,,"$501 - $1,500",12/14/2019 01:21:00 PM,UNABLE TO DETERMINE,UNABLE TO DETERMINE,169,W,ONTARIO ST,1832,,,,,,,2,NO INDICATION OF INJURY,0,0,0,0,0,0,3,12,7,12,41.8930809814,-87.6339460742,POINT (-87.63394607418 41.893080981391)
c065b3cec2a538adc58f3562fb75c4fabe16ea39b84b0ca8fe78b6cdb01d91f87e1ae0de4abaaa41d1370de449fb866b70001d200d9776bb46df6b67c87e1695,,12/11/2019 09:40:00 PM,30,TRAFFIC SIGNAL,FUNCTIONING PROPERLY,CLEAR,"DARKNESS, LIGHTED ROAD",REAR END,DIVIDED - W/MEDIAN (NOT RAISED),,STRAIGHT AND LEVEL,DRY,NO DEFECTS,NOT ON SCENE (DESK REPORT),NO INJURY / DRIVE AWAY,,,,"$501 - $1,500",12/11/2019 10:00:00 PM,FOLLOWING TOO CLOSELY,NOT APPLICABLE,2341,N,CICERO AVE,2522,,,,,,,2,NO INDICATION OF INJURY,0,0,0,0,0,0,2,21,4,12,41.9236671502,-87.7461369523,POINT (-87.746136952253 41.923667150193)
e0c69054531cc8d14b53827b577fc8a85fad5a2bfcc062bb318e34e88bd20a3e96cafa6ac9672d0809d7f19bd99fcba8f3ab822fb700d4d124c5bfb7ba80f426,Y,12/11/2019 11:55:00 AM,30,TRAFFIC SIGNAL,FUNCTIONING PROPERLY,CLEAR,DAYLIGHT,ANGLE,NOT DIVIDED,,STRAIGHT AND LEVEL,DRY,UNKNOWN,NOT ON SCENE (DESK REPORT),NO INJURY / DRIVE AWAY,Y,,Y,"OVER $1,500",12/11/2019 03:28:00 PM,UNABLE TO DETERMINE,UNABLE TO DETERMINE,3100,S,DR MARTIN LUTHER KING JR DR,211,,,,,,,2,NO INDICATION OF INJURY,0,0,0,0,0,0,2,11,4,12,41.8383269412,-87.6176126615,POINT (-87.617612661462 41.838326941218)
94fa171346d4cee01d2175fe3c57461536722bf5aa0cfd0b7001d77cf7b014b7e730644ddd0f85e0e34b4fc27813b34e6a4d9196df4f45d19c9528f9d1aee6d0,,12/11/2019 10:10:00 AM,30,TRAFFIC SIGNAL,FUNCTIONING PROPERLY,CLEAR,DAYLIGHT,REAR END,NOT DIVIDED,,STRAIGHT AND LEVEL,SNOW OR SLUSH,NO DEFECTS,NOT ON SCENE (DESK REPORT),NO INJURY / DRIVE AWAY,,,,"OVER $1,500",12/11/2019 11:34:00 AM,FOLLOWING TOO CLOSELY,NOT APPLICABLE,1154,S,CANAL ST,124,,,,,,,2,NO INDICATION OF INJURY,0,0,0,0,0,0,2,10,4,12,41.8674395652,-87.6393411787,POINT (-87.639341178656 41.867439565249)
3a6d6c70a5413c7339a99d7fa6fd5d790e80ed40386d69e4b5b32ebfc4c37950e5029f7f3e7d578b77041620e8d3fbb49ab1e870b70043ab3f213aca8f952626,,12/11/2019 09:50:00 AM,25,TRAFFIC SIGNAL,FUNCTIONING PROPERLY,CLEAR,DAYLIGHT,SIDESWIPE SAME DIRECTION,NOT DIVIDED,,STRAIGHT AND LEVEL,WET,UNKNOWN,ON SCENE,NO INJURY / DRIVE AWAY,Y,,,"$501 - $1,500",12/11/2019 09:56:00 AM,UNABLE TO DETERMINE,UNABLE TO DETERMINE,811,W,35TH ST,915,,,,,,,2,NO INDICATION OF INJURY,0,0,0,0,0,0,2,9,4,12,41.8306344054,-87.6465859265,POINT (-87.646585926514 41.830634405362)
d76d9fc758e903e4c9be7b7008222870e5f3ca78a17ca6ecf245772714b6997049314b10fd138c75f301df993b813c97681ff96e3a0c4acc6cd49d248e90acf1,,12/10/2019 10:18:00 PM,30,NO CONTROLS,NO CONTROLS,CLEAR,"DARKNESS, LIGHTED ROAD",FIXED OBJECT,DIVIDED - W/MEDIAN BARRIER,,STRAIGHT AND LEVEL,DRY,NO DEFECTS,ON SCENE,NO INJURY / DRIVE AWAY,,,Y,"OVER $1,500",12/10/2019 10:20:00 PM,UNABLE TO DETERMINE,NOT APPLICABLE,437,W,CHICAGO AVE,1831,,,,,,,1,NO INDICATION OF INJURY,0,0,0,0,0,0,1,22,3,12,41.8964044311,-87.6399617702,POINT (-87.639961770173 41.896404431148)
a6acc6a1e7d3803854985260b7009e1563f6e64f6fed723e32d0c7c2ecbf1476459d29bd660f21ec7730092c4e523317a95a7fc357ad93576eb37c806bf58e55,,12/09/2019 07:40:00 AM,30,NO CONTROLS,NO CONTROLS,CLOUDY/OVERCAST,DAYLIGHT,ANGLE,NOT DIVIDED,,STRAIGHT AND LEVEL,DRY,NO DEFECTS,NOT ON SCENE (DESK REPORT),NO INJURY / DRIVE AWAY,Y,,,"OVER $1,500",12/09/2019 09:40:00 AM,FAILING TO YIELD RIGHT-OF-WAY,FAILING TO YIELD RIGHT-OF-WAY,3430,W,BRYN MAWR AVE,1711,,,,,,,2,NO INDICATION OF INJURY,0,0,0,0,0,0,2,7,2,12,41.9831000298,-87.714900638,POINT (-87.714900638038 41.983100029802)
3b7008efb81176ed5a59d16482d9001159af224c0857feec34d6e0db8de3c1ac2a62b19f5a6a96233e7ee7db553eee3d0e28dc9abf81161315e50b868f5685cf,,12/08/2019 07:36:00 PM,25,NO CONTROLS,NO CONTROLS,CLEAR,DAYLIGHT,SIDESWIPE SAME DIRECTION,NOT DIVIDED,,STRAIGHT AND LEVEL,DRY,UNKNOWN,NOT ON SCENE (DESK REPORT),NO INJURY / DRIVE AWAY,,,,"OVER $1,500",12/08/2019 08:10:00 PM,UNABLE TO DETERMINE,NOT APPLICABLE,3508,W,26TH ST,1024,,,,,,,2,NO INDICATION OF INJURY,0,0,0,0,0,0,2,19,1,12,41.8445161943,-87.712775722,POINT (-87.712775721976 41.844516194275)
1ab364be48c86011a0c49024bc87b70054ccfe364f3052ced78023e930b1179feaa5c396a988b483efc78fbfb7f091aeabaec2f2ff3d9afb812f3659ad822acb,,12/02/2019 09:15:00 AM,30,NO CONTROLS,NO CONTROLS,CLEAR,DAYLIGHT,REAR END,NOT DIVIDED,,STRAIGHT AND LEVEL,DRY,NO DEFECTS,NOT ON SCENE (DESK REPORT),NO INJURY / DRIVE AWAY,,,,"$501 - $1,500",12/02/2019 12:45:00 PM,FOLLOWING TOO CLOSELY,UNABLE TO DETERMINE,300,N,CENTRAL PARK AVE,1123,,,,,,,2,NO INDICATION OF INJURY,0,0,0,0,0,0,2,9,2,12,41.8863364098,-87.7162031306,POINT (-87.716203130599 41.886336409761)
16e38737e653b030355b6e2a0c147cc96ecf458c2ba5ddb202aed502fc5eeaf1af46a7e010fbac41451e57d77f23d8c842e2cb50e948fab700fb10d34b736962,,11/29/2019 04:15:00 PM,35,TRAFFIC SIGNAL,FUNCTIONING PROPERLY,CLEAR,DAYLIGHT,SIDESWIPE SAME DIRECTION,NOT DIVIDED,,STRAIGHT AND LEVEL,DRY,NO DEFECTS,NOT ON SCENE (DESK REPORT),NO INJURY / DRIVE AWAY,Y,,,"OVER $1,500",11/29/2019 05:30:00 PM,IMPROPER LANE USAGE,UNABLE TO DETERMINE,1600,E,76TH ST,411,,,,,,,2,NO INDICATION OF INJURY,0,0,0,0,0,0,2,16,6,11,41.7570593922,-87.5856350238,POINT (-87.585635023779 41.757059392156)
398fc7d5f7adc683c136851aaf7d2d2ef8c53aedd90b6dd3d090629c84ddc326c19121f3db7005f1c4f5bed9e3a6807b2401983aaba605cf4b786af3973cdbf5,,11/22/2019 07:15:00 PM,25,NO CONTROLS,NO CONTROLS,CLEAR,DARKNESS,ANGLE,NOT DIVIDED,,STRAIGHT AND LEVEL,DRY,NO DEFECTS,,NO INJURY / DRIVE AWAY,,,,"$501 - $1,500",11/22/2019 07:45:00 PM,FAILING TO YIELD RIGHT-OF-WAY,FAILING TO YIELD RIGHT-OF-WAY,800,N,KEDZIE AVE,1121,,,,,,,2,NO INDICATION OF INJURY,0,0,0,0,0,0,2,19,6,11,41.8956153135,-87.7067053251,POINT (-87.706705325106 41.895615313545)
a53e645e421506903fffab700e4aec84898100ff00665d82779b7c70cb73e81af03bb8b85238edc7df9c907abf3e1fd9165e52a3f54d962f6914404097ae4976,,11/21/2019 08:45:00 PM,40,NO CONTROLS,NO CONTROLS,CLEAR,"DARKNESS, LIGHTED ROAD",PEDESTRIAN,DIVIDED - W/MEDIAN (NOT RAISED),,STRAIGHT AND LEVEL,DRY,UNKNOWN,,INJURY AND / OR TOW DUE TO CRASH,,,,"OVER $1,500",11/21/2019 08:46:00 PM,UNABLE TO DETERMINE,NOT APPLICABLE,4600,N,LAKE SHORE DR SB,1914,Y,Y,,,,,2,FATAL,2,1,0,1,0,0,0,20,5,11,41.9657184879,-87.6474766551,POINT (-87.647476655051 41.965718487888)
cc0fdbd58e4932e3ae98701ea688aab974e3e33fd3f2ed5d48e2a76955d0ef74dfa4b3e5d4541b0752eea7cfd9516f748e7147fe6921cf9d2eb7008e222a3e6a,,11/21/2019 07:05:00 AM,30,TRAFFIC SIGNAL,NOT FUNCTIONING,RAIN,DAYLIGHT,ANGLE,FOUR WAY,,STRAIGHT AND LEVEL,WET,NO DEFECTS,ON SCENE,INJURY AND / OR TOW DUE TO CRASH,Y,Y,,"OVER $1,500",11/21/2019 07:06:00 AM,DISREGARDING STOP SIGN,DISREGARDING STOP SIGN,6358,W,IRVING PARK RD,1624,,,,,,,3,NO INDICATION OF INJURY,0,0,0,0,0,0,3,7,5,11,41.9530277753,-87.7864395862,POINT (-87.786439586169 41.953027775265)
14d735b2068198c785b0449abe59c143ccf8fe564776ad9b35f08e29b077ba8f1473b550d4db70002f925b5254e251f7b31c83953ea8796b796cea914105a034,,11/17/2019 06:59:00 PM,30,NO CONTROLS,NO CONTROLS,CLEAR,DARKNESS,PARKED MOTOR VEHICLE,NOT DIVIDED,,STRAIGHT AND LEVEL,DRY,NO DEFECTS,NOT ON SCENE (DESK REPORT),NO INJURY / DRIVE AWAY,,,Y,"$501 - $1,500",11/17/2019 08:00:00 PM,IMPROPER OVERTAKING/PASSING,NOT APPLICABLE,4736,W,FULLERTON AVE,2521,,,,,,,2,NO INDICATION OF INJURY,0,0,0,0,0,0,1,18,1,11,41.924362085,-87.745376631,POINT (-87.745376630991 41.924362085017)
7c13d2d37cd1e93afb15475b71c8a9726429617dff6739898d40b7709f37125a5d42a18ffb90510600c36858c4335d559c9256e0f8dab70095491bf984ec356b,,11/17/2019 10:30:00 AM,15,NO CONTROLS,NO CONTROLS,CLOUDY/OVERCAST,DAYLIGHT,PARKED MOTOR VEHICLE,ONE-WAY,,STRAIGHT AND LEVEL,DRY,NO DEFECTS,ON SCENE,NO INJURY / DRIVE AWAY,,,Y,"$501 - $1,500",11/17/2019 10:35:00 AM,UNABLE TO DETERMINE,NOT APPLICABLE,4438,S,KEDVALE AVE,815,,,,,,,2,NO INDICATION OF INJURY,0,0,0,0,0,0,1,10,1,11,41.8121432681,-87.7275622994,POINT (-87.727562299448 41.812143268086)
6a00aab319c4267f72561d433c00231a1160187df44fb85da235884136e60e4f6806aad36dfc9818b6af87c59c7945d2cfdf663e7d3bcf0eb56ad13f09fb7005,,11/14/2019 09:45:00 AM,30,TRAFFIC SIGNAL,FUNCTIONING PROPERLY,SNOW,DAYLIGHT,TURNING,NOT DIVIDED,,STRAIGHT AND LEVEL,SNOW OR SLUSH,NO DEFECTS,NOT ON SCENE (DESK REPORT),NO INJURY / DRIVE AWAY,,,Y,"OVER $1,500",11/14/2019 10:10:00 AM,UNABLE TO DETERMINE,NOT APPLICABLE,4407,W,GRAND AVE,2533,,,,,,,2,NO INDICATION OF INJURY,0,0,0,0,0,0,2,9,5,11,41.9100647633,-87.7365820293,POINT (-87.736582029328 41.910064763335)
06b71e4dca3a1e986a2ff91461f40b7d9a7903801ab101a5760b506eebfcebe55570afbd29357d5be8d9625f497c5b3a1dd81c80fa85f9b700cfe671191a3a28,,11/13/2019 02:52:00 PM,30,NO CONTROLS,NO CONTROLS,CLEAR,DAYLIGHT,SIDESWIPE OPPOSITE DIRECTION,NOT DIVIDED,,STRAIGHT AND LEVEL,DRY,NO DEFECTS,ON SCENE,NO INJURY / DRIVE AWAY,,,Y,$500 OR LESS,11/13/2019 03:00:00 PM,IMPROPER LANE USAGE,NOT APPLICABLE,4910,S,AVERS AVE,821,,,,,,,2,NO INDICATION OF INJURY,0,0,0,0,0,0,6,14,4,11,41.8038845361,-87.7199872715,POINT (-87.719987271496 41.80388453606)
21202dbcacc12bcf89da66bbfa50fd45b663df441e46dde4421f4daffb700802130ab6a4381ff4883f9a44829d6c6633b01c7ae883887e0444ec072246e74fc4,,11/12/2019 06:30:00 PM,30,STOP SIGN/FLASHER,FUNCTIONING PROPERLY,CLEAR,DAYLIGHT,REAR END,NOT DIVIDED,,STRAIGHT AND LEVEL,ICE,NO DEFECTS,NOT ON SCENE (DESK REPORT),NO INJURY / DRIVE AWAY,,,,"$501 - $1,500",11/20/2019 01:37:00 PM,FOLLOWING TOO CLOSELY,FAILING TO REDUCE SPEED TO AVOID CRASH,5559,W,DRUMMOND PL,2514,,,,,,,2,NO INDICATION OF INJURY,0,0,0,0,0,0,4,18,3,11,41.9284336159,-87.7660171666,POINT (-87.766017166565 41.928433615889)
f33322cef913363bfa502e8d53ddb5b93ea7f76f1d4535b700f4524259672379833c4e3473e5494d706fa85a8c614165a2335a5f323e02a453f54703fe4cea03,,11/10/2019 05:30:00 PM,15,NO CONTROLS,NO CONTROLS,CLEAR,"DARKNESS, LIGHTED ROAD",PARKED MOTOR VEHICLE,ONE-WAY,,STRAIGHT AND LEVEL,DRY,NO DEFECTS,NOT ON SCENE (DESK REPORT),NO INJURY / DRIVE AWAY,,,Y,"OVER $1,500",11/11/2019 07:30:00 PM,"OPERATING VEHICLE IN ERRATIC, RECKLESS, CARELESS, NEGLIGENT OR AGGRESSIVE MANNER",NOT APPLICABLE,3916,W,61ST PL,823,,,,,,,2,NO INDICATION OF INJURY,0,0,0,0,0,0,1,17,1,11,41.781521828,-87.7211377021,POINT (-87.721137702067 41.78152182797)
8dad9dda83548351c746c21ab1deb700ddecc1b6a6c7bccd737ab3145bdd134ca3e39c00a93c11f4b3702c61937fc753224b4e9f54d81c6774987db4d4de1d6d,,11/07/2019 05:10:00 PM,30,NO CONTROLS,NO CONTROLS,CLEAR,"DARKNESS, LIGHTED ROAD",REAR END,NOT DIVIDED,,STRAIGHT AND LEVEL,DRY,NO DEFECTS,NOT ON SCENE (DESK REPORT),NO INJURY / DRIVE AWAY,,,,"OVER $1,500",11/07/2019 05:25:00 PM,FOLLOWING TOO CLOSELY,UNABLE TO DETERMINE,4430,S,HALSTED ST,925,,,,,,,2,NO INDICATION OF INJURY,0,0,0,0,0,0,3,17,5,11,41.8132927171,-87.6458019833,POINT (-87.645801983346 41.81329271714)
bf71c4953ba9f894ed7c8e03a59c40c4a49135e4bf132fd4dc838bd96e20c0eb700c319a16458dde346e21ff6576d3eeb4bcc5107878a2d5fdfae149fb6df4c8,,11/05/2019 08:15:00 AM,30,STOP SIGN/FLASHER,FUNCTIONING PROPERLY,CLEAR,DAYLIGHT,PARKED MOTOR VEHICLE,NOT DIVIDED,,STRAIGHT AND LEVEL,DRY,NO DEFECTS,ON SCENE,NO INJURY / DRIVE AWAY,,,,$500 OR LESS,11/05/2019 08:15:00 AM,UNABLE TO DETERMINE,UNABLE TO DETERMINE,4315,W,WILSON AVE,1722,,,,,,,2,NO INDICATION OF INJURY,0,0,0,0,0,0,1,8,3,11,41.9643900439,-87.7364359294,POINT (-87.736435929433 41.964390043936)
d981d8bc1d5e6c1923e6be3b7fbd1f01ae65069421ab3fcf446f5fff8b70009ee0f781ee3c864fff4bdd87ba37a4b03caca7ea93275963422df1f048fbef665c,,11/02/2019 04:30:00 AM,30,STOP SIGN/FLASHER,FUNCTIONING PROPERLY,CLEAR,"DARKNESS, LIGHTED ROAD",TURNING,NOT DIVIDED,,STRAIGHT AND LEVEL,DRY,NO DEFECTS,ON SCENE,INJURY AND / OR TOW DUE TO CRASH,Y,,,"OVER $1,500",11/02/2019 04:40:00 AM,FOLLOWING TOO CLOSELY,FAILING TO REDUCE SPEED TO AVOID CRASH,5199,S,CICERO AVE,815,,,,,,,2,NONINCAPACITATING INJURY,1,0,0,1,0,0,1,4,7,11,41.798747281,-87.7427856868,POINT (-87.742785686821 41.798747281016)
4c8292ea88faf142f83cc69ddc368f629121fe4abd8ac567bbd01404ae0fcb6cbf93e68fe9f9c933adf009061b7006cb5a8477554cd47633b91b28da8629fa5d,,11/01/2019 08:25:00 AM,35,NO CONTROLS,NO CONTROLS,CLEAR,DAYLIGHT,REAR TO SIDE,NOT DIVIDED,,"CURVE, LEVEL",SNOW OR SLUSH,UNKNOWN,ON SCENE,INJURY AND / OR TOW DUE TO CRASH,,,,"OVER $1,500",11/01/2019 08:25:00 AM,WEATHER,UNABLE TO DETERMINE,12800,S,DOTY AVE E,434,,,,,,,2,NO INDICATION OF INJURY,0,0,0,0,0,0,2,8,6,11,41.6620377573,-87.5899078025,POINT (-87.58990780248 41.662037757269)
12b32c461cfed6d19532ac2b7002b5356cf6c5bef3e1c79dda25da9d2dd014984f2ce6498f25817ed821c129ece3c41cfa267c7ed63b4bf23657e2e3fbbaf021,,10/31/2019 02:30:00 PM,30,STOP SIGN/FLASHER,FUNCTIONING PROPERLY,SNOW,DAYLIGHT,TURNING,NOT DIVIDED,,STRAIGHT AND LEVEL,SNOW OR SLUSH,NO DEFECTS,ON SCENE,NO INJURY / DRIVE AWAY,,,,"$501 - $1,500",10/31/2019 02:37:00 PM,FAILING TO YIELD RIGHT-OF-WAY,UNABLE TO DETERMINE,4604,S,ARCHER AVE,821,Y,,,,,,2,NO INDICATION OF INJURY,0,0,0,0,0,0,2,14,5,10,41.8098324151,-87.7114124385,POINT (-87.711412438547 41.809832415071)
4145adb64dd08c6d1c5213a8bfb2382d852968c1b700907a87a9d26fc4fe5649b4bfe4ea537a5fce107406ca6acb34a1fb49756022cc63062956358d7f99bbc3,,10/31/2019 09:00:00 AM,20,NO CONTROLS,NO CONTROLS,CLEAR,DAYLIGHT,REAR END,NOT DIVIDED,,STRAIGHT AND LEVEL,DRY,NO DEFECTS,ON SCENE,NO INJURY / DRIVE AWAY,,,Y,"OVER $1,500",12/03/2019 10:51:00 AM,UNABLE TO DETERMINE,UNABLE TO DETERMINE,536,E,MORGAN DR,233,,,,,,,2,NO INDICATION OF INJURY,0,0,0,0,0,0,2,9,5,10,41.7934926459,-87.6118759701,POINT (-87.611875970136 41.793492645897)
f1a01646115cc93b0d4b01b70077433abadb9b7dbfe2668e5e832f0e8a46c26eff5a07ac495b0ba92b94f6091b7d3310729ddf4fa9b556661f4973a347c0d610,,10/29/2019 05:20:00 PM,30,NO CONTROLS,NO CONTROLS,CLEAR,"DARKNESS, LIGHTED ROAD",PEDALCYCLIST,NOT DIVIDED,,STRAIGHT AND LEVEL,DRY,NO DEFECTS,ON SCENE,INJURY AND / OR TOW DUE TO CRASH,,,,$500 OR LESS,10/29/2019 05:32:00 PM,"VISION OBSCURED (SIGNS, TREE LIMBS, BUILDINGS, ETC.)",UNABLE TO DETERMINE,3444,N,KIMBALL AVE,1732,,,Y,,,,3,NONINCAPACITATING INJURY,1,0,0,1,0,0,2,17,3,10,41.9440539755,-87.7127820726,POINT (-87.712782072559 41.944053975524)
310494709ec45ff4a8b700e49c56367305960b98e2a127340cebd387c66165cec037b94d2dc3727bb01df778ea173c74d7ac738ab0a09a60bf6b30f447f19669,,10/28/2019 11:45:00 AM,30,NO CONTROLS,NO CONTROLS,CLEAR,DAYLIGHT,PARKED MOTOR VEHICLE,ONE-WAY,,STRAIGHT AND LEVEL,DRY,NO DEFECTS,NOT ON SCENE (DESK REPORT),NO INJURY / DRIVE AWAY,,,,"OVER $1,500",10/28/2019 01:18:00 PM,IMPROPER BACKING,NOT APPLICABLE,190,E,WALTON ST,1833,,,,,,,2,NO INDICATION OF INJURY,0,0,0,0,0,0,1,11,2,10,41.9001488395,-87.6222172814,POINT (-87.622217281358 41.90014883953)
e5eab8741aa4f05ec567366e2859ff56244420e883b27488bf8a243c1af049d6b5d0ad8d3c5462a38f8f703ebdae4deb9379428a3b7009beaf42fef91b115453,,10/25/2019 04:00:00 PM,30,NO CONTROLS,NO CONTROLS,CLEAR,DAYLIGHT,PARKED MOTOR VEHICLE,NOT DIVIDED,,STRAIGHT AND LEVEL,DRY,UNKNOWN,NOT ON SCENE (DESK REPORT),NO INJURY / DRIVE AWAY,,,,"OVER $1,500",10/31/2019 02:55:00 PM,UNABLE TO DETERMINE,UNABLE TO DETERMINE,240,N,HOMAN AVE,1123,,,,,,,2,NO INDICATION OF INJURY,0,0,0,0,0,0,1,16,6,10,41.885932718,-87.7113016254,POINT (-87.711301625351 41.885932717983)
64de937a13b8cee335d96885cfa348110fc6e33b2e77ac9297c89dee67f458bb700ded1e83b60f28a95249a07823d0759ad6583e51b959f7da34d20129a6e1ae,,10/25/2019 10:45:00 AM,30,TRAFFIC SIGNAL,FUNCTIONING PROPERLY,CLEAR,DAYLIGHT,REAR END,FOUR WAY,,STRAIGHT AND LEVEL,DRY,NO DEFECTS,NOT ON SCENE (DESK REPORT),NO INJURY / DRIVE AWAY,Y,,,"OVER $1,500",10/25/2019 11:15:00 AM,UNABLE TO DETERMINE,UNABLE TO DETERMINE,9900,S,DR MARTIN LUTHER KING JR DR,511,,,,,,,2,NO INDICATION OF INJURY,0,0,0,0,0,0,3,10,6,10,41.7145806371,-87.6141233952,POINT (-87.614123395176 41.714580637087)
c30ed5deb2c0c0e886b35b9a77cb7b700297a7aaa061be444d99469e9de6f88d76dc0a7c283d1d856e448cf057c178c3d47212112de23eb447e7372ff0a94c75,N,10/25/2019 08:30:00 AM,30,NO CONTROLS,NO CONTROLS,CLEAR,"DARKNESS, LIGHTED ROAD",SIDESWIPE SAME DIRECTION,NOT DIVIDED,,STRAIGHT AND LEVEL,DRY,NO DEFECTS,ON SCENE,NO INJURY / DRIVE AWAY,,,Y,"OVER $1,500",10/25/2019 10:08:00 PM,IMPROPER OVERTAKING/PASSING,NOT APPLICABLE,4027,S,KEDZIE AVE,921,,,,,,,2,NO INDICATION OF INJURY,0,0,0,0,0,0,3,8,6,10,41.8199396223,-87.7042894717,POINT (-87.704289471727 41.819939622311)
c32ad1b86c9a1161dfe4261fa320ce7c512d43eb70038b79a49a503a8c9c9ffde90ff8a05384c017e7f53e710e22275bf7c27f23b57af061102f14784e8ecb30,,10/25/2019 03:30:00 AM,30,TRAFFIC SIGNAL,FUNCTIONING PROPERLY,CLEAR,"DARKNESS, LIGHTED ROAD",TURNING,OTHER,,STRAIGHT AND LEVEL,DRY,NO DEFECTS,NOT ON SCENE (DESK REPORT),NO INJURY / DRIVE AWAY,Y,,Y,"$501 - $1,500",10/25/2019 04:05:00 AM,UNABLE TO DETERMINE,NOT APPLICABLE,160,E,SUPERIOR ST,1833,,,,,,,2,NO INDICATION OF INJURY,0,0,0,0,0,0,3,3,6,10,41.8958629463,-87.6232530402,POINT (-87.623253040218 41.895862946296)
031e23d12275e164f05ecc625a6f70257bd41a11dce78d97fdc2644375158e75836d75f740a00ca46a4fa5b8c017d15c77397cd16b5be9660ca7532e7754b700,,10/24/2019 05:47:00 PM,30,TRAFFIC SIGNAL,FUNCTIONING PROPERLY,CLEAR,DUSK,TURNING,DIVIDED - W/MEDIAN BARRIER,,STRAIGHT AND LEVEL,DRY,NO DEFECTS,ON SCENE,INJURY AND / OR TOW DUE TO CRASH,Y,,,"OVER $1,500",10/24/2019 05:47:00 PM,DISREGARDING TRAFFIC SIGNALS,FAILING TO REDUCE SPEED TO AVOID CRASH,1600,E,67TH ST,331,,,,,,,2,"REPORTED, NOT EVIDENT",1,0,0,0,1,0,3,17,5,10,41.7734546648,-87.5860869812,POINT (-87.586086981214 41.773454664759)
f07fc7b5e8827d07cdf2d6b74fe2698c3a8966978b3e5b6ad1b1df5ec5c5e826911eee0b74de34624eb04a81a593b8a36d1a7207149bd0cf92b7009f80cd128f,,10/20/2019 11:10:00 PM,30,NO CONTROLS,NO CONTROLS,CLEAR,"DARKNESS, LIGHTED ROAD",REAR END,ONE-WAY,,STRAIGHT AND LEVEL,DRY,NO DEFECTS,ON SCENE,INJURY AND / OR TOW DUE TO CRASH,,,Y,"OVER $1,500",10/20/2019 11:11:00 PM,UNABLE TO DETERMINE,UNABLE TO DETERMINE,4120,W,GLADYS AVE,1132,,,,,,,3,NO INDICATION OF INJURY,0,0,0,0,0,0,2,23,1,10,41.8762463099,-87.7288530037,POINT (-87.728853003713 41.876246309933)
eb98d4537655703c8e47ecf589583bc5ea53cb1a0742479a13974edb3016a14b3a81352c3276224cb9d33ba0d8a5ba811a0caa5c488e1b269058fa32b70031a4,,10/20/2019 06:06:00 PM,35,UNKNOWN,UNKNOWN,CLEAR,"DARKNESS, LIGHTED ROAD",FIXED OBJECT,DIVIDED - W/MEDIAN (NOT RAISED),,STRAIGHT AND LEVEL,DRY,NO DEFECTS,ON SCENE,NO INJURY / DRIVE AWAY,,,,$500 OR LESS,10/20/2019 06:07:00 PM,"OPERATING VEHICLE IN ERRATIC, RECKLESS, CARELESS, NEGLIGENT OR AGGRESSIVE MANNER",RELATED TO BUS STOP,801,W,119TH ST,524,,N,,,,,2,NO INDICATION OF INJURY,0,0,0,0,0,0,4,18,1,10,41.6777038827,-87.6419845177,POINT (-87.641984517713 41.677703882725)