CRASH_RECORD_ID,CRASH_DATE_EST_I,CRASH_DATE,POSTED_SPEED_LIMIT,TRAFFIC_CONTROL_DEVICE,DEVICE_CONDITION,WEATHER_CONDITION,LIGHTING_CONDITION,FIRST_CRASH_TYPE,TRAFFICWAY_TYPE,LANE_CNT,ALIGNMENT,ROADWAY_SURFACE_COND,ROAD_DEFECT,REPORT_TYPE,CRASH_TYPE,INTERSECTION_RELATED_I,NOT_RIGHT_OF_WAY_I,HIT_AND_RUN_I,DAMAGE,DATE_POLICE_NOTIFIED,PRIM_CONTRIBUTORY_CAUSE,SEC_CONTRIBUTORY_CAUSE,STREET_NO,STREET_DIRECTION,STREET_NAME,BEAT_OF_OCCURRENCE,PHOTOS_TAKEN_I,STATEMENTS_TAKEN_I,DOORING_I,WORK_ZONE_I,WORK_ZONE_TYPE,WORKERS_PRESENT_I,NUM_UNITS,MOST_SEVERE_INJURY,INJURIES_TOTAL,INJURIES_FATAL,INJURIES_INCAPACITATING,INJURIES_NON_INCAPACITATING,INJURIES_REPORTED_NOT_EVIDENT,INJURIES_UNKNOWN,INJURIES_NO_INDICATION,CRASH_HOUR,CRASH_DAY_OF_WEEK,CRASH_MONTH,LATITUDE,LONGITUDE,LOCATION
476be7e012b1a1cb61c1bf8ae27db09dd05d005c8178072585eb385a6914b700be1227bbc7ba745f0c714849048d4f178395eaca80d6a7c0309a0b38e34be42c,,10/19/2019 10:30:00 AM,30,NO CONTROLS,NO CONTROLS,CLEAR,DAYLIGHT,REAR END,DIVIDED - W/MEDIAN (NOT RAISED),,STRAIGHT AND LEVEL,DRY,NO DEFECTS,ON SCENE,NO INJURY / DRIVE AWAY,,,Y,$500 OR LESS,10/19/2019 11:18:00 AM,FOLLOWING TOO CLOSELY,UNABLE TO DETERMINE,4311,W,DEVON AVE,1711,,,,,,,2,NO INDICATION OF INJURY,0,0,0,0,0,0,3,10,7,10,41.997137619,-87.7367182976,POINT (-87.736718297644 41.997137618991)
502325f992ae1ab5dc3a7bf67f585a3198d386b5cefb43043219e4a144e1fcf4e0fa560b92505c94a2ec9c4f6dd2856213a3fa08a0b700cb271ab970081591ca,,10/17/2019 09:03:00 PM,30,NO CONTROLS,NO CONTROLS,CLEAR,"DARKNESS, LIGHTED ROAD",PARKED MOTOR VEHICLE,NOT DIVIDED,,STRAIGHT AND LEVEL,DRY,NO DEFECTS,ON SCENE,INJURY AND / OR TOW DUE TO CRASH,,,,"OVER $1,500",10/17/2019 09:10:00 PM,FAILING TO REDUCE SPEED TO AVOID CRASH,UNDER THE INFLUENCE OF ALCOHOL/DRUGS (USE WHEN ARREST IS EFFECTED),10354,S,COMMERCIAL AVE,431,,,,,,,2,NO INDICATION OF INJURY,0,0,0,0,0,0,1,21,5,10,41.7069732712,-87.554237226,POINT (-87.554237226015 41.706973271249)
d2b700cc98864c43dd7baa4be3f0183cfd2a9adc5e3a23747d91797a4fdbd706b6c541fcb39e7964f5f7cc5c883ff40417b483a04c438d4845b9d5db003dbea6,,10/15/2019 04:45:00 PM,30,NO CONTROLS,NO CONTROLS,RAIN,DAYLIGHT,TURNING,NOT DIVIDED,,STRAIGHT AND LEVEL,WET,NO DEFECTS,NOT ON SCENE (DESK REPORT),NO INJURY / DRIVE AWAY,,,,"$501 - $1,500",10/15/2019 05:25:00 PM,FAILING TO YIELD RIGHT-OF-WAY,NOT APPLICABLE,1741,S,HALSTED ST,1235,,,,,,,2,NO INDICATION OF INJURY,0,0,0,0,0,0,2,16,3,10,41.8579252678,-87.6464979994,POINT (-87.646497999382 41.857925267838)
9f9c2150308a3bd2d4d8dae7dc23c1bffb700184b5db4139ea7d5341ab76d2401fe0a64c8e67adf535feb6efb738d68c5e1114197ba426282e1f9744b7901116,,10/15/2019 03:42:00 PM,30,NO CONTROLS,NO CONTROLS,RAIN,DUSK,TURNING,NOT DIVIDED,,STRAIGHT AND LEVEL,WET,UNKNOWN,ON SCENE,NO INJURY / DRIVE AWAY,,,Y,$500 OR LESS,10/15/2019 03:42:00 PM,IMPROPER TURNING/NO SIGNAL,NOT APPLICABLE,3146,N,ELSTON AVE,1411,,,,,,,2,NO INDICATION OF INJURY,0,0,0,0,0,0,2,15,3,10,41.938231495,-87.6968508266,POINT (-87.696850826611 41.93823149502)
1dcf8f3b40adc3ce52bdaf57f609fbe3a93810e646670191c12b0f42dfbb89d5d82da743d778ff7eac495f4cbb9578f3cd3237f6642b3b1c95fb41edb700077f,,10/12/2019 10:00:00 PM,30,TRAFFIC SIGNAL,FUNCTIONING PROPERLY,CLEAR,"DARKNESS, LIGHTED ROAD",REAR END,NOT DIVIDED,,STRAIGHT AND LEVEL,DRY,NO DEFECTS,NOT ON SCENE (DESK REPORT),INJURY AND / OR TOW DUE TO CRASH,Y,,,"OVER $1,500",10/12/2019 10:20:00 PM,FOLLOWING TOO CLOSELY,NOT APPLICABLE,200,S,MICHIGAN AVE,113,,,,,,,2,"REPORTED, NOT EVIDENT",1,0,0,0,1,0,1,22,7,10,41.8794893287,-87.6244981249,POINT (-87.624498124934 41.879489328698)
fffb85093f7ef92eb0f11c960e57ccf5ca7c7ba3ac3354a753466e049033f34463e589a39c0c179d813624547ff402fce3b25fec468ab2ab8522520b6b700f1f,,10/11/2019 08:15:00 AM,30,TRAFFIC SIGNAL,FUNCTIONING PROPERLY,RAIN,DAYLIGHT,SIDESWIPE SAME DIRECTION,NOT DIVIDED,,STRAIGHT AND LEVEL,DRY,NO DEFECTS,NOT ON SCENE (DESK REPORT),NO INJURY / DRIVE AWAY,Y,,,"OVER $1,500",10/11/2019 09:00:00 AM,FAILING TO YIELD RIGHT-OF-WAY,IMPROPER OVERTAKING/PASSING,2341,N,HARLEM AVE,2512,,,,,,,2,NO INDICATION OF INJURY,0,0,0,0,0,0,2,8,6,10,41.9222347774,-87.8060518331,POINT (-87.806051833107 41.922234777404)
8dbe4a39ce593578558cf93de0c83c7f4723987c47ca18a3df30f1c79097043faf590b0c61ff0454011a9ab700f57c9087e28029e601d4679eb278e29e65163a,,10/10/2019 06:20:00 PM,30,NO CONTROLS,NO CONTROLS,CLOUDY/OVERCAST,DAYLIGHT,TURNING,UNKNOWN INTERSECTION TYPE,,STRAIGHT AND LEVEL,DRY,NO DEFECTS,ON SCENE,INJURY AND / OR TOW DUE TO CRASH,Y,,,"OVER $1,500",10/10/2019 06:21:00 PM,IMPROPER OVERTAKING/PASSING,UNABLE TO DETERMINE,900,W,63RD ST,712,,,,,,,2,"REPORTED, NOT EVIDENT",1,0,0,0,1,0,1,18,5,10,41.7798194485,-87.6472768343,POINT (-87.647276834282 41.779819448545)
a825fb4c4d47a4382031b01bd2736ab553a5c89e40a7483a6057df8b09e2c3f0f38fd726c21586e7f907bb0395bcca02a3e880cdd254f4cc6dd9d96230d1b700,Y,10/10/2019 02:19:00 PM,25,NO CONTROLS,UNKNOWN,CLEAR,DAYLIGHT,REAR TO REAR,PARKING LOT,,STRAIGHT AND LEVEL,DRY,NO DEFECTS,NOT ON SCENE (DESK REPORT),NO INJURY / DRIVE AWAY,,,,"OVER $1,500",10/10/2019 03:00:00 PM,IMPROPER BACKING,UNABLE TO DETERMINE,10900,S,DOTY AVE E,513,,,,,,,2,NO INDICATION OF INJURY,0,0,0,0,0,0,2,14,5,10,41.6962325277,-87.5958061971,POINT (-87.59580619714 41.696232527674)
6315489a5cad5268536781fba54c822c9b750e287f428519ac0f167ecd267c2277cbd6b691b25a6b3db019e8a17d939c78e172938714db777b1bd142c7fb700d,,10/04/2019 07:12:00 PM,30,TRAFFIC SIGNAL,FUNCTIONING PROPERLY,CLEAR,DUSK,PEDESTRIAN,NOT DIVIDED,,STRAIGHT AND LEVEL,DRY,NO DEFECTS,ON SCENE,NO INJURY / DRIVE AWAY,,,,$500 OR LESS,10/04/2019 07:17:00 PM,DISREGARDING ROAD MARKINGS,NOT APPLICABLE,3555,N,AUSTIN AVE,1633,,,,,,,2,NO INDICATION OF INJURY,0,0,0,0,0,0,3,19,6,10,41.9456119006,-87.7763487451,POINT (-87.776348745062 41.945611900626)
ca7908fe3a6b6347f0f55ec37fdc17707fc86a3862c06ed501823e35e4b65744df79a9581face48aac06a1dad46f3811dda282b8417cb57db700ebc74ffc2f87,,10/04/2019 12:35:00 PM,30,NO CONTROLS,NO CONTROLS,CLEAR,DAYLIGHT,SIDESWIPE SAME DIRECTION,NOT DIVIDED,,STRAIGHT AND LEVEL,DRY,NO DEFECTS,NOT ON SCENE (DESK REPORT),NO INJURY / DRIVE AWAY,,,,"OVER $1,500",10/04/2019 12:55:00 PM,UNABLE TO DETERMINE,UNABLE TO DETERMINE,6720,W,IRVING PARK RD,1632,,,,,,,2,NO INDICATION OF INJURY,0,0,0,0,0,0,2,12,6,10,41.9528821854,-87.7947227223,POINT (-87.794722722328 41.952882185367)
29b070f9a0cfd8f76b9c2d520df88c94568f3abb0f4a69015bfa10dc7c112cf7b992415e7e5db700a77dbaae16b8f1e2234da6bb06617a8b848644be277bf8b6,,09/28/2019 11:43:00 AM,30,STOP SIGN/FLASHER,FUNCTIONING PROPERLY,CLEAR,"DARKNESS, LIGHTED ROAD",ANGLE,NOT DIVIDED,,STRAIGHT AND LEVEL,DRY,NO DEFECTS,ON SCENE,INJURY AND / OR TOW DUE TO CRASH,Y,,,"OVER $1,500",09/28/2019 11:46:00 AM,DISREGARDING STOP SIGN,UNABLE TO DETERMINE,100,E,44TH ST,215,,,,,,,3,NO INDICATION OF INJURY,0,0,0,0,0,0,3,11,7,9,41.8148369132,-87.6229037453,POINT (-87.62290374528 41.814836913239)
9463f8599b76881bf2047eba80298a761417c7331b700337d19e1472adea0da199fef28e2a77bee98e593e3dbe062f5413003a6405ed8012e2c020a00d1213a3,,09/26/2019 11:53:00 AM,30,NO CONTROLS,NO CONTROLS,CLEAR,DAYLIGHT,REAR END,OTHER,,STRAIGHT AND LEVEL,DRY,NO DEFECTS,NOT ON SCENE (DESK REPORT),NO INJURY / DRIVE AWAY,,,,"$501 - $1,500",09/26/2019 12:00:00 PM,UNABLE TO DETERMINE,NOT APPLICABLE,3119,N,KEDZIE AVE,1411,,,,,,,2,NO INDICATION OF INJURY,0,0,0,0,0,0,2,11,5,9,41.9380924805,-87.7074575572,POINT (-87.707457557192 41.938092480514)
d9e65d7d3d3cc39336322b70055a21ce8aec724412ab358d83a43d4f81b17c6c26d33c24313980561bd5ac4c6928ab3616ddf60a17b366b81ed161e260b72b47,,09/26/2019 08:45:00 AM,30,TRAFFIC SIGNAL,FUNCTIONING PROPERLY,CLEAR,DAYLIGHT,PEDALCYCLIST,DIVIDED - W/MEDIAN BARRIER,,STRAIGHT AND LEVEL,DRY,NO DEFECTS,ON SCENE,NO INJURY / DRIVE AWAY,,,,$500 OR LESS,09/26/2019 08:45:00 AM,UNABLE TO DETERMINE,DRIVING SKILLS/KNOWLEDGE/EXPERIENCE,399,S,LAKE SHORE DR NB,114,,,,,,,2,NO INDICATION OF INJURY,0,0,0,0,0,0,2,8,5,9,41.8771670285,-87.6170248832,POINT (-87.617024883155 41.877167028541)
82c82c3f15777d5b4fc8dc7225347f4ee2cc261e375fac236c8835c221e062e0b91b9065a732a2414b310df0a79b700804deec993dfcc417324f8d4f8275545f,,09/25/2019 01:48:00 PM,15,NO CONTROLS,NO CONTROLS,CLEAR,DAYLIGHT,ANGLE,PARKING LOT,,STRAIGHT AND LEVEL,DRY,NO DEFECTS,NOT ON SCENE (DESK REPORT),NO INJURY / DRIVE AWAY,,Y,,"OVER $1,500",09/25/2019 03:16:00 PM,IMPROPER BACKING,FAILING TO REDUCE SPEED TO AVOID CRASH,4626,W,DIVERSEY AVE,2521,,,,,,,2,NO INDICATION OF INJURY,0,0,0,0,0,0,3,13,4,9,41.9316889194,-87.7430169468,POINT (-87.743016946831 41.931688919351)
e626a2e72b700533be43e5a908f669017c776f92d3cb1bfce39c0ff0e2d2ee3469aad0fd26b2af2ee64f327a3ef5c48f51dc0118f8591db16653ac7f28f58850,,09/24/2019 02:45:00 PM,30,TRAFFIC SIGNAL,FUNCTIONING PROPERLY,CLEAR,DAYLIGHT,REAR END,NOT DIVIDED,,STRAIGHT AND LEVEL,DRY,NO DEFECTS,NOT ON SCENE (DESK REPORT),NO INJURY / DRIVE AWAY,Y,,,"$501 - $1,500",09/24/2019 04:45:00 PM,FOLLOWING TOO CLOSELY,DISREGARDING TRAFFIC SIGNALS,1600,W,PETERSON AVE,2433,,,,,,,2,NO INDICATION OF INJURY,0,0,0,0,0,0,2,14,3,9,41.9909063173,-87.6701144927,POINT (-87.670114492663 41.99090631734)
52f1a8eeacd53d2f1558595cbed6d5de1d8392e4bab9ef086087e96d67800633b3b700b56c82d396f2e9d019ff677a39898ec5456c8a7f0fce23aa42e8aeec4b,,09/23/2019 01:48:00 PM,30,TRAFFIC SIGNAL,FUNCTIONING PROPERLY,CLEAR,DAYLIGHT,SIDESWIPE SAME DIRECTION,NOT DIVIDED,,STRAIGHT AND LEVEL,DRY,NO DEFECTS,NOT ON SCENE (DESK REPORT),NO INJURY / DRIVE AWAY,,,,"OVER $1,500",09/23/2019 02:30:00 PM,IMPROPER OVERTAKING/PASSING,UNABLE TO DETERMINE,1582,E,87TH ST,412,,,,,,,2,NO INDICATION OF INJURY,0,0,0,0,0,0,2,13,2,9,41.7370289623,-87.5852307642,POINT (-87.585230764222 41.737028962272)
91d03006e0970758d42f8de3d10047ec052e38476de31b6ec14c97d09c8759df3071946ba28c190342899fc79355ef7f9cdb7007efe7ee94e250da4a60e57dac,,09/20/2019 09:00:00 PM,30,NO CONTROLS,NO CONTROLS,CLEAR,"DARKNESS, LIGHTED ROAD",SIDESWIPE SAME DIRECTION,NOT DIVIDED,,STRAIGHT AND LEVEL,DRY,UNKNOWN,NOT ON SCENE (DESK REPORT),NO INJURY / DRIVE AWAY,,,,"OVER $1,500",09/20/2019 10:20:00 PM,UNABLE TO DETERMINE,UNABLE TO DETERMINE,6435,W,MONTROSE AVE,1632,,,,,,,2,NO INDICATION OF INJURY,0,0,0,0,0,0,2,21,6,9,41.9600680501,-87.7881597382,POINT (-87.788159738174 41.960068050129)
5d5d980791a9e6fb700b85089e7867e8294beeb12cf3125de7498349245dee2a03f8b14e4b2c1da6937abe4c0a4360bf59556900582c7c635fa351f8ad18fe48,,09/18/2019 04:20:00 PM,30,NO CONTROLS,NO CONTROLS,CLEAR,DAYLIGHT,SIDESWIPE SAME DIRECTION,NOT DIVIDED,,STRAIGHT AND LEVEL,DRY,NO DEFECTS,ON SCENE,INJURY AND / OR TOW DUE TO CRASH,,,,"OVER $1,500",09/18/2019 04:30:00 PM,FAILING TO YIELD RIGHT-OF-WAY,NOT APPLICABLE,5834,N,LINCOLN AVE,2011,,,,,,,2,NO INDICATION OF INJURY,0,0,0,0,0,0,5,16,4,9,41.9874238374,-87.7026322989,POINT (-87.702632298911 41.987423837421)
300120dc3501f6fe67e622c08fbd3c76fe4aea531ad1c09185d8ecbf2606afe4253822c2b70066463aafe0f45caa61bc02eddbf36530c64d31aa25a63decc7a8,,09/12/2019 06:09:00 PM,30,NO CONTROLS,NO CONTROLS,CLEAR,DAYLIGHT,REAR END,DIVIDED - W/MEDIAN (NOT RAISED),,STRAIGHT AND LEVEL,DRY,NO DEFECTS,ON SCENE,INJURY AND / OR TOW DUE TO CRASH,,,,"OVER $1,500",09/12/2019 06:11:00 PM,DISREGARDING ROAD MARKINGS,NOT APPLICABLE,8421,W,BRYN MAWR AVE,1614,,,,,,,2,NO INDICATION OF INJURY,0,0,0,0,0,0,2,18,5,9,41.9809996266,-87.8376570772,POINT (-87.837657077242 41.98099962665)
405fccde48b1ebfd01f3b31be2719b564ffc0734dbfe68c2263a1ca9dbe9ad9c14280bfa97c3ad6ed8ea8eb700cb824888b6db94e4db6f178d43c1aa7ac9a625,,09/12/2019 08:10:00 AM,30,NO CONTROLS,NO CONTROLS,CLOUDY/OVERCAST,DAYLIGHT,ANGLE,NOT DIVIDED,,STRAIGHT AND LEVEL,DRY,NO DEFECTS,ON SCENE,NO INJURY / DRIVE AWAY,,,,"OVER $1,500",09/12/2019 08:19:00 AM,FAILING TO YIELD RIGHT-OF-WAY,NOT APPLICABLE,6329,W,FOSTER AVE,1622,,,,,,,2,NO INDICATION OF INJURY,0,0,0,0,0,0,3,8,5,9,41.9755460526,-87.7866228432,POINT (-87.786622843185 41.975546052637)
4ade43ad49fd69450adab700602807ea4180f09449f3c9b734ea840247a2eb97e1b74b0312dee85f608a6317b4404ed21e72ce1c3562b948bd4c0881660d44ea,,09/11/2019 02:45:00 PM,30,TRAFFIC SIGNAL,FUNCTIONING PROPERLY,CLEAR,DAYLIGHT,TURNING,DIVIDED - W/MEDIAN (NOT RAISED),,STRAIGHT AND LEVEL,DRY,NO DEFECTS,ON SCENE,NO INJURY / DRIVE AWAY,,,,"OVER $1,500",09/11/2019 03:11:00 PM,IMPROPER TURNING/NO SIGNAL,UNABLE TO DETERMINE,2000,S,CLARK ST,131,,,,,,,2,NO INDICATION OF INJURY,0,0,0,0,0,0,2,14,4,9,41.8553958175,-87.6303052458,POINT (-87.630305245769 41.855395817538)
da600651bd8edfbe6b21ae3b7487cff27852fc9ebf236d72ad7d5f6f86b0262b3cc45cdedb476962d2dffb7d2cb70086ab1869d7b74c83a29df2a3bfb7220230,,09/07/2019 07:50:00 AM,30,NO CONTROLS,NO CONTROLS,CLEAR,DAYLIGHT,PARKED MOTOR VEHICLE,ONE-WAY,,STRAIGHT AND LEVEL,DRY,NO DEFECTS,NOT ON SCENE (DESK REPORT),NO INJURY / DRIVE AWAY,,,Y,"OVER $1,500",09/07/2019 09:20:00 AM,UNABLE TO DETERMINE,NOT APPLICABLE,3035,S,SPRINGFIELD AVE,1031,,,,,,,2,NO INDICATION OF INJURY,0,0,0,0,0,0,1,7,7,9,41.8377036181,-87.7217820673,POINT (-87.721782067255 41.837703618071)
c259cfdfbb8a5716b8d02261dfed0140c1701567cde1eaa0789159592503fdb7004714cec39af7979a09ff7195e243b0b565c3ddc1e1985d584c3254226c8d31,,09/04/2019 08:50:00 AM,30,NO CONTROLS,NO CONTROLS,CLEAR,DAYLIGHT,PEDALCYCLIST,ONE-WAY,,STRAIGHT AND LEVEL,DRY,NO DEFECTS,NOT ON SCENE (DESK REPORT),INJURY AND / OR TOW DUE TO CRASH,,,,$500 OR LESS,09/04/2019 09:20:00 AM,UNABLE TO DETERMINE,UNABLE TO DETERMINE,77,E,WASHINGTON ST,112,,,Y,,,,2,NONINCAPACITATING INJURY,1,0,0,1,0,0,2,8,4,9,41.8831149859,-87.625112088,POINT (-87.625112088007 41.883114985941)
149413215d121d6e9db9b700da2f006f037601615912c466ba33984588e1f9b19302884479e063bd0956651b9a9e7002a3ffd2bb4233a110ffdde4de454a4722,Y,09/02/2019 10:15:00 PM,25,STOP SIGN/FLASHER,NO CONTROLS,CLEAR,"DARKNESS, LIGHTED ROAD",OTHER OBJECT,ONE-WAY,,STRAIGHT AND LEVEL,DRY,NO DEFECTS,ON SCENE,INJURY AND / OR TOW DUE TO CRASH,,,,"OVER $1,500",09/02/2019 11:45:00 PM,UNABLE TO DETERMINE,NOT APPLICABLE,1437,W,48TH ST,933,,,,,,,1,,,,,,,,,22,2,9,41.8067203491,-87.6613325567,POINT (-87.661332556692 41.806720349089)
e8cc5bba3305dff5c1fce9c5a44f265ddfaf8110a25a07f93d83f2b523d4e69bc0b700d08e136f81ec5db046e7b2c251b7313064118be2d3e5c2eaff404fea90,,09/02/2019 08:30:00 AM,30,NO CONTROLS,NO CONTROLS,CLEAR,DAYLIGHT,PARKED MOTOR VEHICLE,UNKNOWN,,STRAIGHT AND LEVEL,DRY,NO DEFECTS,ON SCENE,NO INJURY / DRIVE AWAY,,,Y,"OVER $1,500",09/02/2019 10:08:00 AM,IMPROPER BACKING,IMPROPER BACKING,1836,E,72ND ST,324,,,,,,,2,NO INDICATION OF INJURY,0,0,0,0,0,0,1,8,2,9,41.7644069125,-87.5797928097,POINT (-87.579792809659 41.764406912466)
aba5932ab4318f62230a73e13eb946c5026e023e9b70096ba0155f275901b3d5b68d8613acae10e87cac3b6758fe25d0a85a37ef52900253b55646466fdf3bdd,Y,09/01/2019 03:00:00 PM,30,STOP SIGN/FLASHER,FUNCTIONING PROPERLY,UNKNOWN,UNKNOWN,PARKED MOTOR VEHICLE,ONE-WAY,,STRAIGHT AND LEVEL,UNKNOWN,NO DEFECTS,ON SCENE,NO INJURY / DRIVE AWAY,,,Y,"$501 - $1,500",09/02/2019 09:56:00 AM,NOT APPLICABLE,NOT APPLICABLE,734,N,CAMPBELL AVE,1221,,,,,,,2,NO INDICATION OF INJURY,0,0,0,0,0,0,1,15,1,9,41.8948434201,-87.6894279143,POINT (-87.689427914254 41.894843420065)
43033d83e1320fe04650f94e3dfcb44de98987842e2f322ca7ef220f9495080a9ba1bc0570026f810b78cd74d21a1a795534721351b7002440d11e80bef18a32,Y,08/28/2019 10:00:00 AM,20,TRAFFIC SIGNAL,FUNCTIONING PROPERLY,CLEAR,DAYLIGHT,SIDESWIPE SAME DIRECTION,ONE-WAY,,STRAIGHT AND LEVEL,DRY,NO DEFECTS,NOT ON SCENE (DESK REPORT),NO INJURY / DRIVE AWAY,,,,"OVER $1,500",08/28/2019 10:35:00 AM,UNABLE TO DETERMINE,UNABLE TO DETERMINE,61,W,SUPERIOR ST,1832,,,,,,,2,NO INDICATION OF INJURY,0,0,0,0,0,0,2,10,4,8,41.8955350928,-87.6305301021,POINT (-87.630530102128 41.895535092823)
0bb319db47ff31cef2f2ee2828b814b6f91d96f0df764852a27fae7f2dfba020f1816f4039b700ba6b2e95d49f2f91a79adbdcd23e569154a94172adf6c7c243,,08/26/2019 08:00:00 AM,30,NO CONTROLS,NOT FUNCTIONING,CLOUDY/OVERCAST,DAYLIGHT,PARKED MOTOR VEHICLE,NOT DIVIDED,,STRAIGHT AND LEVEL,DRY,NO DEFECTS,ON SCENE,NO INJURY / DRIVE AWAY,,,Y,"OVER $1,500",08/26/2019 08:20:00 AM,UNABLE TO DETERMINE,UNABLE TO DETERMINE,10041,S,STATE ST,511,,,,,,,2,NO INDICATION OF INJURY,0,0,0,0,0,0,1,8,2,8,41.7114192848,-87.6234601931,POINT (-87.623460193054 41.711419284794)
3d718d6af6790fe59949de0644622b986da79514c8e233fd7e90e6eb6c0ae339e2b01cad2b67f7d46bef261bf3f062a4a00378d7799b0bbb06036499f81b7005,,08/20/2019 03:00:00 PM,30,NO CONTROLS,NOT FUNCTIONING,RAIN,DAYLIGHT,TURNING,FOUR WAY,,STRAIGHT AND LEVEL,WET,NO DEFECTS,ON SCENE,INJURY AND / OR TOW DUE TO CRASH,,,,"OVER $1,500",08/20/2019 03:22:00 PM,UNABLE TO DETERMINE,UNABLE TO DETERMINE,7701,S,SOUTH SHORE DR,421,,,,,,,2,NONINCAPACITATING INJURY,3,0,0,3,0,0,2,15,3,8,41.757053208,-87.5533067826,POINT (-87.553306782622 41.757053208029)
ea4a93af2c6509260573fecd018b20e20845d44e7b18c000c0fcb70ddce0958639c16fc802ba5c55f7bd9192e1a24336876fd4f59389b3e56691b700a476b29a,Y,08/20/2019 09:38:00 AM,30,NO CONTROLS,NO CONTROLS,CLEAR,DAYLIGHT,PARKED MOTOR VEHICLE,PARKING LOT,,STRAIGHT AND LEVEL,DRY,NO DEFECTS,ON SCENE,NO INJURY / DRIVE AWAY,,Y,Y,"OVER $1,500",08/20/2019 09:38:00 AM,UNABLE TO DETERMINE,UNABLE TO DETERMINE,5461,N,EAST RIVER RD,1614,,,,,,,2,NO INDICATION OF INJURY,0,0,0,0,0,0,1,9,3,8,41.9790096797,-87.8463014191,POINT (-87.846301419068 41.979009679704)
865cff8c053deae3467af99a06f83a693566a4a095b70069927a921fe0eebaabe195adcb44269644a8110b4231feb37a0c061ddeb601ac0d8f0d0223a12b0c6e,Y,08/18/2019 12:01:00 AM,30,NO CONTROLS,NO CONTROLS,UNKNOWN,"DARKNESS, LIGHTED ROAD",PARKED MOTOR VEHICLE,ONE-WAY,,STRAIGHT AND LEVEL,UNKNOWN,UNKNOWN,NOT ON SCENE (DESK REPORT),NO INJURY / DRIVE AWAY,,,Y,"OVER $1,500",08/18/2019 08:30:00 AM,UNABLE TO DETERMINE,UNABLE TO DETERMINE,4310,W,IOWA ST,1111,,,,,,,2,NO INDICATION OF INJURY,0,0,0,0,0,0,1,0,1,8,41.897164164,-87.7339655564,POINT (-87.733965556386 41.89716416397)
81f976e6c7a0e833392320f0ab7dce33942a4ce2a634979e9c33bf46dde738490bf10c95ba64b55121dd8e375ab71e17fc3b7477d53acc39116f1b050f17b700,,08/17/2019 04:05:00 PM,30,TRAFFIC SIGNAL,FUNCTIONING PROPERLY,CLEAR,DAYLIGHT,SIDESWIPE SAME DIRECTION,ONE-WAY,,STRAIGHT AND LEVEL,DRY,NO DEFECTS,NOT ON SCENE (DESK REPORT),NO INJURY / DRIVE AWAY,,,,"$501 - $1,500",08/17/2019 04:15:00 PM,IMPROPER LANE USAGE,IMPROPER LANE USAGE,150,N,COLUMBUS DR,114,,,,,,,2,NO INDICATION OF INJURY,0,0,0,0,0,0,2,16,7,8,41.8845853706,-87.6207921526,POINT (-87.620792152563 41.884585370634)
aa69373f4f0a53b535d886c06ba5c50396fdeb1bdcdff7c6826cd826b48d8183f3b25db58b700bb6433a9440ac64d290e2429adb4f8e63e52cafc24ba40ac5e8,,08/17/2019 04:11:00 AM,30,NO CONTROLS,NO CONTROLS,CLEAR,"DARKNESS, LIGHTED ROAD",PARKED MOTOR VEHICLE,DIVIDED - W/MEDIAN (NOT RAISED),,STRAIGHT AND LEVEL,DRY,NO DEFECTS,ON SCENE,INJURY AND / OR TOW DUE TO CRASH,,,N,"OVER $1,500",08/17/2019 04:17:00 AM,NOT APPLICABLE,NOT APPLICABLE,3699,N,OAK PARK AVE,1632,,,,,,,2,NO INDICATION OF INJURY,0,0,0,0,0,0,1,4,7,8,41.9472053801,-87.7959108855,POINT (-87.795910885533 41.947205380114)
d98b7768b9ebbe0f0c949c104ad9b4db700b20badcc09bc0796a7ec5866812be8eae0c6be36a2527e7c922f90b9fbe246b7fa4d9d1997dda81fa2ee2c56725ca,,08/16/2019 09:20:00 PM,30,TRAFFIC SIGNAL,FUNCTIONING PROPERLY,CLEAR,"DARKNESS, LIGHTED ROAD",REAR END,DIVIDED - W/MEDIAN (NOT RAISED),,STRAIGHT AND LEVEL,DRY,NO DEFECTS,NOT ON SCENE (DESK REPORT),INJURY AND / OR TOW DUE TO CRASH,,,,"OVER $1,500",08/16/2019 10:15:00 PM,FOLLOWING TOO CLOSELY,FAILING TO REDUCE SPEED TO AVOID CRASH,806,N,CICERO AVE,1531,,,,,,,2,NONINCAPACITATING INJURY,2,0,0,2,0,0,1,21,6,8,41.8952625073,-87.7459618123,POINT (-87.745961812314 41.895262507343)
3fb0fb700b09a6c97b6ad253e106395dad2b86ae3faec7a74583abb6439c7951a04c06c1a6600e3ef98bce4d64259e3739219f3c5ed0c660960e6a5c4305258d,,08/13/2019 08:00:00 PM,25,NO CONTROLS,NO CONTROLS,CLEAR,"DARKNESS, LIGHTED ROAD",PARKED MOTOR VEHICLE,ONE-WAY,,STRAIGHT AND LEVEL,DRY,NO DEFECTS,NOT ON SCENE (DESK REPORT),NO INJURY / DRIVE AWAY,,,Y,"OVER $1,500",08/13/2019 09:00:00 PM,UNABLE TO DETERMINE,UNABLE TO DETERMINE,4505,S,CHRISTIANA AVE,821,,,,,,,2,NO INDICATION OF INJURY,0,0,0,0,0,0,1,20,3,8,41.8116157133,-87.7078479817,POINT (-87.707847981671 41.811615713348)