CRASH_RECORD_ID,CRASH_DATE_EST_I,CRASH_DATE,POSTED_SPEED_LIMIT,TRAFFIC_CONTROL_DEVICE,DEVICE_CONDITION,WEATHER_CONDITION,LIGHTING_CONDITION,FIRST_CRASH_TYPE,TRAFFICWAY_TYPE,LANE_CNT,ALIGNMENT,ROADWAY_SURFACE_COND,ROAD_DEFECT,REPORT_TYPE,CRASH_TYPE,INTERSECTION_RELATED_I,NOT_RIGHT_OF_WAY_I,HIT_AND_RUN_I,DAMAGE,DATE_POLICE_NOTIFIED,PRIM_CONTRIBUTORY_CAUSE,SEC_CONTRIBUTORY_CAUSE,STREET_NO,STREET_DIRECTION,STREET_NAME,BEAT_OF_OCCURRENCE,PHOTOS_TAKEN_I,STATEMENTS_TAKEN_I,DOORING_I,WORK_ZONE_I,WORK_ZONE_TYPE,WORKERS_PRESENT_I,NUM_UNITS,MOST_SEVERE_INJURY,INJURIES_TOTAL,INJURIES_FATAL,INJURIES_INCAPACITATING,INJURIES_NON_INCAPACITATING,INJURIES_REPORTED_NOT_EVIDENT,INJURIES_UNKNOWN,INJURIES_NO_INDICATION,CRASH_HOUR,CRASH_DAY_OF_WEEK,CRASH_MONTH,LATITUDE,LONGITUDE,LOCATION
892341bbb1a436ca01270b909a19eb4bb8532de510a0701996f947155b4d97031cb7001bc4a01f56c832db283ed46072a3c56373f6e4f0d6c90ee28ccfaeca3a,,08/12/2019 02:00:00 PM,30,NO CONTROLS,NO CONTROLS,CLEAR,DAYLIGHT,PARKED MOTOR VEHICLE,NOT DIVIDED,,STRAIGHT AND LEVEL,DRY,NO DEFECTS,NOT ON SCENE (DESK REPORT),NO INJURY / DRIVE AWAY,,,Y,"$501 - $1,500",08/12/2019 03:40:00 PM,UNABLE TO DETERMINE,UNABLE TO DETERMINE,3216,W,DOUGLAS BLVD,1022,,,,,,,2,NO INDICATION OF INJURY,0,0,0,0,0,0,1,14,2,8,41.8630618798,-87.7063629305,POINT (-87.706362930487 41.863061879828)
d7698d1ef2a9c25ff956f393dfa478de492e6d651cbb700d660b674314ddb661990bc2ba54d7018aecff29806c16b30d0897575ef740361b273565d4cdce5e0e,,08/11/2019 03:35:00 AM,35,TRAFFIC SIGNAL,FUNCTIONING PROPERLY,CLEAR,"DARKNESS, LIGHTED ROAD",TURNING,DIVIDED - W/MEDIAN (NOT RAISED),,STRAIGHT AND LEVEL,DRY,NO DEFECTS,ON SCENE,INJURY AND / OR TOW DUE TO CRASH,,,,"OVER $1,500",08/11/2019 03:37:00 AM,FAILING TO YIELD RIGHT-OF-WAY,DISREGARDING TRAFFIC SIGNALS,4400,W,CHICAGO AVE,1111,,,,,,,2,NONINCAPACITATING INJURY,2,0,0,2,0,0,0,3,1,8,41.8952926255,-87.7360706113,POINT (-87.736070611267 41.895292625513)
85b7006b55728ad1cab7b0631caff5ac2f6bacd2d0312cb95001133b75961de123488ac75a4aa6d26a91d5f24603fdbc97204369e729f9aa0c0a76f3fa196a77,,08/09/2019 05:40:00 PM,25,TRAFFIC SIGNAL,FUNCTIONING PROPERLY,UNKNOWN,DAYLIGHT,REAR END,ONE-WAY,,STRAIGHT AND LEVEL,UNKNOWN,UNKNOWN,NOT ON SCENE (DESK REPORT),NO INJURY / DRIVE AWAY,,,,"OVER $1,500",08/09/2019 09:45:00 PM,UNABLE TO DETERMINE,NOT APPLICABLE,1555,W,BARRY AVE,1932,,,,,,,2,NO INDICATION OF INJURY,0,0,0,0,0,0,2,17,6,8,41.9377550166,-87.6683240481,POINT (-87.668324048125 41.937755016556)
d901083cd787eb84d57b37d2890271a7ca7a535715760c192cacad6d05a87e6e9a5fd0bfc042484aacd667236609b20ba670b9280fa16c6c5331ddb61b700a75,,08/06/2019 02:35:00 PM,30,NO CONTROLS,NO CONTROLS,CLEAR,DAYLIGHT,TURNING,NOT DIVIDED,,STRAIGHT AND LEVEL,DRY,NO DEFECTS,ON SCENE,NO INJURY / DRIVE AWAY,Y,,,$500 OR LESS,08/06/2019 02:35:00 PM,FAILING TO YIELD RIGHT-OF-WAY,UNABLE TO DETERMINE,1340,W,103RD ST,2213,,Y,,,,,2,NO INDICATION OF INJURY,0,0,0,0,0,0,2,14,3,8,41.7068829782,-87.6566775164,POINT (-87.656677516353 41.706882978224)
98cf070f15a67aed1950b2c6ad9f0f08540ffa784b6591a1f0a93ff7c7aa0ebea2586eb700a4eeeddc7d5c3146a46eba819e29faa17cc7dbdd4eddf46d4b4ab8,,08/06/2019 01:00:00 AM,30,OTHER,OTHER,CLEAR,DARKNESS,FIXED OBJECT,ALLEY,,STRAIGHT AND LEVEL,DRY,NO DEFECTS,NOT ON SCENE (DESK REPORT),NO INJURY / DRIVE AWAY,,N,,$500 OR LESS,08/06/2019 01:00:00 AM,IMPROPER BACKING,NOT APPLICABLE,4812,W,CONGRESS PKWY,1533,,,,,,,1,NO INDICATION OF INJURY,0,0,0,0,0,0,2,1,3,8,41.8741731419,-87.7455859029,POINT (-87.745585902939 41.874173141912)
0b52ee9c1ef6d2463c195ea0624ca3fd7bf2af2ac5f9e913ee20cbbe9575d6db9d65c20237668dfaef815217fe721288b70030a9afc1bf99747901a78d29a376,,08/03/2019 12:05:00 AM,30,NO CONTROLS,NO CONTROLS,CLEAR,"DARKNESS, LIGHTED ROAD",PARKED MOTOR VEHICLE,NOT DIVIDED,,STRAIGHT AND LEVEL,DRY,UNKNOWN,NOT ON SCENE (DESK REPORT),NO INJURY / DRIVE AWAY,,,,"OVER $1,500",08/03/2019 12:57:00 AM,UNABLE TO DETERMINE,UNABLE TO DETERMINE,311,W,SUPERIOR ST,1831,,,,,,,2,NO INDICATION OF INJURY,0,0,0,0,0,0,5,0,7,8,41.8954559785,-87.6361910814,POINT (-87.636191081368 41.895455978527)
c7f67a209e614229370a0a0e25738fe106e8b1393b6ce13e1abc217b7004aff58301695a08fe229dfa24e3f35294dd4b0409c906784c3272e7156b363836869a,,08/01/2019 05:30:00 PM,30,TRAFFIC SIGNAL,FUNCTIONING PROPERLY,CLEAR,DAYLIGHT,REAR END,NOT DIVIDED,,STRAIGHT AND LEVEL,DRY,NO DEFECTS,NOT ON SCENE (DESK REPORT),NO INJURY / DRIVE AWAY,,,Y,"$501 - $1,500",08/10/2019 10:50:00 AM,UNABLE TO DETERMINE,UNABLE TO DETERMINE,2700,N,CLYBOURN AVE,1931,,,,,,,3,NO INDICATION OF INJURY,0,0,0,0,0,0,4,17,5,8,41.9300621616,-87.6757627386,POINT (-87.675762738581 41.930062161585)
34a77d8a0a06f8cd09beeb16f09e79f2641384e5c83b57963b53aacbc57b70003e4705fe0dfc19c1a094b759b172190b54fe7370ab7e0f3bb18523da3a86e05c,,07/31/2019 05:51:00 PM,30,TRAFFIC SIGNAL,FUNCTIONING PROPERLY,CLEAR,DAYLIGHT,PEDALCYCLIST,NOT DIVIDED,,STRAIGHT AND LEVEL,DRY,NO DEFECTS,ON SCENE,INJURY AND / OR TOW DUE TO CRASH,,,,"$501 - $1,500",07/31/2019 06:04:00 PM,IMPROPER TURNING/NO SIGNAL,NOT APPLICABLE,1946,N,MILWAUKEE AVE,1434,,,,,,,2,NONINCAPACITATING INJURY,1,0,0,1,0,0,1,17,4,7,41.9167153093,-87.6874736526,POINT (-87.68747365262 41.91671530927)
b5b7005c7045db26f0b43f51f125a435778a9f612645d65b22c73be30da3e2816a3b3cf642146d56445598acca4de46cebe06ce2da7b561246b83936e7dfdd27,,07/30/2019 03:00:00 PM,30,TRAFFIC SIGNAL,FUNCTIONING PROPERLY,CLEAR,DAYLIGHT,PARKED MOTOR VEHICLE,ONE-WAY,,STRAIGHT AND LEVEL,DRY,NO DEFECTS,NOT ON SCENE (DESK REPORT),NO INJURY / DRIVE AWAY,,,,"$501 - $1,500",07/31/2019 03:10:00 PM,IMPROPER OVERTAKING/PASSING,IMPROPER OVERTAKING/PASSING,80,E,LAKE ST,111,,,,,,,2,NO INDICATION OF INJURY,0,0,0,0,0,0,1,15,3,7,41.8858472087,-87.6250948574,POINT (-87.625094857363 41.885847208705)
ce7740d7821843819b7003c8f479f751c6b8d5e45f8ad8ca1df0a3637317197d22c93ac76cb899e745fe0ae3ca2baa03b95a35cffb2b55a68f9837e302c70458,,07/29/2019 07:45:00 PM,30,NO CONTROLS,NO CONTROLS,CLEAR,DAYLIGHT,REAR END,DIVIDED - W/MEDIAN (NOT RAISED),,STRAIGHT AND LEVEL,DRY,NO DEFECTS,ON SCENE,NO INJURY / DRIVE AWAY,,,N,"OVER $1,500",07/29/2019 07:50:00 PM,FAILING TO YIELD RIGHT-OF-WAY,NOT APPLICABLE,230,S,MAPLEWOOD AVE,1125,,,,,,,2,NO INDICATION OF INJURY,0,0,0,0,0,0,3,19,2,7,41.8775540521,-87.690223557,POINT (-87.690223556992 41.877554052124)
fb222c56a57d212d5eb6c21a0d969f58bfe1326ab7006a5f6ffbe15dba67f5fb7f8151c66942d95c68d1b1b2dbd81c752f1406d9a3e920b63f00265cc043fc32,,07/29/2019 07:45:00 AM,30,TRAFFIC SIGNAL,FUNCTIONING PROPERLY,CLOUDY/OVERCAST,DAYLIGHT,SIDESWIPE SAME DIRECTION,DIVIDED - W/MEDIAN (NOT RAISED),,STRAIGHT AND LEVEL,UNKNOWN,UNKNOWN,NOT ON SCENE (DESK REPORT),NO INJURY / DRIVE AWAY,Y,,Y,"$501 - $1,500",07/29/2019 02:17:00 PM,IMPROPER OVERTAKING/PASSING,DRIVING SKILLS/KNOWLEDGE/EXPERIENCE,100,W,76TH ST,623,,,,,,,2,NO INDICATION OF INJURY,0,0,0,0,0,0,2,7,2,7,41.7564728644,-87.6272035905,POINT (-87.627203590507 41.75647286444)
b700af9ee0803632daba385d602001d0b796820cda83df3962ce3570770938742481e13695a27900b583a975325f1e1359c131999c8114cb942bc592ea1dd09b,,07/23/2019 02:10:00 PM,30,TRAFFIC SIGNAL,FUNCTIONING PROPERLY,CLEAR,DAYLIGHT,TURNING,FOUR WAY,,STRAIGHT AND LEVEL,DRY,NO DEFECTS,ON SCENE,INJURY AND / OR TOW DUE TO CRASH,Y,,N,"OVER $1,500",07/23/2019 02:10:00 PM,IMPROPER LANE USAGE,FAILING TO REDUCE SPEED TO AVOID CRASH,3900,S,HALSTED ST,925,,,,,,,2,NONINCAPACITATING INJURY,2,0,0,1,1,0,1,14,3,7,41.8233563484,-87.6460685025,POINT (-87.646068502511 41.823356348371)
374495a34347d35e4e20d3e4742443bcc434a5eae3bb705f5328dbdf224abe1b70000e747c1f1853883a6f45261848af588cdc447b53775b383990989c0cea87,,07/20/2019 10:30:00 PM,30,STOP SIGN/FLASHER,FUNCTIONING PROPERLY,CLEAR,"DARKNESS, LIGHTED ROAD",REAR END,NOT DIVIDED,,STRAIGHT AND LEVEL,DRY,NO DEFECTS,NOT ON SCENE (DESK REPORT),NO INJURY / DRIVE AWAY,,,,"OVER $1,500",07/21/2019 12:09:00 AM,FOLLOWING TOO CLOSELY,FAILING TO REDUCE SPEED TO AVOID CRASH,5602,S,STONY ISLAND AVE,235,,,,,,,2,NO INDICATION OF INJURY,0,0,0,0,0,0,2,22,7,7,41.7932387223,-87.586790926,POINT (-87.586790925963 41.793238722293)
1435352b70048587345aa9ad6b058d18ea8b01bb25d8172cdca8d1a9556cc1a317386ddc5770686119a076ac200a86650def24bea237de110736f64bfd0be413,N,07/20/2019 07:00:00 AM,30,TRAFFIC SIGNAL,FUNCTIONING IMPROPERLY,CLEAR,DAYLIGHT,REAR END,NOT DIVIDED,,STRAIGHT AND LEVEL,WET,UNKNOWN,NOT ON SCENE (DESK REPORT),NO INJURY / DRIVE AWAY,Y,,Y,"OVER $1,500",07/20/2019 11:25:00 AM,UNABLE TO DETERMINE,NOT APPLICABLE,4811,W,WASHINGTON BLVD,1533,,,,,,,2,NO INDICATION OF INJURY,0,0,0,0,0,0,2,7,7,7,41.8817016265,-87.7458365928,POINT (-87.745836592799 41.881701626489)
63f01503f2a93b42296f1d4ab02ca72269006136630b57ef2bd7e00787dad3e01387b11081e5b1ac16da69a994bc6ca4120e865ae5b7003061503f0da9d502ee,Y,07/17/2019 09:30:00 AM,30,NO CONTROLS,NO CONTROLS,CLEAR,DAYLIGHT,PARKED MOTOR VEHICLE,ONE-WAY,,STRAIGHT AND LEVEL,DRY,NO DEFECTS,NOT ON SCENE (DESK REPORT),NO INJURY / DRIVE AWAY,,,Y,"OVER $1,500",07/17/2019 11:15:00 AM,UNABLE TO DETERMINE,NOT APPLICABLE,7606,S,EGGLESTON AVE,621,,,,,,,2,NO INDICATION OF INJURY,0,0,0,0,0,0,1,9,4,7,41.7559719263,-87.6357952485,POINT (-87.635795248543 41.755971926322)
cd73016eb7f2b893c01f3da25942e99c7d393b70022abb3b784f2ac8446b5f4ce69eb15903b94dd0bb439bd0034990c9e3ad761534f6f3293d7d2ce488f4c1b0,,07/16/2019 06:43:00 PM,30,TRAFFIC SIGNAL,UNKNOWN,CLEAR,DAYLIGHT,REAR END,NOT DIVIDED,,STRAIGHT AND LEVEL,DRY,NO DEFECTS,NOT ON SCENE (DESK REPORT),NO INJURY / DRIVE AWAY,,,,"$501 - $1,500",07/17/2019 10:15:00 PM,IMPROPER BACKING,UNABLE TO DETERMINE,3510,S,WALLACE ST,915,,,,,,,2,NO INDICATION OF INJURY,0,0,0,0,0,0,4,18,3,7,41.830438424,-87.6413719672,POINT (-87.641371967219 41.830438423992)
02e01c5b8b0f29d03ae3c5dcd5a9908ab70071604aa9b95907b1f5ebcc72d07dbed259ddb0c02b99c98799093bf0089c040ddfe6c98c548881f5d7aa7b92d98d,,07/16/2019 03:45:00 PM,30,NO CONTROLS,NO CONTROLS,CLOUDY/OVERCAST,DAYLIGHT,REAR END,NOT DIVIDED,,STRAIGHT AND LEVEL,WET,NO DEFECTS,NOT ON SCENE (DESK REPORT),NO INJURY / DRIVE AWAY,Y,,,"OVER $1,500",07/16/2019 03:55:00 PM,FAILING TO REDUCE SPEED TO AVOID CRASH,NOT APPLICABLE,3101,W,LOGAN BLVD,1414,,,,,,,2,NO INDICATION OF INJURY,0,0,0,0,0,0,2,15,3,7,41.9282933336,-87.704893291,POINT (-87.704893291012 41.928293333632)
a77121b607284534b8fba0c8b398177485a9fd24193be94f8cc8794d7c381c0831697e588d45f1aff45f49ecab700cb1d032ad1e20fed781ff486555a19369fa,,07/15/2019 02:52:00 PM,25,TRAFFIC SIGNAL,FUNCTIONING PROPERLY,CLEAR,DAYLIGHT,SIDESWIPE SAME DIRECTION,NOT DIVIDED,,STRAIGHT AND LEVEL,DRY,NO DEFECTS,NOT ON SCENE (DESK REPORT),NO INJURY / DRIVE AWAY,Y,,,"OVER $1,500",07/15/2019 03:12:00 PM,UNABLE TO DETERMINE,NOT APPLICABLE,499,S,STATE ST,113,,,,,,,2,NO INDICATION OF INJURY,0,0,0,0,0,0,6,14,2,7,41.8757049555,-87.6274733185,POINT (-87.627473318541 41.875704955508)
3503e5e931a8e537828bc2e902a0c609425994471b7003c8077d081e8fcc98168006dfffa9e107a491c7b95cadc527ea137ae3a39c9c0f01ad1f0a4fdcb7abb4,Y,07/13/2019 12:00:00 AM,30,NO CONTROLS,NO CONTROLS,UNKNOWN,UNKNOWN,PARKED MOTOR VEHICLE,NOT DIVIDED,,STRAIGHT AND LEVEL,UNKNOWN,UNKNOWN,NOT ON SCENE (DESK REPORT),NO INJURY / DRIVE AWAY,,,Y,"OVER $1,500",07/14/2019 09:12:00 AM,UNABLE TO DETERMINE,UNABLE TO DETERMINE,5339,N,NORTHWEST HWY,1622,,,,,,,2,NO INDICATION OF INJURY,0,0,0,0,0,0,1,0,7,7,41.9775360636,-87.7723842167,POINT (-87.772384216675 41.9775360636)
b700f79e3bab24f747d867b628df0ca2754359e1417207684276583ccfa3f7fdbcfb3d3882caf1d9b356a9270b92e2c2ab4c2e61e502f3778840825f40bb69d1,,07/10/2019 07:30:00 PM,35,UNKNOWN,NO CONTROLS,CLEAR,DAYLIGHT,PEDESTRIAN,FOUR WAY,,STRAIGHT AND LEVEL,DRY,NO DEFECTS,ON SCENE,INJURY AND / OR TOW DUE TO CRASH,N,,,$500 OR LESS,07/10/2019 07:34:00 PM,FAILING TO YIELD RIGHT-OF-WAY,UNABLE TO DETERMINE,2298,W,FULLERTON AVE,1432,,,,,,,2,NONINCAPACITATING INJURY,1,0,0,1,0,0,1,19,4,7,41.9250423187,-87.685172324,POINT (-87.685172323984 41.925042318682)
a543a028b6b12f812a17d61bdd6d73368b7000142c336c87222f7d04591a9dc19fa70c9dee412e884e16ea6d2a9643d6c5a452751a4248e3b7068a01135e8c86,Y,07/10/2019 12:38:00 PM,30,NO CONTROLS,NO CONTROLS,CLEAR,DAYLIGHT,TURNING,DIVIDED - W/MEDIAN (NOT RAISED),,STRAIGHT AND LEVEL,DRY,NO DEFECTS,NOT ON SCENE (DESK REPORT),NO INJURY / DRIVE AWAY,,,,$500 OR LESS,07/10/2019 08:28:00 PM,FAILING TO YIELD RIGHT-OF-WAY,FAILING TO YIELD RIGHT-OF-WAY,1009,S,WOOD ST,1231,,,,,,,2,NO INDICATION OF INJURY,0,0,0,0,0,0,2,12,4,7,41.8689367431,-87.6712578294,POINT (-87.671257829415 41.868936743064)
eebde16dcc55a8f77f47a7926f977670dd38ff14d74d6350185d45fdf3452e8447660966214d52cd7a33b9487974109cae1ed189536265f1eb700498c106d045,,07/09/2019 11:05:00 AM,30,STOP SIGN/FLASHER,FUNCTIONING PROPERLY,CLEAR,DAYLIGHT,ANGLE,NOT DIVIDED,,STRAIGHT AND LEVEL,DRY,NO DEFECTS,ON SCENE,INJURY AND / OR TOW DUE TO CRASH,Y,,,"OVER $1,500",07/09/2019 11:14:00 AM,FAILING TO YIELD RIGHT-OF-WAY,NOT APPLICABLE,6199,N,MILWAUKEE AVE,1611,,,,,,,2,NONINCAPACITATING INJURY,1,0,0,1,0,0,1,11,3,7,41.993782022,-87.7843012102,POINT (-87.78430121016 41.993782021995)
335b61f264a5b97fee3adcec05b057de51218ab6b820c18417ba8324cfa62b8c1f592ea3880f75b90d2a388f953c7f811cf0b7001bce65815bf6ef0009b092f3,,07/05/2019 01:00:00 PM,15,STOP SIGN/FLASHER,NO CONTROLS,CLEAR,DAYLIGHT,ANGLE,PARKING LOT,,STRAIGHT AND LEVEL,DRY,NO DEFECTS,ON SCENE,NO INJURY / DRIVE AWAY,,,,"$501 - $1,500",07/05/2019 01:18:00 PM,UNABLE TO DETERMINE,NOT APPLICABLE,4010,W,LAWRENCE AVE,1712,,,,,,,2,NO INDICATION OF INJURY,0,0,0,0,0,0,2,13,6,7,41.9683459868,-87.7285180202,POINT (-87.728518020177 41.968345986776)
ecb9a13e55f53eb6e8ae89aa4daee8af5cc47891b773245185ffb7b5c3100d3715d0c618202991373f926bb700118e137d49aca60db440bb839fbb9fd085039e,,07/04/2019 12:15:00 PM,30,TRAFFIC SIGNAL,FUNCTIONING PROPERLY,CLEAR,DAYLIGHT,TURNING,NOT DIVIDED,,"CURVE, LEVEL",DRY,NO DEFECTS,ON SCENE,NO INJURY / DRIVE AWAY,Y,,Y,"$501 - $1,500",07/04/2019 12:31:00 PM,IMPROPER TURNING/NO SIGNAL,FAILING TO REDUCE SPEED TO AVOID CRASH,3553,E,95TH ST,432,,,,,,,2,NO INDICATION OF INJURY,0,0,0,0,0,0,2,12,5,7,41.7228278629,-87.5368403869,POINT (-87.536840386946 41.722827862882)
e68c668f97f9eb96c1ecd5f2a3557c56d8b700d25433bdfc1b4841f0d7fa6507dbdd1caaff2577a293bcf60692f253bda037ae6e0ba4d9a654afcf04197755dc,,07/03/2019 04:00:00 PM,35,UNKNOWN,UNKNOWN,UNKNOWN,UNKNOWN,PARKED MOTOR VEHICLE,UNKNOWN,,STRAIGHT AND LEVEL,UNKNOWN,UNKNOWN,NOT ON SCENE (DESK REPORT),NO INJURY / DRIVE AWAY,,,,"$501 - $1,500",07/10/2019 11:00:00 AM,UNABLE TO DETERMINE,UNABLE TO DETERMINE,2550,N,LOTUS AVE,2515,,,,,,,2,NO INDICATION OF INJURY,0,0,0,0,0,0,1,16,4,7,41.9273556782,-87.7625644429,POINT (-87.762564442914 41.927355678224)
dd74a985f4812ed71030a5c4c42cc721932aef0f1d8f323554823506eb8bd9cda0cd66e248baead33ca10cb7007a6cca6291af315f6e958b9a1556f3202bd0ef,,06/30/2019 12:10:00 PM,30,UNKNOWN,UNKNOWN,CLEAR,DAYLIGHT,FIXED OBJECT,NOT DIVIDED,,STRAIGHT AND LEVEL,UNKNOWN,UNKNOWN,ON SCENE,INJURY AND / OR TOW DUE TO CRASH,,Y,,"$501 - $1,500",06/30/2019 12:10:00 PM,PHYSICAL CONDITION OF DRIVER,NOT APPLICABLE,900,S,CLARK ST,123,,,,,,,1,NONINCAPACITATING INJURY,1,0,0,1,0,0,0,12,1,6,41.8704734936,-87.6307062426,POINT (-87.630706242584 41.870473493584)
c6905f129e2b538831b70603bca5b4dbc468d0cf4989e0dd925d1f7b3512e338f1fb69e09760ff05760b10db700c965a1f36b1a1f546e00d22af540d00fa3e1b,,06/29/2019 02:20:00 PM,30,NO CONTROLS,NO CONTROLS,CLEAR,DAYLIGHT,PARKED MOTOR VEHICLE,NOT DIVIDED,,STRAIGHT AND LEVEL,DRY,NO DEFECTS,ON SCENE,INJURY AND / OR TOW DUE TO CRASH,,,,"OVER $1,500",06/29/2019 02:30:00 PM,NOT APPLICABLE,NOT APPLICABLE,10044,S,WESTERN AVE,2211,,,,,,,3,NONINCAPACITATING INJURY,2,0,0,2,0,0,0,14,7,6,41.7105550507,-87.6818930581,POINT (-87.681893058114 41.710555050707)
e507e46c012a19b3c1e0f4e5c3a561652f03e2feb700fca669916c70d595d01378888a5013dfae0de152013123f62188a4e539788fefa69842b3efaf6e2ffd93,,06/28/2019 10:30:00 AM,35,TRAFFIC SIGNAL,UNKNOWN,CLEAR,DAYLIGHT,TURNING,NOT DIVIDED,,STRAIGHT AND LEVEL,DRY,NO DEFECTS,ON SCENE,INJURY AND / OR TOW DUE TO CRASH,,,,"$501 - $1,500",06/28/2019 10:40:00 AM,IMPROPER OVERTAKING/PASSING,NOT APPLICABLE,400,E,76TH ST,624,,,,,,,2,INCAPACITATING INJURY,1,0,1,0,0,0,1,10,6,6,41.756693844,-87.6150240703,POINT (-87.615024070273 41.756693843989)
17bbb70065eed8588ba823dc879c465ee938f9f39bc8446e25d32883686ab737c8d290b22c7799fa5bf8505313f5e9db522d296eabb6736351d5a79f307e6a7b,,06/25/2019 04:35:00 PM,30,TRAFFIC SIGNAL,FUNCTIONING PROPERLY,RAIN,DAYLIGHT,REAR END,DIVIDED - W/MEDIAN (NOT RAISED),,STRAIGHT AND LEVEL,WET,NO DEFECTS,NOT ON SCENE (DESK REPORT),INJURY AND / OR TOW DUE TO CRASH,Y,,Y,$500 OR LESS,06/25/2019 05:30:00 PM,UNABLE TO DETERMINE,NOT APPLICABLE,951,N,CICERO AVE,1111,,,,,,,2,"REPORTED, NOT EVIDENT",1,0,0,0,1,0,1,16,3,6,41.8983874846,-87.7457351112,POINT (-87.745735111167 41.898387484615)
7e46f81c524afe2690e743e3b946de5f28b1f1049afccc922b7008bcae26d3ad299f4181fd63489159f2f637302a7916b32274e9fa5651646aa115f67c03e0c3,,06/25/2019 11:10:00 AM,30,TRAFFIC SIGNAL,FUNCTIONING PROPERLY,CLEAR,DAYLIGHT,SIDESWIPE SAME DIRECTION,NOT DIVIDED,,STRAIGHT AND LEVEL,DRY,NO DEFECTS,NOT ON SCENE (DESK REPORT),NO INJURY / DRIVE AWAY,,,,"$501 - $1,500",06/25/2019 11:53:00 AM,IMPROPER OVERTAKING/PASSING,NOT APPLICABLE,39,E,ROOSEVELT RD,131,,,,,,,2,NO INDICATION OF INJURY,0,0,0,0,0,0,2,11,3,6,41.867321764,-87.6258702008,POINT (-87.625870200766 41.867321764022)
dec2c553d542da04d8881438b0b70c6bf7cae837e8e67d1e9676026b82e4eacfb2e465b700d79a2129163ea189dd450643544487806d086b7f451fc42b7e70c2,,06/24/2019 09:00:00 PM,30,NO CONTROLS,NO CONTROLS,CLEAR,"DARKNESS, LIGHTED ROAD",REAR END,ONE-WAY,,STRAIGHT AND LEVEL,DRY,NO DEFECTS,NOT ON SCENE (DESK REPORT),NO INJURY / DRIVE AWAY,,,,$500 OR LESS,06/24/2019 10:00:00 PM,UNABLE TO DETERMINE,NOT APPLICABLE,300,W,OHIO ST,1831,,,,,,,2,NO INDICATION OF INJURY,0,0,0,0,0,0,2,21,2,6,41.8924773219,-87.6356711601,POINT (-87.635671160097 41.892477321905)
fc412539b1a2d1ba880dc617261ef23ae8cbe2b6bcf895dd81f16d5c55b5c1dfad5f97b2fc2c4759b70012e2b4f9ab9356a571db025208422b120705ba1b44b0,N,06/22/2019 04:00:00 PM,30,NO CONTROLS,NO CONTROLS,CLEAR,DAYLIGHT,REAR END,NOT DIVIDED,,STRAIGHT AND LEVEL,DRY,UNKNOWN,ON SCENE,INJURY AND / OR TOW DUE TO CRASH,,,,"$501 - $1,500",06/22/2019 04:00:00 PM,FAILING TO REDUCE SPEED TO AVOID CRASH,FOLLOWING TOO CLOSELY,2551,W,ADDISON ST,1921,,,,,,,2,NONINCAPACITATING INJURY,1,0,0,1,0,0,1,16,7,6,41.9466075275,-87.6927189407,POINT (-87.692718940736 41.946607527528)
38c432120a14317360fb245b728b700ef2a00f060875c3dfde696333c329893fd02ca097c0d60508251d791af87c887f41b8c7aa6108b7422c9dd86ffce1bfea,,06/21/2019 03:10:00 PM,30,NO CONTROLS,NO CONTROLS,CLEAR,DAYLIGHT,TURNING,NOT DIVIDED,,STRAIGHT AND LEVEL,DRY,NO DEFECTS,ON SCENE,NO INJURY / DRIVE AWAY,,,Y,"$501 - $1,500",06/21/2019 04:00:00 PM,IMPROPER OVERTAKING/PASSING,DRIVING SKILLS/KNOWLEDGE/EXPERIENCE,10001,S,COTTAGE GROVE AVE,511,,,,,,,2,NO INDICATION OF INJURY,0,0,0,0,0,0,2,15,6,6,41.7128730013,-87.6051365016,POINT (-87.605136501573 41.71287300127)
440d8da799d06ecb0ce96403316ec1d95ccdf238cc6e92ba60b700c2daef6c6d6169949847dda0c29c3720cab079a3481027591c5946a3e44649d5de87e87750,,06/20/2019 07:00:00 PM,10,NO CONTROLS,NO CONTROLS,CLEAR,DAYLIGHT,PARKED MOTOR VEHICLE,PARKING LOT,,STRAIGHT AND LEVEL,DRY,NO DEFECTS,ON SCENE,NO INJURY / DRIVE AWAY,,Y,Y,"OVER $1,500",06/20/2019 07:50:00 PM,UNABLE TO DETERMINE,NOT APPLICABLE,8401,W,LAWRENCE AVE,1614,,,,,,,2,NO INDICATION OF INJURY,0,0,0,0,0,0,1,19,5,6,41.9664861866,-87.8367407904,POINT (-87.836740790376 41.966486186627)
7991013fa183285ba3a7e0670efde8389d1dd25e4624f217c11b914ca888308227582c8f21f8ee81debf2dd3c09b7003cfa9de229cde70e8d213f0e44af867b6,,06/19/2019 12:30:00 PM,30,TRAFFIC SIGNAL,FUNCTIONING PROPERLY,CLEAR,DAYLIGHT,REAR END,DIVIDED - W/MEDIAN BARRIER,,STRAIGHT AND LEVEL,DRY,NO DEFECTS,NOT ON SCENE (DESK REPORT),NO INJURY / DRIVE AWAY,Y,,,"$501 - $1,500",06/19/2019 01:25:00 PM,FOLLOWING TOO CLOSELY,FOLLOWING TOO CLOSELY,1326,S,LAKE SHORE DR W,132,,,,,,,2,NO INDICATION OF INJURY,0,0,0,0,0,0,2,12,4,6,41.8651249911,-87.6195399245,POINT (-87.619539924525 41.865124991072)