CRASH_RECORD_ID,CRASH_DATE_EST_I,CRASH_DATE,POSTED_SPEED_LIMIT,TRAFFIC_CONTROL_DEVICE,DEVICE_CONDITION,WEATHER_CONDITION,LIGHTING_CONDITION,FIRST_CRASH_TYPE,TRAFFICWAY_TYPE,LANE_CNT,ALIGNMENT,ROADWAY_SURFACE_COND,ROAD_DEFECT,REPORT_TYPE,CRASH_TYPE,INTERSECTION_RELATED_I,NOT_RIGHT_OF_WAY_I,HIT_AND_RUN_I,DAMAGE,DATE_POLICE_NOTIFIED,PRIM_CONTRIBUTORY_CAUSE,SEC_CONTRIBUTORY_CAUSE,STREET_NO,STREET_DIRECTION,STREET_NAME,BEAT_OF_OCCURRENCE,PHOTOS_TAKEN_I,STATEMENTS_TAKEN_I,DOORING_I,WORK_ZONE_I,WORK_ZONE_TYPE,WORKERS_PRESENT_I,NUM_UNITS,MOST_SEVERE_INJURY,INJURIES_TOTAL,INJURIES_FATAL,INJURIES_INCAPACITATING,INJURIES_NON_INCAPACITATING,INJURIES_REPORTED_NOT_EVIDENT,INJURIES_UNKNOWN,INJURIES_NO_INDICATION,CRASH_HOUR,CRASH_DAY_OF_WEEK,CRASH_MONTH,LATITUDE,LONGITUDE,LOCATION
f63bf1aacaf40f538657d4927ed276fc9ab205768a1256250dcf03db6e2e3b700cba739fe68b5c178827b60203624ad0471da3f8acba098f09274c32a26cf65d,,06/18/2019 03:20:00 PM,30,TRAFFIC SIGNAL,FUNCTIONING PROPERLY,CLEAR,DAYLIGHT,REAR END,NOT DIVIDED,,STRAIGHT AND LEVEL,DRY,UNKNOWN,NOT ON SCENE (DESK REPORT),NO INJURY / DRIVE AWAY,,,,"OVER $1,500",06/18/2019 03:30:00 PM,FAILING TO REDUCE SPEED TO AVOID CRASH,NOT APPLICABLE,2390,W,ADDISON ST,1921,,,,,,,2,NO INDICATION OF INJURY,0,0,0,0,0,0,2,15,3,6,41.9468411436,-87.6881988294,POINT (-87.688198829415 41.946841143645)
3fafe38740b353968fd5298699304c03a5270bb6c46e1a71d51c8c3fc2b05b83c6a247e5b74adc51d78ae9a4c9a4894d4d280e990a5090e2a997cb7009b01790,,06/18/2019 03:15:00 PM,30,TRAFFIC SIGNAL,FUNCTIONING PROPERLY,CLEAR,DAYLIGHT,REAR TO SIDE,DIVIDED - W/MEDIAN (NOT RAISED),,STRAIGHT AND LEVEL,DRY,NO DEFECTS,NOT ON SCENE (DESK REPORT),NO INJURY / DRIVE AWAY,Y,,,"OVER $1,500",06/18/2019 04:50:00 PM,DRIVING SKILLS/KNOWLEDGE/EXPERIENCE,NOT APPLICABLE,50,N,WESTERN AVE,1222,,,,,,,2,NO INDICATION OF INJURY,0,0,0,0,0,0,3,15,3,6,41.8826329387,-87.6866218293,POINT (-87.686621829305 41.882632938657)
0f00afb7c74950dd7f641f143b0ccbd9bccfaf0038bc05fd3d2d4246b7006d061a9cf612398b1eb99da2cd18ed73458f90fe83b341e83a0b6fbd9965f9cc88d8,,06/12/2019 09:20:00 AM,30,TRAFFIC SIGNAL,FUNCTIONING PROPERLY,CLEAR,DAYLIGHT,OTHER OBJECT,ONE-WAY,,STRAIGHT AND LEVEL,DRY,"RUT, HOLES",,NO INJURY / DRIVE AWAY,,,,$500 OR LESS,06/12/2019 10:27:00 AM,EQUIPMENT - VEHICLE CONDITION,UNABLE TO DETERMINE,100,W,ADAMS ST,122,,,,,,,2,NO INDICATION OF INJURY,0,0,0,0,0,0,2,9,4,6,41.8795232085,-87.6308952712,POINT (-87.630895271228 41.879523208521)
c26ec8527e29e10f9b4df98c051e02c97c41e94d543c2aaab4fe3bc92de484b47b24a0fc7ec9a1eb73cb80e878a80acf06845e6d7b7004354ab3dbe55e992c91,,06/11/2019 07:20:00 AM,20,STOP SIGN/FLASHER,FUNCTIONING PROPERLY,CLEAR,DAYLIGHT,TURNING,NOT DIVIDED,,STRAIGHT AND LEVEL,DRY,NO DEFECTS,NOT ON SCENE (DESK REPORT),NO INJURY / DRIVE AWAY,,,,"OVER $1,500",06/11/2019 07:45:00 AM,FOLLOWING TOO CLOSELY,UNABLE TO DETERMINE,9652,S,GENOA AVE,2223,,,,,,,2,NO INDICATION OF INJURY,0,0,0,0,0,0,3,7,3,6,41.7177587887,-87.6508014933,POINT (-87.650801493277 41.717758788678)
d7d595bb5eb700b3f7314aa537d86c24a81d26fa26226c0ddbf1e6464f18332aa7e4adaa46a878111a275f06b011cea154767de28496d2a16b39016c1cf8eb72,,06/10/2019 01:40:00 PM,35,TRAFFIC SIGNAL,UNKNOWN,CLEAR,DAYLIGHT,REAR END,DIVIDED - W/MEDIAN (NOT RAISED),,STRAIGHT AND LEVEL,DRY,UNKNOWN,,NO INJURY / DRIVE AWAY,,,,"OVER $1,500",06/10/2019 02:00:00 PM,FOLLOWING TOO CLOSELY,UNABLE TO DETERMINE,7301,S,CICERO AVE,833,,,,,,,2,NO INDICATION OF INJURY,0,0,0,0,0,0,3,13,2,6,41.7603882393,-87.7416271687,POINT (-87.741627168712 41.76038823931)
0ce525422d6fbb5ca729298e4b757b7e707cc7d6b6669a7d8b0f1efb9f8bb200ee5da96e80bbf3551beb243c006fbdadaa19299485f95b73b7002446ef6ad983,,06/10/2019 09:25:00 AM,25,NO CONTROLS,NO CONTROLS,CLEAR,DAYLIGHT,REAR END,ONE-WAY,,STRAIGHT AND LEVEL,DRY,NO DEFECTS,NOT ON SCENE (DESK REPORT),NO INJURY / DRIVE AWAY,,,,"$501 - $1,500",06/12/2019 11:25:00 AM,UNABLE TO DETERMINE,UNABLE TO DETERMINE,200,N,CANAL ST,121,,,,,,,2,NO INDICATION OF INJURY,0,0,0,0,0,0,2,9,2,6,41.885778441,-87.6399982286,POINT (-87.639998228566 41.885778440976)
0220107334d2f2e9ebe3ca3d5a7c7ca887d1a1e87fcf2dc96900141426715df9585bef904b6a6b70012081a2736d4f217fff154a4058470863f6654fb0ee44ee,,06/10/2019 09:06:00 AM,15,NO CONTROLS,NO CONTROLS,CLEAR,DAYLIGHT,PARKED MOTOR VEHICLE,NOT DIVIDED,,STRAIGHT AND LEVEL,DRY,NO DEFECTS,ON SCENE,INJURY AND / OR TOW DUE TO CRASH,,,,"OVER $1,500",06/10/2019 09:09:00 AM,UNABLE TO DETERMINE,NOT APPLICABLE,1299,N,GREENVIEW AVE,1433,,,Y,,,,2,NO INDICATION OF INJURY,0,0,0,0,0,0,2,9,2,6,41.9050830911,-87.6649492868,POINT (-87.664949286849 41.905083091091)
92a0dadd233d2d0c0efbc09a7b4263564a4cc078ae60c1b0a18b311692f8c86697644ef310684c8b5e75a5ac229eed1a27727b700425d85be1128229ac3c799d,,06/09/2019 12:00:00 PM,10,NO CONTROLS,NO CONTROLS,CLOUDY/OVERCAST,DAYLIGHT,REAR TO REAR,PARKING LOT,,STRAIGHT AND LEVEL,DRY,NO DEFECTS,NOT ON SCENE (DESK REPORT),NO INJURY / DRIVE AWAY,,Y,,"OVER $1,500",06/09/2019 12:40:00 PM,UNABLE TO DETERMINE,NOT APPLICABLE,6446,W,IRVING PARK RD,1632,Y,,,,,,2,NO INDICATION OF INJURY,0,0,0,0,0,0,2,12,1,6,41.9530007368,-87.7882539578,POINT (-87.788253957821 41.953000736838)
2e4bdaa33861f36427d9b8305ccb7a07a8cbe7fd6a7326ce7b60e1442e3d250cb8a58264bcc9ab700194814d417b24bb5fd5f132cfbea2f7fe3553c969e84e26,,06/06/2019 04:00:00 PM,30,TRAFFIC SIGNAL,FUNCTIONING PROPERLY,CLEAR,DAYLIGHT,REAR END,NOT DIVIDED,,STRAIGHT AND LEVEL,DRY,NO DEFECTS,NOT ON SCENE (DESK REPORT),NO INJURY / DRIVE AWAY,Y,,,"OVER $1,500",06/06/2019 04:04:00 PM,FOLLOWING TOO CLOSELY,NOT APPLICABLE,5600,W,FULLERTON AVE,2515,,,,,,,2,NO INDICATION OF INJURY,0,0,0,0,0,0,2,16,5,6,41.9240901988,-87.7660535302,POINT (-87.766053530161 41.924090198835)
3e4e49baeb59de6a713eb70f5a48ea220e522f47c5519aae9cbd29954ffb97d2a97a002953948a11c482f175cf8a0c4aecb700a3d10a1d0f2276233bc2c6e0c6,,06/03/2019 05:20:00 PM,30,NO CONTROLS,NO CONTROLS,CLEAR,DAYLIGHT,REAR END,NOT DIVIDED,,STRAIGHT AND LEVEL,DRY,NO DEFECTS,ON SCENE,NO INJURY / DRIVE AWAY,Y,,,"OVER $1,500",06/03/2019 05:40:00 PM,FAILING TO REDUCE SPEED TO AVOID CRASH,FOLLOWING TOO CLOSELY,1700,W,PERSHING RD,912,,,,,,,2,NO INDICATION OF INJURY,0,0,0,0,0,0,3,17,2,6,41.8232945613,-87.6678310652,POINT (-87.667831065224 41.823294561324)
c4c16649972bba7b157854ee776050dd6a7565b1965620d65b2041862fdedb315622796acf31fbd41d0612d19ff79001e19da4ee6eb7005cdab4cfe0705776f1,,05/29/2019 11:00:00 AM,30,NO CONTROLS,NO CONTROLS,CLEAR,DAYLIGHT,PARKED MOTOR VEHICLE,DIVIDED - W/MEDIAN (NOT RAISED),,STRAIGHT AND LEVEL,DRY,NO DEFECTS,NOT ON SCENE (DESK REPORT),NO INJURY / DRIVE AWAY,,,,"OVER $1,500",05/29/2019 12:30:00 PM,UNABLE TO DETERMINE,NOT APPLICABLE,3522,E,95TH ST,432,,,,,,,2,NO INDICATION OF INJURY,0,0,0,0,0,0,2,11,4,5,41.72303437,-87.5379390299,POINT (-87.537939029859 41.723034369987)
bdc55d35034b4ad759482f3471fcd2d66dfe91b70055889efe17575a0dea7157ee17ce6d65998f0fff06e43b91dee323155d8bb32c3d5e166b84ef84f739a915,,05/26/2019 04:14:00 PM,30,STOP SIGN/FLASHER,FUNCTIONING PROPERLY,CLEAR,DAYLIGHT,ANGLE,UNKNOWN INTERSECTION TYPE,,STRAIGHT AND LEVEL,DRY,NO DEFECTS,NOT ON SCENE (DESK REPORT),NO INJURY / DRIVE AWAY,Y,,,"OVER $1,500",05/26/2019 05:30:00 PM,FAILING TO YIELD RIGHT-OF-WAY,UNABLE TO DETERMINE,4400,S,INDIANA AVE,215,,,,,,,2,NO INDICATION OF INJURY,0,0,0,0,0,0,2,16,1,5,41.8146686294,-87.6215035309,POINT (-87.621503530892 41.81466862942)
756cb295f8f2a2a6e7562c9f04089dbc24770028ff7ec956c94359221ac0bde4e364f2eff7e9785b3a518839ce6ca78910d2d2b775b70021b0f6903ce488b0ce,,05/26/2019 01:15:00 PM,30,UNKNOWN,UNKNOWN,UNKNOWN,DAYLIGHT,SIDESWIPE SAME DIRECTION,NOT DIVIDED,,STRAIGHT AND LEVEL,UNKNOWN,UNKNOWN,NOT ON SCENE (DESK REPORT),NO INJURY / DRIVE AWAY,,,,"OVER $1,500",05/28/2019 11:30:00 AM,UNABLE TO DETERMINE,NOT APPLICABLE,1617,E,95TH ST,431,,,,,,,2,NO INDICATION OF INJURY,0,0,0,0,0,0,2,13,1,5,41.7222413167,-87.5843801364,POINT (-87.5843801364 41.722241316659)
deeff00bc63e4b5ee64e1480a97438bda6a81661c98d04c323775e618df87d8f401be8cbbe5637cae5b8295f12a755ffdb35a8f2f1b866ccdb700889bf35a213,,05/23/2019 08:25:00 AM,30,NO CONTROLS,NO CONTROLS,CLEAR,DAYLIGHT,REAR END,DIVIDED - W/MEDIAN (NOT RAISED),,STRAIGHT AND LEVEL,DRY,NO DEFECTS,NOT ON SCENE (DESK REPORT),NO INJURY / DRIVE AWAY,,,Y,"$501 - $1,500",05/23/2019 08:55:00 AM,UNABLE TO DETERMINE,UNABLE TO DETERMINE,6505,S,CICERO AVE,833,,,,,,,2,NO INDICATION OF INJURY,0,0,0,0,0,0,2,8,5,5,41.7745819068,-87.7420063655,POINT (-87.742006365513 41.774581906833)
3ce4cd09e26835fc5abbfe57636058fc0a56221a71381a1776221711ce83841be8bc90a3834faff44f1d941850d0a0f34095ac8c39827b700fad0bb350fe57cd,,05/22/2019 08:28:00 AM,25,NO CONTROLS,NO CONTROLS,CLEAR,DAYLIGHT,PARKED MOTOR VEHICLE,NOT DIVIDED,,STRAIGHT AND LEVEL,DRY,NO DEFECTS,NOT ON SCENE (DESK REPORT),NO INJURY / DRIVE AWAY,,,Y,$500 OR LESS,05/22/2019 01:00:00 PM,UNABLE TO DETERMINE,UNABLE TO DETERMINE,3150,N,LEAVITT ST,1931,,,,,,,2,NO INDICATION OF INJURY,0,0,0,0,0,0,1,8,4,5,41.9392131219,-87.6833402341,POINT (-87.683340234124 41.939213121914)
6983afb7005810e6cab887cbd17c0b191e1ea7538671ce2aa4c0d23ad3c95945ccba2674fc7a8f1f0d10650b84f478b37fd2c8f79238033bcdc3d6193565f163,,05/19/2019 03:00:00 PM,30,NO CONTROLS,NO CONTROLS,CLEAR,DAYLIGHT,ANGLE,PARKING LOT,,STRAIGHT AND LEVEL,DRY,UNKNOWN,NOT ON SCENE (DESK REPORT),NO INJURY / DRIVE AWAY,,,Y,"OVER $1,500",05/19/2019 05:40:00 PM,FAILING TO YIELD RIGHT-OF-WAY,UNABLE TO DETERMINE,141,W,DIVERSEY PKWY,1934,,,,,,,2,NO INDICATION OF INJURY,0,0,0,0,0,0,5,15,1,5,41.9332251537,-87.6336498102,POINT (-87.633649810198 41.933225153685)
2bdc257bf39891269d3d38003942596188ef52b7b2e1f313b7006d198bd8dd5d90eea20ac8449c7057160b0cd7a0f0b1df5c13cdabd285c46015287bf57b7fd7,,05/19/2019 02:46:00 PM,20,NO CONTROLS,NO CONTROLS,UNKNOWN,DAYLIGHT,REAR END,PARKING LOT,,STRAIGHT AND LEVEL,UNKNOWN,UNKNOWN,NOT ON SCENE (DESK REPORT),NO INJURY / DRIVE AWAY,,Y,Y,"OVER $1,500",05/20/2019 11:30:00 AM,FOLLOWING TOO CLOSELY,FOLLOWING TOO CLOSELY,2801,S,WESTERN AVE,1034,,,,,,,2,NO INDICATION OF INJURY,0,0,0,0,0,0,2,14,1,5,41.8411149917,-87.6851320348,POINT (-87.685132034759 41.841114991692)
f61c29ecb3ba4ba62d50ab20bd7903ac5c037790ffd6acd0d5409390ef84f5b70030e1b8e72d4095998c0a8d325f6f61e4ff4168c915fc79ec918481db49b476,,05/19/2019 03:49:00 AM,20,TRAFFIC SIGNAL,FUNCTIONING PROPERLY,RAIN,"DARKNESS, LIGHTED ROAD",ANGLE,TRAFFIC ROUTE,,STRAIGHT AND LEVEL,WET,NO DEFECTS,ON SCENE,INJURY AND / OR TOW DUE TO CRASH,Y,,Y,"OVER $1,500",05/19/2019 04:05:00 AM,DISREGARDING TRAFFIC SIGNALS,NOT APPLICABLE,260,W,LAKE ST,122,,,,,,,2,NO INDICATION OF INJURY,0,0,0,0,0,0,2,3,1,5,41.8858438697,-87.6353734989,POINT (-87.635373498864 41.885843869653)
34a29029addd0d56302ab79d983d74b8c85b7007fce2b9cd9974f599a7f8afafa045711b193c0ec51df0a1e2da18d257213b1f8aeb4f1d4f52386718f351861e,,05/17/2019 08:48:00 PM,35,NO CONTROLS,NO CONTROLS,CLEAR,"DARKNESS, LIGHTED ROAD",REAR END,NOT DIVIDED,,STRAIGHT AND LEVEL,DRY,NO DEFECTS,ON SCENE,INJURY AND / OR TOW DUE TO CRASH,,,Y,$500 OR LESS,05/23/2019 09:19:00 PM,UNABLE TO DETERMINE,UNABLE TO DETERMINE,1154,S,HOMAN AVE,1133,,,,,,,2,NONINCAPACITATING INJURY,4,0,0,4,0,0,2,20,6,5,41.8665265571,-87.7106950287,POINT (-87.710695028737 41.866526557109)
13398c94380b7002df47ed75458faf05bac490797cc8857d4a024b86592854391cc15ed73a0b3c7647e6d9b797ff61c06fdef3b57d6de00c52b177b64845ce39,,05/14/2019 07:19:00 PM,30,TRAFFIC SIGNAL,FUNCTIONING PROPERLY,CLEAR,DUSK,REAR END,DIVIDED - W/MEDIAN (NOT RAISED),,STRAIGHT AND LEVEL,DRY,NO DEFECTS,NOT ON SCENE (DESK REPORT),NO INJURY / DRIVE AWAY,Y,,,"$501 - $1,500",05/14/2019 08:05:00 PM,FAILING TO REDUCE SPEED TO AVOID CRASH,UNABLE TO DETERMINE,8700,S,ASHLAND AVE,2221,,,,,,,2,NO INDICATION OF INJURY,0,0,0,0,0,0,2,19,3,5,41.7356969886,-87.6632095445,POINT (-87.663209544457 41.735696988636)
85a8b7003b4dd2b3566f93542ce9a030a7ce1f25017bc9920a533d221085ad3320a0f64100f66a8e88f85d9b2fdd739d789cfd33723e6df06f80ec8f4c8a40b4,,05/11/2019 07:00:00 PM,30,NO CONTROLS,NO CONTROLS,CLEAR,DARKNESS,PARKED MOTOR VEHICLE,NOT DIVIDED,,STRAIGHT AND LEVEL,WET,NO DEFECTS,NOT ON SCENE (DESK REPORT),NO INJURY / DRIVE AWAY,,,Y,"OVER $1,500",05/12/2019 11:00:00 AM,UNABLE TO DETERMINE,NOT APPLICABLE,5518,W,CHICAGO AVE,1524,,,,,,,2,NO INDICATION OF INJURY,0,0,0,0,0,0,1,19,7,5,41.8949696918,-87.7644007678,POINT (-87.764400767798 41.89496969177)
0620c8687fdeff263b0e1b700d493c6deffe50912664244eda07017d1bb8061cfedab98d91b89e70f352d8526916fbdaba17162a766cdcf00a5ddf38dfadaa95,,05/10/2019 09:07:00 PM,30,NO CONTROLS,NO CONTROLS,CLEAR,"DARKNESS, LIGHTED ROAD",REAR END,OTHER,,STRAIGHT AND LEVEL,DRY,NO DEFECTS,NOT ON SCENE (DESK REPORT),NO INJURY / DRIVE AWAY,,,,"$501 - $1,500",06/13/2019 08:30:00 PM,IMPROPER OVERTAKING/PASSING,FOLLOWING TOO CLOSELY,8600,S,STONY ISLAND AVE,412,,,,,,,2,NO INDICATION OF INJURY,0,0,0,0,0,0,2,21,6,5,41.7386831854,-87.5858332337,POINT (-87.58583323367 41.738683185433)
2cbf26db70006b305cd4fbb6628fd361067a0497380f17b4a6ba396da262e3b3a892e964a28a239a532cf1899a0075cbac0e1ec9243606e8e1567c376609f736,,05/09/2019 09:00:00 AM,30,NO CONTROLS,NO CONTROLS,CLOUDY/OVERCAST,DAYLIGHT,PARKED MOTOR VEHICLE,NOT DIVIDED,,STRAIGHT AND LEVEL,WET,NO DEFECTS,NOT ON SCENE (DESK REPORT),NO INJURY / DRIVE AWAY,,,,"OVER $1,500",05/09/2019 09:50:00 AM,UNABLE TO DETERMINE,UNABLE TO DETERMINE,3709,W,CHICAGO AVE,1112,,,,,,,2,NO INDICATION OF INJURY,0,0,0,0,0,0,1,9,5,5,41.8953230707,-87.7191793304,POINT (-87.719179330383 41.895323070685)
fbfc1c92f1b049dd0ea9e42a782489ad403cf646a96d614478d24d27ce0f9cec3589c14e7d429b7005e7d575742c1f4982bf8be3d517977dcc3131a2c3b4c45e,Y,05/07/2019 08:22:00 PM,25,NO CONTROLS,NO CONTROLS,CLEAR,DAWN,PEDALCYCLIST,DIVIDED - W/MEDIAN (NOT RAISED),,"CURVE, LEVEL",DRY,NO DEFECTS,ON SCENE,INJURY AND / OR TOW DUE TO CRASH,,,,$500 OR LESS,05/07/2019 08:22:00 PM,FAILING TO YIELD RIGHT-OF-WAY,DISREGARDING STOP SIGN,4880,W,GRAND AVE,2533,,,,,,,2,NONINCAPACITATING INJURY,1,0,0,1,0,0,1,20,3,5,41.9151769043,-87.7488726205,POINT (-87.748872620509 41.915176904348)
73b818b700d40d2a784e40dd010440e52289c1ec5ff890bf643a1932e0ddfebed89df4520dd8ea5ea379de237dac1bfd13961fb92b04d7a518b6e134a9ebb919,,05/06/2019 08:05:00 AM,30,TRAFFIC SIGNAL,UNKNOWN,CLEAR,DAYLIGHT,FIXED OBJECT,NOT DIVIDED,,STRAIGHT AND LEVEL,DRY,NO DEFECTS,NOT ON SCENE (DESK REPORT),NO INJURY / DRIVE AWAY,,,,$500 OR LESS,05/07/2019 10:36:00 AM,UNABLE TO DETERMINE,UNABLE TO DETERMINE,3601,N,ELSTON AVE,1733,,,,,,,1,NO INDICATION OF INJURY,0,0,0,0,0,0,1,8,2,5,41.9467111199,-87.7087541041,POINT (-87.70875410414 41.946711119866)
0f8a50c87a28a673e0b87ddbfa4fbf907b6d26beb502e196a86be506b70065884111a717fefdfc1ad5dd3f1d178c4dd02842ea05790994921e8d4a6e12cff36b,,05/05/2019 09:50:00 PM,30,TRAFFIC SIGNAL,FUNCTIONING PROPERLY,CLEAR,"DARKNESS, LIGHTED ROAD",SIDESWIPE SAME DIRECTION,FOUR WAY,,STRAIGHT AND LEVEL,DRY,NO DEFECTS,NOT ON SCENE (DESK REPORT),NO INJURY / DRIVE AWAY,Y,,,"OVER $1,500",05/06/2019 11:15:00 AM,IMPROPER LANE USAGE,DRIVING SKILLS/KNOWLEDGE/EXPERIENCE,201,S,DEARBORN ST,113,,,,,,,2,NO INDICATION OF INJURY,0,0,0,0,0,0,3,21,1,5,41.8793758384,-87.6292039019,POINT (-87.629203901922 41.879375838435)
c78668d4ee02442f53c25a0a32caa28abe3b1baadc82f7124b81899784296a4c62d011c1fd45f51fc4977ec667e9ae08a4b7007f42169f5d4a2dcb6cde74b9c5,,05/02/2019 06:45:00 PM,30,NO CONTROLS,NO CONTROLS,CLEAR,DAYLIGHT,SIDESWIPE SAME DIRECTION,ONE-WAY,,STRAIGHT AND LEVEL,WET,NO DEFECTS,ON SCENE,NO INJURY / DRIVE AWAY,,,,"$501 - $1,500",05/02/2019 07:00:00 PM,IMPROPER OVERTAKING/PASSING,DRIVING SKILLS/KNOWLEDGE/EXPERIENCE,10,E,MONROE ST,112,,,,,,,2,NO INDICATION OF INJURY,0,0,0,0,0,0,2,18,5,5,41.8808806887,-87.6273776032,POINT (-87.627377603175 41.880880688714)
d3c6967bc006ba5b003d0fa8828c42201b0d96b0c47faf8d3b928d8e27da605488110a4546639b7abe6dbd0306301b6bcb700c2dbc58a07d8c59f2152992e082,,05/01/2019 06:30:00 AM,30,UNKNOWN,NO CONTROLS,UNKNOWN,UNKNOWN,REAR END,NOT DIVIDED,,STRAIGHT AND LEVEL,UNKNOWN,UNKNOWN,NOT ON SCENE (DESK REPORT),NO INJURY / DRIVE AWAY,,,,"OVER $1,500",05/10/2019 06:50:00 PM,UNABLE TO DETERMINE,UNABLE TO DETERMINE,5751,N,CUMBERLAND AVE,1614,,,,,,,2,NO INDICATION OF INJURY,0,0,0,0,0,0,2,6,4,5,41.9842341972,-87.8364339921,POINT (-87.836433992144 41.984234197168)
ad4ce1646da7317fa68086ed23bb246c11e4077c4115c669a08f95cae25b69ce0817b70078d26c7dfc9ff4cc1da3ae18be0aaf810d85d8c50ac9137cec527d29,,04/30/2019 04:37:00 PM,30,TRAFFIC SIGNAL,FUNCTIONING PROPERLY,RAIN,DAYLIGHT,REAR END,DIVIDED - W/MEDIAN (NOT RAISED),,STRAIGHT AND LEVEL,WET,NO DEFECTS,ON SCENE,INJURY AND / OR TOW DUE TO CRASH,,,,"OVER $1,500",04/30/2019 04:39:00 PM,FOLLOWING TOO CLOSELY,DISTRACTION - FROM INSIDE VEHICLE,6753,W,FOSTER AVE,1613,,,,,,,2,NO INDICATION OF INJURY,0,0,0,0,0,0,2,16,3,4,41.9754639166,-87.7972560001,POINT (-87.797256000103 41.975463916612)
2b7007fcb9115edcd34188e9e56260c3bde6c806c088a4c8c96c59de3c33607fae95ebfca29af37e763a12467e526c0b64c7eab83f329d9b69799b19ecebd7a5,,04/29/2019 07:45:00 PM,30,TRAFFIC SIGNAL,FUNCTIONING PROPERLY,RAIN,DAYLIGHT,REAR END,NOT DIVIDED,,STRAIGHT AND LEVEL,WET,NO DEFECTS,NOT ON SCENE (DESK REPORT),NO INJURY / DRIVE AWAY,,,,"$501 - $1,500",04/30/2019 01:15:00 PM,UNABLE TO DETERMINE,NOT APPLICABLE,2199,S,HALSTED ST,1235,,,,,,,2,NO INDICATION OF INJURY,0,0,0,0,0,0,3,19,2,4,41.8526890187,-87.6463496579,POINT (-87.646349657942 41.852689018702)
d13d529e87995d7dd6fb18ffa74dabb6b700173c5e1a68861be309523fb696a3f4ebe670d5540c0f688e71525a55c31df7d6e8542c490a58494d8bf55e163311,,04/28/2019 02:50:00 PM,20,NO CONTROLS,NO CONTROLS,CLEAR,DAYLIGHT,REAR END,PARKING LOT,,STRAIGHT ON HILLCREST,DRY,NO DEFECTS,ON SCENE,NO INJURY / DRIVE AWAY,,,,$500 OR LESS,04/28/2019 03:23:00 PM,FOLLOWING TOO CLOSELY,UNABLE TO DETERMINE,150,N,FIELD BLVD,114,,,,,,,2,NO INDICATION OF INJURY,0,0,0,0,0,0,2,14,1,4,41.8845767147,-87.6175095315,POINT (-87.617509531538 41.884576714688)
d6648a3ac112e9aeb1d7062b43fb700c81bb9eaeddfd5da504049ff8882f634936adbfc13dbd5f73513c799a43d9200bbb7ebc3d35aeadb3ad877858a3913111,,04/26/2019 07:55:00 AM,30,TRAFFIC SIGNAL,FUNCTIONING PROPERLY,CLEAR,DAYLIGHT,PEDESTRIAN,DIVIDED - W/MEDIAN BARRIER,,STRAIGHT ON GRADE,DRY,NO DEFECTS,ON SCENE,INJURY AND / OR TOW DUE TO CRASH,Y,,,$500 OR LESS,04/26/2019 07:56:00 AM,FAILING TO YIELD RIGHT-OF-WAY,UNABLE TO DETERMINE,5500,S,AUSTIN AVE,811,,,,,,,2,NONINCAPACITATING INJURY,1,0,0,1,0,0,1,7,6,4,41.7924479994,-87.7722097252,POINT (-87.772209725203 41.792447999377)
26cee746b3849164c059c16c8e226713c67c5b12a896306c202749b2b580aae94d2e7807e19d9d19aec4b7007df841c2bacb142dca6fadf0dbf539fb1308a54d,,04/21/2019 10:00:00 AM,30,TRAFFIC SIGNAL,FUNCTIONING PROPERLY,CLEAR,DAYLIGHT,TURNING,FOUR WAY,,STRAIGHT AND LEVEL,DRY,UNKNOWN,NOT ON SCENE (DESK REPORT),NO INJURY / DRIVE AWAY,Y,,,"OVER $1,500",04/21/2019 10:38:00 AM,UNABLE TO DETERMINE,UNABLE TO DETERMINE,5900,S,PULASKI RD,813,,,,,,,2,NO INDICATION OF INJURY,0,0,0,0,0,0,2,10,1,4,41.7858884944,-87.7231065914,POINT (-87.72310659145 41.785888494434)
d8064f98fba0c74526e20c5289b111f2a8ab3371996c4dfa08704433d9b0dae77fab9f4ccdb7009177a0f0ba437bc53a9a664aa235010981a9b8afb805a4a3be,,04/21/2019 02:18:00 AM,30,TRAFFIC SIGNAL,FUNCTIONING PROPERLY,CLEAR,"DARKNESS, LIGHTED ROAD",SIDESWIPE SAME DIRECTION,ONE-WAY,,STRAIGHT AND LEVEL,DRY,NO DEFECTS,ON SCENE,INJURY AND / OR TOW DUE TO CRASH,,,,"$501 - $1,500",04/21/2019 02:21:00 AM,FAILING TO YIELD RIGHT-OF-WAY,NOT APPLICABLE,599,N,WELLS ST,1831,,,,,,,2,"REPORTED, NOT EVIDENT",2,0,0,0,2,0,3,2,1,4,41.8923523178,-87.6339397961,POINT (-87.633939796072 41.892352317782)
33515d25b41546346bcb60c65f5922eb31f035989cfcc2630c7f0b53eb2c294d9b7002277e5ecb66f08678b49bc784d28718db90b8492e3905368e66e9825d2b,,04/20/2019 03:00:00 PM,30,NO CONTROLS,NO CONTROLS,CLEAR,DAYLIGHT,SIDESWIPE OPPOSITE DIRECTION,NOT DIVIDED,,STRAIGHT AND LEVEL,DRY,NO DEFECTS,NOT ON SCENE (DESK REPORT),NO INJURY / DRIVE AWAY,,,Y,$500 OR LESS,04/20/2019 05:00:00 PM,UNABLE TO DETERMINE,NOT APPLICABLE,3211,W,63RD ST,823,,,,,,,2,NO INDICATION OF INJURY,0,0,0,0,0,0,2,15,7,4,41.7788555022,-87.7036308366,POINT (-87.703630836582 41.778855502165)