CRASH_RECORD_ID,CRASH_DATE_EST_I,CRASH_DATE,POSTED_SPEED_LIMIT,TRAFFIC_CONTROL_DEVICE,DEVICE_CONDITION,WEATHER_CONDITION,LIGHTING_CONDITION,FIRST_CRASH_TYPE,TRAFFICWAY_TYPE,LANE_CNT,ALIGNMENT,ROADWAY_SURFACE_COND,ROAD_DEFECT,REPORT_TYPE,CRASH_TYPE,INTERSECTION_RELATED_I,NOT_RIGHT_OF_WAY_I,HIT_AND_RUN_I,DAMAGE,DATE_POLICE_NOTIFIED,PRIM_CONTRIBUTORY_CAUSE,SEC_CONTRIBUTORY_CAUSE,STREET_NO,STREET_DIRECTION,STREET_NAME,BEAT_OF_OCCURRENCE,PHOTOS_TAKEN_I,STATEMENTS_TAKEN_I,DOORING_I,WORK_ZONE_I,WORK_ZONE_TYPE,WORKERS_PRESENT_I,NUM_UNITS,MOST_SEVERE_INJURY,INJURIES_TOTAL,INJURIES_FATAL,INJURIES_INCAPACITATING,INJURIES_NON_INCAPACITATING,INJURIES_REPORTED_NOT_EVIDENT,INJURIES_UNKNOWN,INJURIES_NO_INDICATION,CRASH_HOUR,CRASH_DAY_OF_WEEK,CRASH_MONTH,LATITUDE,LONGITUDE,LOCATION
1c47d7c5cb70053f9d58acaaa1cd8d5f5b32bc931a5eeaa5f85bad4430765ff63fd5395a87111043ef8e7c2395d3e21e67efdc7f3025a81c88cbc8ef5f216580,,04/19/2019 09:10:00 PM,10,NO CONTROLS,NO CONTROLS,CLEAR,"DARKNESS, LIGHTED ROAD",PARKED MOTOR VEHICLE,PARKING LOT,,STRAIGHT AND LEVEL,DRY,NO DEFECTS,,NO INJURY / DRIVE AWAY,,,Y,"$501 - $1,500",04/19/2019 09:30:00 PM,UNABLE TO DETERMINE,NOT APPLICABLE,7045,S,PULASKI RD,833,,,,,,,2,NO INDICATION OF INJURY,0,0,0,0,0,0,1,21,6,4,41.7645896091,-87.7222396043,POINT (-87.722239604294 41.764589609122)
ec7cb1bf51a97bc7ba04fd82c338cbf635d3d032c04472fad4ef44067c560719d763b453c407b7008b8ab88a826cd74b79e9a701ad361a50051d4ed4425dc885,,04/18/2019 03:20:00 PM,30,NO CONTROLS,NO CONTROLS,RAIN,DAYLIGHT,REAR END,NOT DIVIDED,,STRAIGHT AND LEVEL,WET,NO DEFECTS,NOT ON SCENE (DESK REPORT),NO INJURY / DRIVE AWAY,,,,"$501 - $1,500",04/18/2019 04:24:00 PM,NOT APPLICABLE,NOT APPLICABLE,2732,W,55TH ST,923,,,,,,,2,NO INDICATION OF INJURY,0,0,0,0,0,0,3,15,5,4,41.7938221032,-87.6926461195,POINT (-87.69264611952 41.793822103216)
60a030045013761e19e54b077e57d537c6d8cc64bdb700f08f98cfe17f149a3b380d8e81bde9823a0e4bc4a3641a36dcf30bd454c29090d901a283a9a2612b8a,,04/17/2019 05:00:00 PM,30,NO CONTROLS,NO CONTROLS,CLEAR,DAYLIGHT,PARKED MOTOR VEHICLE,NOT DIVIDED,,STRAIGHT AND LEVEL,DRY,NO DEFECTS,ON SCENE,NO INJURY / DRIVE AWAY,,,Y,"OVER $1,500",04/17/2019 05:03:00 PM,UNABLE TO DETERMINE,UNABLE TO DETERMINE,3218,S,HOYNE AVE,912,,,,,,,3,NO INDICATION OF INJURY,0,0,0,0,0,0,2,17,4,4,41.835240521,-87.6780244586,POINT (-87.678024458649 41.835240520983)
6c53a9d58f5e12fa8e3527e06c97ad7195294335b700a3772968518c4e7a381bc59e5d5d154f76cecc90e4080f1477e95fd3c0b78ae3938faa44733a96222e2e,,04/15/2019 04:14:00 PM,30,TRAFFIC SIGNAL,FUNCTIONING PROPERLY,CLEAR,DAYLIGHT,REAR END,DIVIDED - W/MEDIAN (NOT RAISED),,STRAIGHT AND LEVEL,DRY,NO DEFECTS,ON SCENE,INJURY AND / OR TOW DUE TO CRASH,,,,"$501 - $1,500",04/15/2019 04:25:00 PM,FAILING TO REDUCE SPEED TO AVOID CRASH,NOT APPLICABLE,2411,W,103RD ST,2211,,,,,,,2,NONINCAPACITATING INJURY,1,0,0,1,0,0,2,16,2,4,41.7062669094,-87.6821269233,POINT (-87.682126923346 41.706266909406)
b700efff5536c94ec70fd10790922668d6eb5b101852cdeefcc363b75f95d85d4d86f30bad30cae1c70d057752e4fdb39820e53568463e865929fe07c5f9fcd5,,04/14/2019 03:41:00 AM,30,NO CONTROLS,NO CONTROLS,CLEAR,"DARKNESS, LIGHTED ROAD",PARKED MOTOR VEHICLE,NOT DIVIDED,,STRAIGHT AND LEVEL,DRY,NO DEFECTS,ON SCENE,NO INJURY / DRIVE AWAY,,,Y,"$501 - $1,500",04/14/2019 03:45:00 AM,UNABLE TO DETERMINE,NOT APPLICABLE,811,W,JACKSON BLVD,1232,,,,,,,2,NO INDICATION OF INJURY,0,0,0,0,0,0,1,3,1,4,41.8778301358,-87.6477360611,POINT (-87.64773606109 41.8778301358)
99ff99a0bf1fa157ec29b7f99eccb7287ae3cd77e3dad1ad27265955576ad809259821c33bf7842d10b7005ff0bf90c2bbd57fb75018532d1a3c7c7beef7d279,,04/10/2019 05:30:00 PM,30,NO CONTROLS,NO CONTROLS,CLEAR,DAYLIGHT,PARKED MOTOR VEHICLE,NOT DIVIDED,2,STRAIGHT AND LEVEL,UNKNOWN,UNKNOWN,NOT ON SCENE (DESK REPORT),NO INJURY / DRIVE AWAY,,,Y,"$501 - $1,500",04/10/2019 06:30:00 PM,UNABLE TO DETERMINE,UNABLE TO DETERMINE,2007,N,KILPATRICK AVE,2522,,,,,,,2,NO INDICATION OF INJURY,0,0,0,0,0,0,1,17,4,4,41.9172123062,-87.7435594501,POINT (-87.743559450102 41.917212306164)
b6264fa717094ec42e58bbe8edc71b51968b186616a593f47104bd862cdf11492f00815d142f49be6b50f58c791b700786be6cc66effe224b1d54b368f9d1abf,,04/09/2019 07:40:00 PM,30,TRAFFIC SIGNAL,FUNCTIONING PROPERLY,CLEAR,"DARKNESS, LIGHTED ROAD",REAR END,DIVIDED - W/MEDIAN (NOT RAISED),2,STRAIGHT AND LEVEL,DRY,UNKNOWN,NOT ON SCENE (DESK REPORT),NO INJURY / DRIVE AWAY,Y,,,"$501 - $1,500",04/09/2019 07:51:00 PM,UNDER THE INFLUENCE OF ALCOHOL/DRUGS (USE WHEN ARREST IS EFFECTED),FOLLOWING TOO CLOSELY,58,W,79TH ST,623,,,,,,,2,NO INDICATION OF INJURY,0,0,0,0,0,0,3,19,3,4,41.751022503,-87.6269802936,POINT (-87.626980293637 41.751022502989)
d815e20ca15c926129c65b9f4147189c23c0d6d3c492b13d93717a5c11ec2fb70052384cc33511c83e11f134e0328e13c5d9bba280c6c2352908cf30881263f4,,04/08/2019 05:35:00 PM,30,TRAFFIC SIGNAL,FUNCTIONING IMPROPERLY,CLEAR,DAYLIGHT,ANGLE,NOT DIVIDED,4,STRAIGHT AND LEVEL,DRY,NO DEFECTS,ON SCENE,NO INJURY / DRIVE AWAY,Y,,,"OVER $1,500",04/08/2019 05:42:00 PM,DISREGARDING TRAFFIC SIGNALS,NOT APPLICABLE,399,E,43RD ST,221,,,,,,,2,NO INDICATION OF INJURY,0,0,0,0,0,0,2,17,2,4,41.8165281681,-87.6165398818,POINT (-87.61653988185 41.816528168141)
8c2ab700153151ee610bffa2fb40e704fe5bd6bb6d5373c8b9f8b32331544ea58ca1453956e79cfc9799fa38ef5d2b2e47585900147aefa04e69f9dee37db279,,04/08/2019 07:00:00 AM,30,NO CONTROLS,NO CONTROLS,CLEAR,DAYLIGHT,REAR END,DIVIDED - W/MEDIAN (NOT RAISED),,STRAIGHT AND LEVEL,DRY,NO DEFECTS,NOT ON SCENE (DESK REPORT),NO INJURY / DRIVE AWAY,,,,"$501 - $1,500",04/08/2019 07:20:00 AM,FOLLOWING TOO CLOSELY,NOT APPLICABLE,3821,W,FULLERTON AVE,2525,,,,,,,2,NO INDICATION OF INJURY,0,0,0,0,0,0,2,7,2,4,41.9244231007,-87.7227265712,POINT (-87.722726571167 41.924423100732)
5c84c3fe880e938c479fda524263e1b0cb1995f6515190ac6202798948fff1800c89f0a41af050eb700a5c7f94e8543e94d0d8f14ecdff0e310976db128afdfb,,04/07/2019 02:04:00 AM,35,NO CONTROLS,NO CONTROLS,CLEAR,"DARKNESS, LIGHTED ROAD",SIDESWIPE SAME DIRECTION,DIVIDED - W/MEDIAN BARRIER,,"CURVE, LEVEL",DRY,NO DEFECTS,ON SCENE,INJURY AND / OR TOW DUE TO CRASH,,,,"$501 - $1,500",04/07/2019 02:06:00 AM,IMPROPER LANE USAGE,NOT APPLICABLE,400,N,LAKE SHORE DR,1834,,,,,,,2,INCAPACITATING INJURY,1,0,1,0,0,0,1,2,1,4,41.8894184002,-87.6142701882,POINT (-87.614270188222 41.889418400236)
91cb70001bc822921809dcd0ff22655183d062ef408f3d7562175afb493a3e340761da953aa873d787abb5099a42ebe6b797f1e71a380a55b077c117acc24688,,04/07/2019 01:30:00 AM,30,NO CONTROLS,NO CONTROLS,CLEAR,DAYLIGHT,PARKED MOTOR VEHICLE,ONE-WAY,1,STRAIGHT AND LEVEL,DRY,NO DEFECTS,ON SCENE,INJURY AND / OR TOW DUE TO CRASH,,,Y,"OVER $1,500",04/07/2019 09:00:00 AM,UNABLE TO DETERMINE,UNABLE TO DETERMINE,4647,N,NARRAGANSETT AVE,1622,,,,,,,2,NO INDICATION OF INJURY,0,0,0,0,0,0,2,1,1,4,41.9660455976,-87.7866004658,POINT (-87.786600465847 41.966045597556)
48cdea0d19b425f3bb1704c5ea136065869762f1839ce6bc2f87e3a1a3e1b13c6d568f928c09ab5f34caae8d27d75b7003ac06160fd3e54de385c2ad51f4ded6,,04/05/2019 11:24:00 PM,30,STOP SIGN/FLASHER,FUNCTIONING PROPERLY,CLEAR,"DARKNESS, LIGHTED ROAD",PEDESTRIAN,NOT DIVIDED,1,STRAIGHT AND LEVEL,DRY,NO DEFECTS,ON SCENE,INJURY AND / OR TOW DUE TO CRASH,Y,,Y,$500 OR LESS,04/05/2019 11:24:00 PM,FAILING TO YIELD RIGHT-OF-WAY,DRIVING SKILLS/KNOWLEDGE/EXPERIENCE,3559,N,LINDER AVE,1633,,,,,,,2,NONINCAPACITATING INJURY,1,0,0,1,0,0,1,23,6,4,41.9458652782,-87.7641493719,POINT (-87.764149371904 41.945865278217)
fb344c3eb4edea9586d3a3c189fe5e1d3b19885bfa3dd5b8eca7b1cab11b70075fe7518d10e55d19f0265b50f690c7eed7eac0edff0cf1c227ab562201a2db06,,04/02/2019 10:00:00 AM,30,TRAFFIC SIGNAL,FUNCTIONING PROPERLY,CLEAR,DAYLIGHT,REAR END,DIVIDED - W/MEDIAN (NOT RAISED),,STRAIGHT AND LEVEL,DRY,NO DEFECTS,NOT ON SCENE (DESK REPORT),NO INJURY / DRIVE AWAY,,,Y,"$501 - $1,500",04/02/2019 11:00:00 AM,UNABLE TO DETERMINE,UNABLE TO DETERMINE,5,W,111TH ST,522,,,,,,,2,NO INDICATION OF INJURY,0,0,0,0,0,0,2,10,3,4,41.6924734676,-87.6233862551,POINT (-87.623386255112 41.692473467626)
c7fdeb381424622047c7af8d4343186f3c8311f9afb70093197a404fa5b41388a9a3f26201ce0a62920384cc40e2f75f7747aecb489fd1466e2465ac6a5e0668,,03/29/2019 03:40:00 PM,35,NO CONTROLS,NO CONTROLS,CLOUDY/OVERCAST,DAYLIGHT,REAR END,NOT DIVIDED,,STRAIGHT AND LEVEL,DRY,UNKNOWN,ON SCENE,INJURY AND / OR TOW DUE TO CRASH,,,,"OVER $1,500",03/29/2019 04:24:00 PM,FAILING TO REDUCE SPEED TO AVOID CRASH,NOT APPLICABLE,2305,S,PULASKI RD,1013,,,,,,,2,NO INDICATION OF INJURY,0,0,0,0,0,0,2,15,6,3,41.8495436114,-87.7245590455,POINT (-87.724559045512 41.849543611389)
5b47338e0ee3d79bcfb27dde903523502f99d203829c2cdcafdf8df319c414310dc7ec2bbf453f09ee6ed70841bb8baaca5dfe874df4916133f5cb9828b700b6,,03/26/2019 07:10:00 PM,20,NO CONTROLS,NO CONTROLS,CLEAR,DAYLIGHT,PEDESTRIAN,ALLEY,1,STRAIGHT AND LEVEL,DRY,NO DEFECTS,ON SCENE,INJURY AND / OR TOW DUE TO CRASH,,,,$500 OR LESS,03/26/2019 07:18:00 PM,UNABLE TO DETERMINE,NOT APPLICABLE,4347,N,SPRINGFIELD AVE,1723,,,,,,,2,NONINCAPACITATING INJURY,1,0,0,1,0,0,1,19,3,3,41.9605497294,-87.7252217479,POINT (-87.725221747911 41.960549729363)
45950c4d9d00291eff783fd081c6817cc68f1ad14158dd54c44cffc9970508189a47d3f7c62b272c6a9bd6d3f5b70083eefb3aafe9604268dd2d85b554edf20e,Y,03/23/2019 11:00:00 AM,30,NO CONTROLS,NO CONTROLS,CLEAR,DAYLIGHT,PARKED MOTOR VEHICLE,ONE-WAY,1,STRAIGHT AND LEVEL,DRY,NO DEFECTS,ON SCENE,NO INJURY / DRIVE AWAY,,,Y,"OVER $1,500",03/23/2019 11:07:00 AM,UNABLE TO DETERMINE,UNABLE TO DETERMINE,4736,N,SPAULDING AVE,1713,,,,,,,3,NO INDICATION OF INJURY,0,0,0,0,0,0,1,11,7,3,41.9677144211,-87.7110472774,POINT (-87.711047277417 41.967714421129)
474a2e476f15243c2be71b3dd3be1b7008cc4a8ccf66ba82ddea7f4181695badb44c67d4163e1294f1c35cc686e6856da01f623df7d34af93fd8b7365262d9a6,,03/23/2019 04:34:00 AM,30,NO CONTROLS,FUNCTIONING PROPERLY,CLEAR,"DARKNESS, LIGHTED ROAD",FIXED OBJECT,OTHER,3,STRAIGHT AND LEVEL,DRY,NO DEFECTS,,INJURY AND / OR TOW DUE TO CRASH,,,,"OVER $1,500",03/23/2019 04:34:00 AM,DRIVING ON WRONG SIDE/WRONG WAY,NOT APPLICABLE,564,W,RANDOLPH ST,121,,,,,,,2,NONINCAPACITATING INJURY,1,0,0,1,0,0,1,4,7,3,41.8845433977,-87.6423313867,POINT (-87.642331386727 41.884543397738)
fce184cfe3dec9aa8350416ca5015c542eddaccd3a2473ce984976e629a460b38ceb6ff7910d8fa3ec92b4d785a65ff7b202f6e37f325e0b7009323e2680c9f9,,03/22/2019 02:30:00 PM,30,NO CONTROLS,NO CONTROLS,CLEAR,DAYLIGHT,PARKED MOTOR VEHICLE,DIVIDED - W/MEDIAN (NOT RAISED),2,STRAIGHT AND LEVEL,DRY,NO DEFECTS,ON SCENE,INJURY AND / OR TOW DUE TO CRASH,,,,"OVER $1,500",03/22/2019 02:40:00 PM,"VISION OBSCURED (SIGNS, TREE LIMBS, BUILDINGS, ETC.)",NOT APPLICABLE,2422,W,FULLERTON AVE,1431,,,,,,,2,NO INDICATION OF INJURY,0,0,0,0,0,0,1,14,6,3,41.9250025218,-87.6885710067,POINT (-87.688571006667 41.925002521848)
9a62888f21bb700cc55a07be6838a60ff379843db90d280ab0607ff617b6096a52067f506e9bf798787b66ecb66f5cf3b8f3974aa01925645bbf95a89cc8f06e,,03/21/2019 07:45:00 AM,25,TRAFFIC SIGNAL,FUNCTIONING PROPERLY,RAIN,DAYLIGHT,ANGLE,NOT DIVIDED,3,STRAIGHT AND LEVEL,WET,UNKNOWN,NOT ON SCENE (DESK REPORT),NO INJURY / DRIVE AWAY,,,,"OVER $1,500",03/22/2019 07:55:00 AM,FAILING TO YIELD RIGHT-OF-WAY,UNABLE TO DETERMINE,3600,N,ASHLAND AVE,1922,,,,,,,2,NO INDICATION OF INJURY,0,0,0,0,0,0,4,7,5,3,41.9470793702,-87.6690072991,POINT (-87.669007299094 41.947079370164)
3e69a55907aeba0c706fcc89f4e10768f786e1244179073786a3d7c759c78b87b655b537caf3463e05696fc753ac767ee9fbb3b6e21251dfd015f2217cd8b700,Y,03/17/2019 01:00:00 AM,30,NO CONTROLS,NO CONTROLS,CLEAR,DAYLIGHT,PARKED MOTOR VEHICLE,ONE-WAY,1,STRAIGHT AND LEVEL,DRY,NO DEFECTS,ON SCENE,NO INJURY / DRIVE AWAY,,,Y,"OVER $1,500",03/17/2019 03:07:00 PM,UNABLE TO DETERMINE,NOT APPLICABLE,3053,W,FRANKLIN BLVD,1221,,,,,,,2,NO INDICATION OF INJURY,0,0,0,0,0,0,1,1,1,3,41.8899923467,-87.7036867659,POINT (-87.70368676585 41.889992346727)
fc33d0518389958eb477eb592b5ea75225256f5ae8af0c8fa3321513d5d78a380bee2b039ae9b76e23633132caef4ea91bc017518e2c3bac0e6c65cb7004564f,,03/16/2019 12:10:00 AM,30,NO CONTROLS,NO CONTROLS,CLEAR,"DARKNESS, LIGHTED ROAD",SIDESWIPE OPPOSITE DIRECTION,NOT DIVIDED,,STRAIGHT AND LEVEL,DRY,NO DEFECTS,ON SCENE,INJURY AND / OR TOW DUE TO CRASH,,,Y,"OVER $1,500",03/16/2019 12:12:00 AM,IMPROPER LANE USAGE,FAILING TO REDUCE SPEED TO AVOID CRASH,1609,W,37TH ST,912,,,,,,,2,NO INDICATION OF INJURY,0,0,0,0,0,0,4,0,7,3,41.8267384068,-87.6658332965,POINT (-87.665833296531 41.826738406842)
56ec191a3cb9fa6805c7e36f6cddfd5759143a8f72ac607ba8db5872b2f9d314e1db5b681d92334b8346984fbfd83a38a2c8bfdd8ff5b700ffc6f44245a0ca81,,03/15/2019 05:09:00 PM,10,NO CONTROLS,NO CONTROLS,CLEAR,DAYLIGHT,REAR END,ONE-WAY,1,STRAIGHT AND LEVEL,DRY,NO DEFECTS,ON SCENE,NO INJURY / DRIVE AWAY,,,Y,"OVER $1,500",03/15/2019 05:12:00 PM,FOLLOWING TOO CLOSELY,FOLLOWING TOO CLOSELY,2629,W,JARVIS AVE,2411,,,,,,,2,NO INDICATION OF INJURY,0,0,0,0,0,0,2,17,6,3,42.0156658521,-87.6961645256,POINT (-87.696164525597 42.015665852127)
a2d91901c1eac01c4c51caee752eb41c5cc7706adece95db85f6723821a1cc004358ff69eb07dfc362d35cf7d12df8b131cdf097b124d19b700638892eb3cb86,,03/15/2019 12:00:00 PM,30,NO CONTROLS,NO CONTROLS,CLEAR,DAYLIGHT,ANGLE,DIVIDED - W/MEDIAN (NOT RAISED),2,STRAIGHT AND LEVEL,DRY,NO DEFECTS,NOT ON SCENE (DESK REPORT),NO INJURY / DRIVE AWAY,,,,"$501 - $1,500",03/15/2019 12:30:00 PM,FAILING TO YIELD RIGHT-OF-WAY,FAILING TO YIELD RIGHT-OF-WAY,1614,W,WILSON AVE,1912,,,,,,,2,NO INDICATION OF INJURY,0,0,0,0,0,0,4,12,6,3,41.9653339037,-87.670013768,POINT (-87.670013767971 41.965333903748)
c7b03ad0c111b47476e960d03ddd30cb49df1e2b7c63521d9a9a38ed05496940e26f78707a0cf07e1bbf4d4b7006c011949f9968076d78a1fad3d29c83387ed4,,03/15/2019 09:00:00 AM,30,NO CONTROLS,NO CONTROLS,UNKNOWN,UNKNOWN,SIDESWIPE SAME DIRECTION,NOT DIVIDED,,STRAIGHT AND LEVEL,UNKNOWN,UNKNOWN,NOT ON SCENE (DESK REPORT),NO INJURY / DRIVE AWAY,,,Y,$500 OR LESS,03/15/2019 09:50:00 AM,UNABLE TO DETERMINE,NOT APPLICABLE,6156,S,LANGLEY AVE,313,,,,,,,2,NO INDICATION OF INJURY,0,0,0,0,0,0,2,9,6,3,41.7823348699,-87.6085737081,POINT (-87.608573708122 41.782334869918)
bc4a29ba3468f4bbe51b8959e3d1db966de531e2ac8d57194f7891c1f32e45af8a7da73ff75476526b7002c66d8c272429ba86326e7b1de406cf413e08414c8a,,03/15/2019 07:48:00 AM,30,NO CONTROLS,NO CONTROLS,RAIN,DAYLIGHT,TURNING,NOT DIVIDED,,STRAIGHT AND LEVEL,WET,NO DEFECTS,,INJURY AND / OR TOW DUE TO CRASH,,,,"$501 - $1,500",03/15/2019 07:49:00 AM,FAILING TO YIELD RIGHT-OF-WAY,FAILING TO YIELD RIGHT-OF-WAY,2345,N,CICERO AVE,2522,,,,,,,2,NO INDICATION OF INJURY,0,0,0,0,0,0,2,7,6,3,41.9237850926,-87.7461401488,POINT (-87.746140148787 41.92378509256)
250c0a00312a0d4f0ff060e9a5a962550fd96dc03b700e474a277df7c4c2ae90eeba29660c406179b3578c6be17e547b7d223fbc977a26aef67f80f3e8f873f7,,03/14/2019 11:00:00 AM,30,NO CONTROLS,NO CONTROLS,RAIN,DAYLIGHT,PARKED MOTOR VEHICLE,DIVIDED - W/MEDIAN (NOT RAISED),,STRAIGHT AND LEVEL,WET,NO DEFECTS,ON SCENE,NO INJURY / DRIVE AWAY,,,Y,"OVER $1,500",03/14/2019 11:35:00 AM,UNABLE TO DETERMINE,NOT APPLICABLE,4475,S,ARCHER AVE,821,,,,,,,2,NO INDICATION OF INJURY,0,0,0,0,0,0,1,11,5,3,41.811847224,-87.7076656735,POINT (-87.707665673544 41.811847224016)
a75e64fe0e15a47a45f16bf68670d67fb3b7000eec3c747f15563776e151015529d58232ca7a390d4499dbd844b4455e82fa56db98cf3b728de57b2907242e6c,,03/11/2019 06:05:00 PM,30,STOP SIGN/FLASHER,FUNCTIONING PROPERLY,CLEAR,DAYLIGHT,ANGLE,NOT DIVIDED,2,STRAIGHT AND LEVEL,DRY,NO DEFECTS,NOT ON SCENE (DESK REPORT),NO INJURY / DRIVE AWAY,Y,,Y,"OVER $1,500",03/11/2019 07:00:00 PM,DISREGARDING STOP SIGN,UNABLE TO DETERMINE,7201,S,WENTWORTH AVE,731,,,,,,,2,NO INDICATION OF INJURY,0,0,0,0,0,0,2,18,2,3,41.763521988,-87.6295798682,POINT (-87.629579868172 41.763521987977)
0b9748945fda13ab7000e5dff9e4031cff750ea446fe5e8e0c00f9f0df4c600cc499a8853185aea28d9f4116aafebe5703930fd896f14c1740f546d19e5950ae,,03/10/2019 04:30:00 PM,30,NO CONTROLS,NO CONTROLS,CLEAR,DAYLIGHT,SIDESWIPE SAME DIRECTION,ONE-WAY,,STRAIGHT AND LEVEL,DRY,NO DEFECTS,,NO INJURY / DRIVE AWAY,,,,"$501 - $1,500",03/10/2019 05:05:00 PM,IMPROPER LANE USAGE,NOT APPLICABLE,730,N,RUSH ST,1833,,,,,,,2,NO INDICATION OF INJURY,0,0,0,0,0,0,2,16,1,3,41.8957698466,-87.6256285594,POINT (-87.62562855939 41.895769846625)
340d5ec41187e30ae65d68119ef49c33b5a8d07c16a5f54566b5537a965208815b878713994c6351a3cfe67126670db7003df9e73880dd8b5b435cec36985246,Y,03/10/2019 10:26:00 AM,30,NO CONTROLS,NO CONTROLS,CLEAR,DAYLIGHT,PARKED MOTOR VEHICLE,NOT DIVIDED,4,STRAIGHT AND LEVEL,DRY,NO DEFECTS,ON SCENE,NO INJURY / DRIVE AWAY,,,Y,$500 OR LESS,03/10/2019 10:26:00 AM,FOLLOWING TOO CLOSELY,DRIVING SKILLS/KNOWLEDGE/EXPERIENCE,642,N,CICERO AVE,1532,,,,,,,2,NO INDICATION OF INJURY,0,0,0,0,0,0,2,10,1,3,41.8926464689,-87.7458747715,POINT (-87.74587477149 41.892646468856)
e293a2211e7021468b5926c1814268c01700dbc30a2e2323af3d32a9c253cbc78b17e8593c1ee157f19152a3e0f4354339cb0ddf2e0e9b7002ac11edced07167,,03/09/2019 03:00:00 PM,25,NO CONTROLS,NO CONTROLS,RAIN,DAYLIGHT,SIDESWIPE SAME DIRECTION,ONE-WAY,,STRAIGHT AND LEVEL,WET,NO DEFECTS,NOT ON SCENE (DESK REPORT),NO INJURY / DRIVE AWAY,,,,"$501 - $1,500",03/09/2019 04:12:00 PM,NOT APPLICABLE,NOT APPLICABLE,3740,W,CORTLAND ST,2535,,,,,,,3,NO INDICATION OF INJURY,0,0,0,0,0,0,3,15,7,3,41.9155209814,-87.7208465628,POINT (-87.720846562832 41.915520981387)
5cb70007ca30e160811272e600413370b125940f1b92d9f83466d779dedc44b5c0534214e86dd7e172d4b64ecb98ab45a15cf13ce12deb8edd562524d6050231,,03/09/2019 09:30:00 AM,30,TRAFFIC SIGNAL,FUNCTIONING PROPERLY,CLEAR,DAYLIGHT,SIDESWIPE SAME DIRECTION,DIVIDED - W/MEDIAN BARRIER,2,STRAIGHT AND LEVEL,DRY,NO DEFECTS,NOT ON SCENE (DESK REPORT),NO INJURY / DRIVE AWAY,Y,,,$500 OR LESS,03/09/2019 10:40:00 AM,UNABLE TO DETERMINE,UNABLE TO DETERMINE,4700,S,ASHLAND AVE,931,,,,,,,2,NO INDICATION OF INJURY,0,0,0,0,0,0,2,9,7,3,41.8085115972,-87.6651172917,POINT (-87.665117291733 41.808511597247)
b63570b7e70e64f2fda51fe6e98bad86bb44dbd7118b700837d130cfe3ac77e354096e02b836b48c3fb20346f370da3c44a75cca0547346249233e638f8bbd26,,03/08/2019 08:00:00 PM,30,NO CONTROLS,NO CONTROLS,CLEAR,"DARKNESS, LIGHTED ROAD",PARKED MOTOR VEHICLE,NOT DIVIDED,,STRAIGHT AND LEVEL,DRY,NO DEFECTS,NOT ON SCENE (DESK REPORT),NO INJURY / DRIVE AWAY,,,Y,"$501 - $1,500",03/19/2019 01:20:00 PM,UNABLE TO DETERMINE,UNABLE TO DETERMINE,2217,W,RICE ST,1212,,,,,,,2,NO INDICATION OF INJURY,0,0,0,0,0,0,1,20,6,3,41.8966253641,-87.6827005488,POINT (-87.682700548824 41.896625364087)
70d5fcea19a152417e458442320012d8bb4f3835531b6efb700cbbdb9eae063a203e03ee4697aec37315bd66be6123302f54925f0750b1a0bca2a2d2d00ef2c4,,03/07/2019 02:50:00 PM,30,TRAFFIC SIGNAL,FUNCTIONING PROPERLY,CLEAR,DAYLIGHT,TURNING,DIVIDED - W/MEDIAN (NOT RAISED),4,STRAIGHT AND LEVEL,DRY,NO DEFECTS,NOT ON SCENE (DESK REPORT),NO INJURY / DRIVE AWAY,,,,"$501 - $1,500",03/07/2019 03:20:00 PM,UNABLE TO DETERMINE,UNABLE TO DETERMINE,10,N,CENTRAL AVE,1513,,,,,,,2,NO INDICATION OF INJURY,0,0,0,0,0,0,2,14,5,3,41.8805753882,-87.7650151537,POINT (-87.765015153652 41.8805753882)
37bd7e465416fc8bded2d7e089a003d1075c2f87b4781d41e7dc61663d9716b186911dfcc3cd8c1df41c015403540b700ec6d9d238646e6ce70b880cafbfff05,,03/07/2019 07:15:00 AM,30,STOP SIGN/FLASHER,FUNCTIONING PROPERLY,CLEAR,DAYLIGHT,REAR END,NOT DIVIDED,,STRAIGHT AND LEVEL,DRY,NO DEFECTS,NOT ON SCENE (DESK REPORT),NO INJURY / DRIVE AWAY,,,,"$501 - $1,500",03/07/2019 07:30:00 AM,FOLLOWING TOO CLOSELY,FAILING TO REDUCE SPEED TO AVOID CRASH,12625,S,CARONDOLET AVE,433,,,,,,,2,NO INDICATION OF INJURY,0,0,0,0,0,0,2,7,5,3,41.6658236874,-87.5494164903,POINT (-87.549416490293 41.665823687417)
d1cb0b8e7dded0e153b6ed2320b708121b0dc96095eccbf9fd38d1c3858c3b47a95ecc9e213b2ece3242395b7e50753e4a369ed522b9b700895ba96a188928a7,,03/06/2019 07:48:00 PM,30,TRAFFIC SIGNAL,FUNCTIONING PROPERLY,CLEAR,"DARKNESS, LIGHTED ROAD",TURNING,NOT DIVIDED,,STRAIGHT AND LEVEL,DRY,NO DEFECTS,ON SCENE,INJURY AND / OR TOW DUE TO CRASH,Y,,,"OVER $1,500",03/06/2019 07:56:00 PM,FAILING TO YIELD RIGHT-OF-WAY,NOT APPLICABLE,1200,W,HOLLYWOOD AVE,2013,,,,,,,2,NO INDICATION OF INJURY,0,0,0,0,0,0,2,19,4,3,41.9855760454,-87.6601764914,POINT (-87.660176491432 41.985576045424)