CRASH_RECORD_ID,CRASH_DATE_EST_I,CRASH_DATE,POSTED_SPEED_LIMIT,TRAFFIC_CONTROL_DEVICE,DEVICE_CONDITION,WEATHER_CONDITION,LIGHTING_CONDITION,FIRST_CRASH_TYPE,TRAFFICWAY_TYPE,LANE_CNT,ALIGNMENT,ROADWAY_SURFACE_COND,ROAD_DEFECT,REPORT_TYPE,CRASH_TYPE,INTERSECTION_RELATED_I,NOT_RIGHT_OF_WAY_I,HIT_AND_RUN_I,DAMAGE,DATE_POLICE_NOTIFIED,PRIM_CONTRIBUTORY_CAUSE,SEC_CONTRIBUTORY_CAUSE,STREET_NO,STREET_DIRECTION,STREET_NAME,BEAT_OF_OCCURRENCE,PHOTOS_TAKEN_I,STATEMENTS_TAKEN_I,DOORING_I,WORK_ZONE_I,WORK_ZONE_TYPE,WORKERS_PRESENT_I,NUM_UNITS,MOST_SEVERE_INJURY,INJURIES_TOTAL,INJURIES_FATAL,INJURIES_INCAPACITATING,INJURIES_NON_INCAPACITATING,INJURIES_REPORTED_NOT_EVIDENT,INJURIES_UNKNOWN,INJURIES_NO_INDICATION,CRASH_HOUR,CRASH_DAY_OF_WEEK,CRASH_MONTH,LATITUDE,LONGITUDE,LOCATION
680db9961d3c9d3a7a2844e0b72967fffcff75ca127b700d22f9a448ab4624009e9a69994de93cee049a2209c7839b4cbc534431db6f0cb806bbcaccf0e09142,,03/06/2019 10:34:00 AM,35,TRAFFIC SIGNAL,FUNCTIONING PROPERLY,CLEAR,DAYLIGHT,SIDESWIPE SAME DIRECTION,DIVIDED - W/MEDIAN BARRIER,3,STRAIGHT AND LEVEL,DRY,NO DEFECTS,ON SCENE,NO INJURY / DRIVE AWAY,,,Y,"$501 - $1,500",03/06/2019 10:36:00 AM,IMPROPER OVERTAKING/PASSING,IMPROPER OVERTAKING/PASSING,343,N,MICHIGAN AVE,114,,,,,,,2,NO INDICATION OF INJURY,0,0,0,0,0,0,2,10,4,3,41.8877502986,-87.6244108678,POINT (-87.624410867821 41.887750298554)
b9df1b700c0749d9ccf40b24eaa14007cc17f53ddc2dec3619f1172329fde374a502841ed87b4ba17459dc4496aa2a5a9f13f6dfc0a221722e42e0648b9e19e5,,03/05/2019 02:51:00 PM,30,NO CONTROLS,NO CONTROLS,CLEAR,DAYLIGHT,SIDESWIPE SAME DIRECTION,NOT DIVIDED,2,STRAIGHT AND LEVEL,DRY,NO DEFECTS,ON SCENE,INJURY AND / OR TOW DUE TO CRASH,,,,"OVER $1,500",03/05/2019 02:56:00 PM,NOT APPLICABLE,DRIVING SKILLS/KNOWLEDGE/EXPERIENCE,10210,S,YATES AVE,431,,,,,,,2,NO INDICATION OF INJURY,0,0,0,0,0,0,2,14,3,3,41.7095270286,-87.5646777122,POINT (-87.564677712229 41.709527028583)
100f027ec3724fa1a7932d9834dda6507bab7ca5e1ed4ac765c26f218d51a0e54eb964a21c750d371ab5bdd82562160b700bcbcc6d9b486c1d30bb9687f0f181,,03/05/2019 02:30:00 PM,30,NO CONTROLS,NO CONTROLS,CLEAR,DAYLIGHT,SIDESWIPE SAME DIRECTION,NOT DIVIDED,,STRAIGHT AND LEVEL,DRY,NO DEFECTS,NOT ON SCENE (DESK REPORT),NO INJURY / DRIVE AWAY,,,,"OVER $1,500",03/05/2019 03:00:00 PM,IMPROPER OVERTAKING/PASSING,IMPROPER OVERTAKING/PASSING,5500,S,PRINCETON AVE,711,,,,,,,2,NO INDICATION OF INJURY,0,0,0,0,0,0,2,14,3,3,41.7940818811,-87.6331347033,POINT (-87.633134703265 41.794081881074)
dc214ed4dbbb91ac0e458aa72e7a14e8fc5a5bdff489bc62491f8df776f4474aff80e0d7a7b700dbf8337f061f5ad5851ca894cfbd3a166b6c24594d38ce0f1d,,03/04/2019 06:00:00 PM,35,TRAFFIC SIGNAL,FUNCTIONING PROPERLY,CLOUDY/OVERCAST,DUSK,REAR END,DIVIDED - W/MEDIAN (NOT RAISED),,STRAIGHT AND LEVEL,WET,NO DEFECTS,NOT ON SCENE (DESK REPORT),NO INJURY / DRIVE AWAY,,,,$500 OR LESS,03/06/2019 08:00:00 AM,FOLLOWING TOO CLOSELY,NOT APPLICABLE,4958,S,WESTERN AVE,923,,,,,,,2,NO INDICATION OF INJURY,0,0,0,0,0,0,2,18,2,3,41.8030297263,-87.6844203746,POINT (-87.684420374564 41.803029726266)
2372c9fd1e03365a219cb2d1b79f84c13536a395725a017ad48fd76832ad6867f55793172087fb7014bce4b9b70047b9f7a86531858eb81c77327704b086975e,,03/01/2019 06:00:00 PM,30,NO CONTROLS,NO CONTROLS,CLEAR,"DARKNESS, LIGHTED ROAD",SIDESWIPE SAME DIRECTION,NOT DIVIDED,,STRAIGHT AND LEVEL,DRY,NO DEFECTS,NOT ON SCENE (DESK REPORT),NO INJURY / DRIVE AWAY,,,,"$501 - $1,500",03/01/2019 06:20:00 PM,UNABLE TO DETERMINE,UNABLE TO DETERMINE,1600,N,CLYBOURN AVE,1813,,,,,,,2,NO INDICATION OF INJURY,0,0,0,0,0,0,2,18,6,3,41.9108656861,-87.649664933,POINT (-87.649664933008 41.910865686084)
9867164ae2aa4e1c040f67a4b29c067aae0dcdc86235fe9690eb700387d97a39c69dc89539c718f2e92f2455dade4f8dffd192002c083bfdb9f75705260e4ccb,,02/25/2019 01:30:00 PM,30,TRAFFIC SIGNAL,FUNCTIONING PROPERLY,CLEAR,DAYLIGHT,ANGLE,OTHER,0,STRAIGHT AND LEVEL,DRY,NO DEFECTS,ON SCENE,INJURY AND / OR TOW DUE TO CRASH,Y,,,"OVER $1,500",02/25/2019 01:32:00 PM,DISREGARDING TRAFFIC SIGNALS,UNABLE TO DETERMINE,99,E,BALBO AVE,123,,,,,,,2,NO INDICATION OF INJURY,0,0,0,0,0,0,3,13,2,2,41.8730512866,-87.624287231,POINT (-87.624287231041 41.873051286614)
26ca797136636045904ff92dd83dfd27541c1ff85fd96a2380b08df62c23bf1f3afe9a8db8de196595ea3f723de3c3752b48fb7006b0f9e38eb9692c2ed31f8e,,02/25/2019 07:50:00 AM,20,NO CONTROLS,NO CONTROLS,CLEAR,DAYLIGHT,SIDESWIPE SAME DIRECTION,NOT DIVIDED,2,STRAIGHT AND LEVEL,DRY,NO DEFECTS,,NO INJURY / DRIVE AWAY,,,Y,"OVER $1,500",02/27/2019 11:05:00 AM,IMPROPER OVERTAKING/PASSING,UNABLE TO DETERMINE,10121,S,LONGWOOD DR,2213,,,,,,,2,NO INDICATION OF INJURY,0,0,0,0,0,0,2,7,2,2,41.7096149496,-87.6695736144,POINT (-87.669573614441 41.709614949648)
15a377d52179a03f04c2dc16b67b7005b691f4ededcb21005ea6b2d0c08cdec471f6f6c2fd2e1911b2bba3fe364e2e18804d81c20a43185dd68756c49fb6164f,,02/24/2019 12:15:00 PM,15,NO CONTROLS,NO CONTROLS,CLEAR,DAYLIGHT,PARKED MOTOR VEHICLE,PARKING LOT,,STRAIGHT AND LEVEL,DRY,NO DEFECTS,NOT ON SCENE (DESK REPORT),NO INJURY / DRIVE AWAY,,Y,,"OVER $1,500",02/24/2019 12:30:00 PM,IMPROPER BACKING,UNABLE TO DETERMINE,1800,N,CLYBOURN AVE,1811,,,,,,,2,NO INDICATION OF INJURY,0,0,0,0,0,0,1,12,1,2,41.9136838044,-87.6535920423,POINT (-87.653592042342 41.913683804357)
294dd456ab3e664b70837528b49f52232fdac0864865574fb700fa9ff2a9572bb0a53078ef328511f7db3ffcd54da126019f9b93ee182a83dd88239bffe152e1,,02/23/2019 06:03:00 PM,30,NO CONTROLS,NO CONTROLS,RAIN,"DARKNESS, LIGHTED ROAD",ANGLE,ONE-WAY,1,STRAIGHT AND LEVEL,WET,NO DEFECTS,ON SCENE,NO INJURY / DRIVE AWAY,Y,,Y,"OVER $1,500",02/23/2019 06:03:00 PM,NOT APPLICABLE,NOT APPLICABLE,2545,W,58TH ST,824,,,,,,,2,NO INDICATION OF INJURY,0,0,0,0,0,0,3,18,7,2,41.7882117212,-87.6881128552,POINT (-87.688112855157 41.788211721231)
7721bb2cd5091dbdc4eeb700fb17eb282e57c37a5f0a47fee2c420485b8385b01bfc5d6312aaced71dee713c68ec358cbf6c7dae660b6166f3222d5740ddaa00,,02/23/2019 02:40:00 PM,30,NO CONTROLS,NO CONTROLS,RAIN,DAYLIGHT,TURNING,NOT DIVIDED,2,STRAIGHT AND LEVEL,WET,NO DEFECTS,ON SCENE,INJURY AND / OR TOW DUE TO CRASH,,,,"OVER $1,500",02/23/2019 02:44:00 PM,IMPROPER TURNING/NO SIGNAL,NOT APPLICABLE,4102,W,LAKE ST,1114,,,,,,,2,NO INDICATION OF INJURY,0,0,0,0,0,0,3,14,7,2,41.8857199658,-87.7284520172,POINT (-87.728452017155 41.885719965803)
7c665db09c7d4e33cc5240a68e70b0e96be32b260b6114fc2ec6e9045a7ab9a2d5d26cabf5109074c3b3c0b04ce90015cc67cb4eb700b864437fbb01068cd9b7,,02/23/2019 11:05:00 AM,20,NO CONTROLS,NO CONTROLS,RAIN,DAYLIGHT,ANGLE,NOT DIVIDED,1,STRAIGHT AND LEVEL,WET,NO DEFECTS,ON SCENE,INJURY AND / OR TOW DUE TO CRASH,,,,"OVER $1,500",02/23/2019 11:10:00 AM,FAILING TO YIELD RIGHT-OF-WAY,NOT APPLICABLE,8617,W,FOSTER AVE,1614,,,,,,,2,NO INDICATION OF INJURY,0,0,0,0,0,0,2,11,7,2,41.973672546,-87.841687227,POINT (-87.84168722699 41.97367254596)
872efef37cec80c1cbbe38a28625c2e11feff68c8a3036c91baf0d7953bd4fec99a159f705de3ad1e505f6e468630b62e82cb700d9d6f89fbb13742652d0bfa5,Y,02/21/2019 11:30:00 AM,30,NO CONTROLS,NO CONTROLS,UNKNOWN,UNKNOWN,PARKED MOTOR VEHICLE,NOT DIVIDED,1,STRAIGHT AND LEVEL,UNKNOWN,UNKNOWN,NOT ON SCENE (DESK REPORT),NO INJURY / DRIVE AWAY,,,Y,$500 OR LESS,02/23/2019 02:30:00 PM,UNABLE TO DETERMINE,UNABLE TO DETERMINE,2758,N,MAGNOLIA AVE,1932,,,,,,,2,NO INDICATION OF INJURY,0,0,0,0,0,0,1,11,5,2,41.9324431747,-87.6600615064,POINT (-87.660061506424 41.932443174724)
3e0b67494210882f603d8b70003150a613dcf8736d7e8a6c4975e8ec49078eb3c96f783567284ad46526b54e5362f1620e82f6195653fbc8903197a38ba2f616,,02/20/2019 07:55:00 AM,30,NO CONTROLS,NO CONTROLS,UNKNOWN,DAYLIGHT,PARKED MOTOR VEHICLE,NOT DIVIDED,2,STRAIGHT AND LEVEL,UNKNOWN,UNKNOWN,NOT ON SCENE (DESK REPORT),NO INJURY / DRIVE AWAY,,,,"OVER $1,500",02/20/2019 08:50:00 AM,UNABLE TO DETERMINE,UNABLE TO DETERMINE,1932,E,75TH ST,333,,,,,,,2,NO INDICATION OF INJURY,0,0,0,0,0,0,1,7,4,2,41.7589735393,-87.5772991892,POINT (-87.577299189217 41.758973539258)
1497132d4fdfda0eda65898086531effa5fc02466339c0bede139d4e8df3cb99ed0176d8dee0e2bdc5679880eb149ed4b700c3c41ec474b79c1e6e8a76116d82,,02/19/2019 05:30:00 AM,30,TRAFFIC SIGNAL,FUNCTIONING PROPERLY,CLEAR,DAYLIGHT,TURNING,DIVIDED - W/MEDIAN BARRIER,3,STRAIGHT AND LEVEL,DRY,NO DEFECTS,NOT ON SCENE (DESK REPORT),NO INJURY / DRIVE AWAY,,,,"OVER $1,500",02/20/2019 02:00:00 PM,UNABLE TO DETERMINE,UNABLE TO DETERMINE,4800,W,50TH ST,814,,,,,,,2,NO INDICATION OF INJURY,0,0,0,0,0,0,2,5,3,2,41.8022578706,-87.743067483,POINT (-87.743067482966 41.802257870613)
851fd12cf3507fb5ca09e32f095b87efb7f05a1eafacb2d97f703f034dfbb5c71b6a35560483521eefa4b70076d8f272b9820c0a586554f7cda4c3f6b862c28d,Y,02/18/2019 06:30:00 PM,25,NO CONTROLS,NO CONTROLS,CLEAR,DARKNESS,PARKED MOTOR VEHICLE,NOT DIVIDED,2,STRAIGHT AND LEVEL,DRY,NO DEFECTS,,NO INJURY / DRIVE AWAY,,,Y,"OVER $1,500",02/18/2019 06:38:00 PM,UNABLE TO DETERMINE,UNABLE TO DETERMINE,3525,N,BROADWAY,1925,,,,,,,2,NO INDICATION OF INJURY,0,0,0,0,0,0,1,18,2,2,41.9462284007,-87.6464289411,POINT (-87.646428941105 41.946228400711)
fe66dd0d25e55faf2ff55191406b67059a8d3dc88a719f58a80175afe3350c47b3e1f0e14f5eb189e73b71ecfcce2695607ecd88e274fd52f1b493ab5b93b700,,02/16/2019 03:30:00 PM,30,NO CONTROLS,NO CONTROLS,CLEAR,DAYLIGHT,ANGLE,NOT DIVIDED,2,STRAIGHT AND LEVEL,DRY,NO DEFECTS,NOT ON SCENE (DESK REPORT),NO INJURY / DRIVE AWAY,,,,"OVER $1,500",02/16/2019 03:45:00 PM,FAILING TO YIELD RIGHT-OF-WAY,NOT APPLICABLE,1599,W,19TH ST,1235,,,,,,,2,NO INDICATION OF INJURY,0,0,0,0,0,0,4,15,7,2,41.8558714092,-87.6659658075,POINT (-87.665965807469 41.855871409244)
afa4af40083adec89c9a60441515716b68676041493493a9a45039d9a2b70032a5bbd3b2d7267870deb70abfc0b2970455788f7fcf1e4b87ce2d48b5d54b1480,,02/15/2019 08:10:00 AM,35,STOP SIGN/FLASHER,FUNCTIONING PROPERLY,CLEAR,DAYLIGHT,ANGLE,DIVIDED - W/MEDIAN BARRIER,,STRAIGHT AND LEVEL,DRY,NO DEFECTS,ON SCENE,INJURY AND / OR TOW DUE TO CRASH,Y,,,"OVER $1,500",02/15/2019 08:15:00 AM,"VISION OBSCURED (SIGNS, TREE LIMBS, BUILDINGS, ETC.)",FAILING TO YIELD RIGHT-OF-WAY,8200,W,IRVING PARK RD,1614,,,,,,,2,NO INDICATION OF INJURY,0,0,0,0,0,0,3,8,6,2,41.9522720254,-87.8318594683,POINT (-87.831859468272 41.9522720254)
e8318be4fc607a8d30dbb3e67d6ab6692c8e82d7a082ca4c52fb4240e59b21c2319e957a6abce0c77abec7e3a6e96991b7004a7a8fd8fe16878b72bd3f82f6a7,,02/15/2019 06:40:00 AM,30,TRAFFIC SIGNAL,FUNCTIONING PROPERLY,CLEAR,DAYLIGHT,TURNING,NOT DIVIDED,,STRAIGHT AND LEVEL,DRY,UNKNOWN,NOT ON SCENE (DESK REPORT),NO INJURY / DRIVE AWAY,,,,"OVER $1,500",02/15/2019 06:50:00 AM,UNABLE TO DETERMINE,"VISION OBSCURED (SIGNS, TREE LIMBS, BUILDINGS, ETC.)",4800,W,FLOURNOY ST,1533,,,,,,,2,NO INDICATION OF INJURY,0,0,0,0,0,0,2,6,6,2,41.8721809289,-87.7449844277,POINT (-87.744984427653 41.87218092888)
9e6cb7a013d621b700d85b825183a781456085774c98dc6761b2e32924727cf6c8ef2ea11d7ae3abfd709f6d90b8995e82ac4ec1f74685fa7ebaec5eb7aef329,Y,02/14/2019 10:20:00 AM,30,UNKNOWN,UNKNOWN,CLEAR,DAYLIGHT,PARKED MOTOR VEHICLE,OTHER,1,STRAIGHT AND LEVEL,WET,NO DEFECTS,ON SCENE,NO INJURY / DRIVE AWAY,,Y,,$500 OR LESS,02/14/2019 10:22:00 AM,FAILING TO REDUCE SPEED TO AVOID CRASH,NOT APPLICABLE,11523,S,HALSTED ST,524,,,,,,,2,NO INDICATION OF INJURY,0,0,0,0,0,0,3,10,5,2,41.6843149605,-87.641982758,POINT (-87.641982758022 41.684314960549)
85983eb39b09491a2d126883334067ff8c23b7002c0a526b59e2d98260ce34072f85c75f957f615c27e432622873dab3690c19f43763152f7bf1dcd39d8c420d,,02/14/2019 08:55:00 AM,30,TRAFFIC SIGNAL,FUNCTIONING PROPERLY,CLEAR,DAYLIGHT,REAR END,CENTER TURN LANE,,STRAIGHT AND LEVEL,DRY,NO DEFECTS,NOT ON SCENE (DESK REPORT),NO INJURY / DRIVE AWAY,,,Y,"$501 - $1,500",02/14/2019 01:15:00 PM,FOLLOWING TOO CLOSELY,NOT APPLICABLE,14,W,79TH ST,623,,,,,,,2,NO INDICATION OF INJURY,0,0,0,0,0,0,2,8,5,2,41.7510518205,-87.625093814,POINT (-87.625093813994 41.751051820457)
d04fd7c64360607c2358d5026aa4ccd4634ff4cd5979efc10aaf41dbae1456bb02fe8e81a66b5d14b83fdfddcb09c01eb700f6ffb94674d4f16ab79ae0c9c8ee,,02/13/2019 12:25:00 PM,30,NO CONTROLS,NO CONTROLS,CLEAR,DAYLIGHT,SIDESWIPE SAME DIRECTION,ONE-WAY,3,STRAIGHT AND LEVEL,DRY,NO DEFECTS,NOT ON SCENE (DESK REPORT),NO INJURY / DRIVE AWAY,,,Y,"$501 - $1,500",02/13/2019 12:55:00 PM,UNABLE TO DETERMINE,NOT APPLICABLE,3456,S,MICHIGAN AVE,211,,,,,,,2,NO INDICATION OF INJURY,0,0,0,0,0,0,3,12,4,2,41.8311906917,-87.6234076783,POINT (-87.623407678286 41.831190691662)
2bd0c49b85faabe085ee70c4b700fbc0576c8f3bc135f2745eddbe9877f6a9eae922018b054affd94dd4ef5c9cdb028acb81365393fd3357dc1c8f8cd1260a91,,02/12/2019 07:50:00 AM,30,TRAFFIC SIGNAL,FUNCTIONING PROPERLY,RAIN,DAYLIGHT,REAR END,DIVIDED - W/MEDIAN (NOT RAISED),4,STRAIGHT AND LEVEL,ICE,NO DEFECTS,NOT ON SCENE (DESK REPORT),NO INJURY / DRIVE AWAY,,,,$500 OR LESS,02/12/2019 08:10:00 AM,UNABLE TO DETERMINE,NOT APPLICABLE,900,E,47TH ST,222,,,,,,,2,NO INDICATION OF INJURY,0,0,0,0,0,0,4,7,3,2,41.8096753664,-87.6038452472,POINT (-87.603845247185 41.809675366382)
c2ec4ab817e92a5788a2b7005d02544f020d5fcc6c7a0725e7e3119ce74764431644da8c4af8f133fce18b40ed4ae305d8fe826d3bb54cffdb76500e189b80be,,02/07/2019 07:05:00 AM,35,TRAFFIC SIGNAL,FUNCTIONING PROPERLY,RAIN,DAYLIGHT,REAR END,NOT DIVIDED,,STRAIGHT AND LEVEL,WET,UNKNOWN,NOT ON SCENE (DESK REPORT),NO INJURY / DRIVE AWAY,,,,$500 OR LESS,02/08/2019 07:05:00 AM,FOLLOWING TOO CLOSELY,FOLLOWING TOO CLOSELY,6460,N,SHERIDAN RD,2432,,,,,,,2,NO INDICATION OF INJURY,0,0,0,0,0,0,2,7,5,2,41.9998938718,-87.660837285,POINT (-87.660837284997 41.999893871758)
79cdfbf22b8374915cd5e2a5f66f0201dd890956618084e1698bb98447b1c8834b03a6d988cb5dfffa59dcf2633ff08cb35807ff09fbb700a16fcf0124da0642,,02/06/2019 06:57:00 PM,30,NO CONTROLS,NO CONTROLS,RAIN,"DARKNESS, LIGHTED ROAD",SIDESWIPE SAME DIRECTION,DIVIDED - W/MEDIAN (NOT RAISED),2,STRAIGHT AND LEVEL,WET,NO DEFECTS,NOT ON SCENE (DESK REPORT),NO INJURY / DRIVE AWAY,,,,"OVER $1,500",02/06/2019 09:30:00 PM,IMPROPER OVERTAKING/PASSING,NOT APPLICABLE,2020,N,CLARK ST,1814,,,,,,,2,NO INDICATION OF INJURY,0,0,0,0,0,0,3,18,4,2,41.91908988,-87.6366844449,POINT (-87.636684444864 41.919089880022)
0f333accbd7b9c4c61776f31d918e391d9e5f25b700cae2f7fddbb96212bd7c80a100aefe5c8feae0533525ef81eac35dbf113e671514a48f968e7010fb3befe,,02/06/2019 12:30:00 PM,30,TRAFFIC SIGNAL,FUNCTIONING PROPERLY,CLEAR,DAYLIGHT,SIDESWIPE SAME DIRECTION,NOT DIVIDED,,STRAIGHT AND LEVEL,DRY,NO DEFECTS,NOT ON SCENE (DESK REPORT),NO INJURY / DRIVE AWAY,Y,,,"$501 - $1,500",02/06/2019 01:28:00 PM,UNABLE TO DETERMINE,UNABLE TO DETERMINE,629,N,ASHLAND AVE,1215,,,,,,,2,NO INDICATION OF INJURY,0,0,0,0,0,0,3,12,4,2,41.8933173832,-87.6670640558,POINT (-87.667064055771 41.893317383231)
3095b6203c13d7657977d10893be1e33fa04236b493085ed156b26e6d6b4df4ca8baebb6f8eebbc4c5b43c1fb7006f3b64ae41232b8bb3fae86f03f521cb4c0b,,02/05/2019 06:38:00 PM,30,NO CONTROLS,NO CONTROLS,CLOUDY/OVERCAST,"DARKNESS, LIGHTED ROAD",PEDESTRIAN,DIVIDED - W/MEDIAN (NOT RAISED),2,STRAIGHT AND LEVEL,DRY,NO DEFECTS,ON SCENE,INJURY AND / OR TOW DUE TO CRASH,Y,,,$500 OR LESS,02/05/2019 06:43:00 PM,FAILING TO YIELD RIGHT-OF-WAY,NOT APPLICABLE,1436,W,CHICAGO AVE,1213,,,,,,,2,NONINCAPACITATING INJURY,1,0,0,1,0,0,1,18,3,2,41.8962359501,-87.6639090462,POINT (-87.663909046208 41.896235950067)
72a462c1f9d1d4cac55b46eff0262b41d57423088da88b0d673d110686a8520a94ac61fdaaf3e40222b82519ab70091639a0210ab90a5db5a4ca0d2e6b3609fc,,02/05/2019 09:55:00 AM,30,TRAFFIC SIGNAL,FUNCTIONING PROPERLY,CLEAR,DAYLIGHT,SIDESWIPE SAME DIRECTION,DIVIDED - W/MEDIAN (NOT RAISED),4,STRAIGHT AND LEVEL,DRY,NO DEFECTS,ON SCENE,NO INJURY / DRIVE AWAY,N,,,$500 OR LESS,02/05/2019 10:00:00 AM,UNABLE TO DETERMINE,UNABLE TO DETERMINE,1724,W,95TH ST,2221,,Y,,,,,2,NO INDICATION OF INJURY,0,0,0,0,0,0,3,9,3,2,41.7212794075,-87.6657749002,POINT (-87.665774900189 41.721279407478)
aa0128934932107c8f01ba358d947e9b4063cb9af0b9602f96f9309dfaec723f4bd3364e5f9a5689256f3bd4b700ac66c8584b1d64248e2183dd67c4855f8e8a,,01/31/2019 03:42:00 PM,35,TRAFFIC SIGNAL,FUNCTIONING PROPERLY,CLEAR,DAYLIGHT,REAR END,NOT DIVIDED,4,STRAIGHT AND LEVEL,UNKNOWN,UNKNOWN,NOT ON SCENE (DESK REPORT),NO INJURY / DRIVE AWAY,,,,"$501 - $1,500",01/31/2019 04:18:00 PM,FOLLOWING TOO CLOSELY,UNABLE TO DETERMINE,4363,S,ARCHER AVE,922,,,,,,,2,NO INDICATION OF INJURY,0,0,0,0,0,0,2,15,5,1,41.8142118101,-87.7038198954,POINT (-87.703819895437 41.814211810102)
fc5b0653a7bb70056609e4d70bb4cf25551712334fdfa8c40ca0d05b451325d34cb7665aa0b56b0197aff14ea0d191a1f9b41d4cafe69905cb8b4dca8de5e574,,01/31/2019 07:52:00 AM,30,STOP SIGN/FLASHER,FUNCTIONING PROPERLY,CLEAR,DAYLIGHT,REAR END,DIVIDED - W/MEDIAN (NOT RAISED),2,STRAIGHT AND LEVEL,DRY,NO DEFECTS,ON SCENE,INJURY AND / OR TOW DUE TO CRASH,Y,,,"OVER $1,500",01/31/2019 07:53:00 AM,UNABLE TO DETERMINE,NOT APPLICABLE,6300,S,MARYLAND AVE,312,,,,,,,2,NO INDICATION OF INJURY,0,0,0,0,0,0,3,7,5,1,41.7803807869,-87.6047935409,POINT (-87.604793540929 41.780380786921)
6dfaa2dff6ea272a2557c7c169b47527ab16c381f58cd50c42ecf463a1452b700f3e0bcd7725ff5d14b081421cc10ffebec3c0c37ff29456e272d16a58c78623,Y,01/31/2019 06:00:00 AM,30,UNKNOWN,UNKNOWN,UNKNOWN,"DARKNESS, LIGHTED ROAD",PARKED MOTOR VEHICLE,NOT DIVIDED,4,STRAIGHT AND LEVEL,UNKNOWN,UNKNOWN,NOT ON SCENE (DESK REPORT),NO INJURY / DRIVE AWAY,,,Y,"OVER $1,500",01/31/2019 08:24:00 AM,UNABLE TO DETERMINE,UNABLE TO DETERMINE,5241,N,WESTERN AVE,2012,,,,,,,2,NO INDICATION OF INJURY,0,0,0,0,0,0,1,6,5,1,41.9770968668,-87.6890502934,POINT (-87.689050293424 41.977096866791)
ac5481d43561e4f5ab71857a17c37c87798f51025204102a76d9cd6bdf258d9e5d457ca8e7be2351249bb7001c13c37964ba6a992d25447e1549fbc8d8d6a71b,,01/30/2019 08:40:00 AM,30,NO CONTROLS,NO CONTROLS,CLEAR,DAYLIGHT,PARKED MOTOR VEHICLE,DIVIDED - W/MEDIAN (NOT RAISED),,STRAIGHT AND LEVEL,ICE,NO DEFECTS,,INJURY AND / OR TOW DUE TO CRASH,,,Y,"OVER $1,500",01/30/2019 08:42:00 AM,UNABLE TO DETERMINE,NOT APPLICABLE,3835,W,55TH ST,822,,,,,,,2,NO INDICATION OF INJURY,0,0,0,0,0,0,1,8,4,1,41.7931435623,-87.7196995258,POINT (-87.719699525769 41.793143562303)
31d17b700159834a032d0ca9ce9f078cea4857e71149c692faa40b2e2486d49d1357938d2d76d3df2e08ccc9770293fd568dc1a1beb2e82f9f034c894ce06aa4,,01/29/2019 08:54:00 PM,35,NO CONTROLS,NO CONTROLS,CLEAR,"DARKNESS, LIGHTED ROAD",SIDESWIPE SAME DIRECTION,NOT DIVIDED,2,STRAIGHT AND LEVEL,SNOW OR SLUSH,NO DEFECTS,,INJURY AND / OR TOW DUE TO CRASH,,,,"OVER $1,500",01/29/2019 08:57:00 PM,DRIVING SKILLS/KNOWLEDGE/EXPERIENCE,UNABLE TO DETERMINE,13224,S,ELLIS AVE,533,,,,,,,2,"REPORTED, NOT EVIDENT",2,0,0,0,2,0,3,20,3,1,41.6551974055,-87.5969063036,POINT (-87.596906303559 41.655197405527)
f5826a9b182e1a195a1500023bee6b45f2517b6bf424df4fbd6da74d09b5ad2f722bfcbe335bdb6c4bbc852c5b700b616a734872899b37f109e081deb9787a6e,,01/24/2019 11:01:00 AM,30,NO CONTROLS,NO CONTROLS,CLEAR,DAYLIGHT,REAR END,DIVIDED - W/MEDIAN (NOT RAISED),,STRAIGHT AND LEVEL,DRY,NO DEFECTS,NOT ON SCENE (DESK REPORT),NO INJURY / DRIVE AWAY,,,,"OVER $1,500",01/24/2019 01:05:00 PM,FOLLOWING TOO CLOSELY,NOT APPLICABLE,800,N,MONTICELLO AVE,1112,,,,,,,2,NO INDICATION OF INJURY,0,0,0,0,0,0,2,11,5,1,41.895538114,-87.7176828019,POINT (-87.717682801916 41.895538113997)
e791702283a6ab7008efa29974a101441968332028e6b6d8ae91ec321a06d1ebaea54e6925ca58490c52bfa34f943ed837c440be4d197a6405a22cb42adc6a4c,,01/23/2019 03:08:00 PM,25,NO CONTROLS,NO CONTROLS,CLEAR,DAYLIGHT,PARKED MOTOR VEHICLE,NOT DIVIDED,2,STRAIGHT AND LEVEL,SNOW OR SLUSH,UNKNOWN,ON SCENE,NO INJURY / DRIVE AWAY,,,,"OVER $1,500",01/23/2019 03:09:00 PM,IMPROPER LANE USAGE,UNABLE TO DETERMINE,6815,N,OSCEOLA AVE,1611,,Y,,,,,2,NO INDICATION OF INJURY,0,0,0,0,0,0,1,15,4,1,42.0047814347,-87.8121721825,POINT (-87.812172182495 42.004781434679)
eb4fb841e6686ed14920ab700e853121aea1d56405f5bca906d529e610d36119cf41c34a9bf782cfd5eb44e9ede43fc4364b7272b8c1e5e376314f59741ca903,,01/22/2019 12:22:00 PM,35,NO CONTROLS,NO CONTROLS,RAIN,DAYLIGHT,OTHER OBJECT,DIVIDED - W/MEDIAN (NOT RAISED),2,STRAIGHT AND LEVEL,WET,NO DEFECTS,ON SCENE,INJURY AND / OR TOW DUE TO CRASH,,,Y,"OVER $1,500",01/22/2019 12:23:00 PM,DRIVING SKILLS/KNOWLEDGE/EXPERIENCE,UNABLE TO DETERMINE,7454,S,DAMEN AVE,735,,,,,,,1,NO INDICATION OF INJURY,0,0,0,0,0,0,1,12,3,1,41.7578425052,-87.6734945485,POINT (-87.673494548474 41.757842505238)