CRASH_RECORD_ID,CRASH_DATE_EST_I,CRASH_DATE,POSTED_SPEED_LIMIT,TRAFFIC_CONTROL_DEVICE,DEVICE_CONDITION,WEATHER_CONDITION,LIGHTING_CONDITION,FIRST_CRASH_TYPE,TRAFFICWAY_TYPE,LANE_CNT,ALIGNMENT,ROADWAY_SURFACE_COND,ROAD_DEFECT,REPORT_TYPE,CRASH_TYPE,INTERSECTION_RELATED_I,NOT_RIGHT_OF_WAY_I,HIT_AND_RUN_I,DAMAGE,DATE_POLICE_NOTIFIED,PRIM_CONTRIBUTORY_CAUSE,SEC_CONTRIBUTORY_CAUSE,STREET_NO,STREET_DIRECTION,STREET_NAME,BEAT_OF_OCCURRENCE,PHOTOS_TAKEN_I,STATEMENTS_TAKEN_I,DOORING_I,WORK_ZONE_I,WORK_ZONE_TYPE,WORKERS_PRESENT_I,NUM_UNITS,MOST_SEVERE_INJURY,INJURIES_TOTAL,INJURIES_FATAL,INJURIES_INCAPACITATING,INJURIES_NON_INCAPACITATING,INJURIES_REPORTED_NOT_EVIDENT,INJURIES_UNKNOWN,INJURIES_NO_INDICATION,CRASH_HOUR,CRASH_DAY_OF_WEEK,CRASH_MONTH,LATITUDE,LONGITUDE,LOCATION
f3825a408e9569d0cc17efdf84a457b1b44fca53dbd80e9901ce6428dcdb7b409dcc836bd4906b717cb9d96b7001169018b73bc9fc71edfa38f113198bae5a70,,01/20/2019 03:57:00 PM,30,NO CONTROLS,NO CONTROLS,CLEAR,DAYLIGHT,SIDESWIPE SAME DIRECTION,NOT DIVIDED,4,STRAIGHT AND LEVEL,WET,NO DEFECTS,,NO INJURY / DRIVE AWAY,,,,"$501 - $1,500",01/20/2019 04:10:00 PM,FAILING TO YIELD RIGHT-OF-WAY,NOT APPLICABLE,2057,W,DIVISION ST,1212,,Y,,,,,3,NO INDICATION OF INJURY,0,0,0,0,0,0,2,15,1,1,41.9030402029,-87.6794987771,POINT (-87.679498777124 41.903040202876)
bc4ce3618bc52b7004a07845b8447528982ed05b9b16b404b0b0d447efd28490a2ad2dea940eb07a3946d0e65612a5e4e98370906fce123b7fc845823885cb35,,01/20/2019 02:59:00 PM,25,NO CONTROLS,NO CONTROLS,CLEAR,DAYLIGHT,PEDESTRIAN,NOT DIVIDED,1,STRAIGHT AND LEVEL,SNOW OR SLUSH,DEBRIS ON ROADWAY,NOT ON SCENE (DESK REPORT),INJURY AND / OR TOW DUE TO CRASH,,,,$500 OR LESS,01/20/2019 02:59:00 PM,ROAD CONSTRUCTION/MAINTENANCE,NOT APPLICABLE,5846,N,MELVINA AVE,1622,,,,,,,2,NONINCAPACITATING INJURY,1,0,0,1,0,0,1,14,1,1,41.9878691547,-87.7829387633,POINT (-87.782938763304 41.987869154735)
53e2d9b597f420a63d6d2ac98c3d9e7261cb0ee07d308c596b0a6bee85dd3dd4006cfeaecc1b69f7efe0384e3790a5aca23e4abb8bf9ed5fb700100480f49b4d,,01/17/2019 06:25:00 PM,30,STOP SIGN/FLASHER,FUNCTIONING PROPERLY,CLEAR,"DARKNESS, LIGHTED ROAD",SIDESWIPE SAME DIRECTION,DIVIDED - W/MEDIAN (NOT RAISED),2,STRAIGHT AND LEVEL,DRY,NO DEFECTS,NOT ON SCENE (DESK REPORT),NO INJURY / DRIVE AWAY,,,,"$501 - $1,500",01/17/2019 07:00:00 PM,DRIVING SKILLS/KNOWLEDGE/EXPERIENCE,NOT APPLICABLE,11901,S,HALSTED ST,524,,,,,,,2,NO INDICATION OF INJURY,0,0,0,0,0,0,2,18,5,1,41.6777263365,-87.6417591018,POINT (-87.64175910179 41.677726336519)
58fd9b476648188a69f7a3ddc6698217a5e3c3b85e65ef325dcb7009d47981a7cdd25e8ee0b1cae0a0779e511c07cf81ea3b92c1da0ba6302a69e88c36287efe,,01/17/2019 09:19:00 AM,30,TRAFFIC SIGNAL,FUNCTIONING PROPERLY,CLEAR,DAYLIGHT,TURNING,DIVIDED - W/MEDIAN (NOT RAISED),,STRAIGHT AND LEVEL,DRY,NO DEFECTS,NOT ON SCENE (DESK REPORT),NO INJURY / DRIVE AWAY,,,,$500 OR LESS,01/17/2019 10:00:00 AM,UNABLE TO DETERMINE,UNABLE TO DETERMINE,1,W,MARQUETTE RD,322,,,,,,,2,NO INDICATION OF INJURY,0,0,0,0,0,0,4,9,5,1,41.7726143052,-87.6251366308,POINT (-87.625136630763 41.77261430521)
28cf351473dc17757d96ef0721894eb7004fd4736036620340c2166d44e8b8ebbf54a93d84db63c0858619efc655bd2460a37a36405926a854d649ad7074cddd,,01/12/2019 01:43:00 PM,30,STOP SIGN/FLASHER,FUNCTIONING PROPERLY,SNOW,DAYLIGHT,REAR END,NOT DIVIDED,,STRAIGHT AND LEVEL,SNOW OR SLUSH,NO DEFECTS,NOT ON SCENE (DESK REPORT),NO INJURY / DRIVE AWAY,Y,,,$500 OR LESS,01/12/2019 02:30:00 PM,WEATHER,NOT APPLICABLE,2250,N,SHEFFIELD AVE,1811,,,,,,,2,NO INDICATION OF INJURY,0,0,0,0,0,0,2,13,7,1,41.9232368657,-87.6536854292,POINT (-87.653685429244 41.923236865685)
fd921aa08ae3e45ffd1475478b04faf78466cd5bedf49facc638a2849077d07e7d89a6fcd9d36cbfb94a4b7002e29ae3847b3d032104fe3d65623c0845a53874,,01/11/2019 04:00:00 PM,30,NO CONTROLS,NO CONTROLS,CLEAR,DAYLIGHT,SIDESWIPE SAME DIRECTION,DIVIDED - W/MEDIAN (NOT RAISED),,STRAIGHT AND LEVEL,DRY,NO DEFECTS,NOT ON SCENE (DESK REPORT),NO INJURY / DRIVE AWAY,,,Y,"OVER $1,500",01/11/2019 04:10:00 PM,FOLLOWING TOO CLOSELY,UNABLE TO DETERMINE,7100,S,RACINE AVE,734,,,,,,,2,NO INDICATION OF INJURY,0,0,0,0,0,0,3,16,6,1,41.7650093395,-87.65426109,POINT (-87.65426109003 41.765009339506)
29dae65ac25a6b32a637b7003e5e1c5d28bf97cfee9c222e9d67f13d7cfb8666d178dd4676ae0fc1f611cdb2beb37c4a762423238583246082cdd38f7390c58d,,01/09/2019 04:40:00 PM,30,TRAFFIC SIGNAL,FUNCTIONING PROPERLY,CLEAR,DAYLIGHT,REAR END,NOT DIVIDED,4,STRAIGHT AND LEVEL,DRY,NO DEFECTS,NOT ON SCENE (DESK REPORT),NO INJURY / DRIVE AWAY,Y,,,"$501 - $1,500",01/12/2019 10:45:00 AM,FAILING TO REDUCE SPEED TO AVOID CRASH,FOLLOWING TOO CLOSELY,2001,W,NORTH AVE,1424,,,,,,,2,NO INDICATION OF INJURY,0,0,0,0,0,0,2,16,4,1,41.9103632333,-87.677702539,POINT (-87.677702539003 41.910363233277)
b85201755e861f7b01e29f08d2ee7c997466a03d53f50cf3dc46fb700a4ce307b04e73087e2c8822b5590d9ba7fc66b32c36915ff17ceae7f2d3cbf988930ab6,,01/08/2019 11:45:00 AM,30,NO CONTROLS,NO CONTROLS,CLEAR,DAYLIGHT,REAR END,DIVIDED - W/MEDIAN (NOT RAISED),,STRAIGHT AND LEVEL,DRY,NO DEFECTS,NOT ON SCENE (DESK REPORT),NO INJURY / DRIVE AWAY,,,,"$501 - $1,500",01/08/2019 12:20:00 PM,FOLLOWING TOO CLOSELY,ROAD CONSTRUCTION/MAINTENANCE,1431,N,WESTERN AVE,1424,,,,,,,2,NO INDICATION OF INJURY,0,0,0,0,0,0,2,11,3,1,41.907609446,-87.6870018731,POINT (-87.687001873085 41.907609446035)
ea661bd85e55cc4dd0184db8ba1fbe3cd862e8eed7d1d9c7d6fedbb85f6faefb05b700a188ac01f686025ee7341f65d27f3cf74c9d3e633c6dfd11d49b3ffe94,,01/05/2019 10:55:00 AM,25,NO CONTROLS,NO CONTROLS,CLEAR,DAYLIGHT,SIDESWIPE SAME DIRECTION,ONE-WAY,1,STRAIGHT AND LEVEL,DRY,NO DEFECTS,ON SCENE,NO INJURY / DRIVE AWAY,,,,"OVER $1,500",01/05/2019 11:02:00 AM,DRIVING SKILLS/KNOWLEDGE/EXPERIENCE,NOT APPLICABLE,2728,S,TRUMBULL AVE,1032,,,,,,,3,NO INDICATION OF INJURY,0,0,0,0,0,0,2,10,7,1,41.8417182963,-87.7112037297,POINT (-87.711203729667 41.841718296347)
96dde87125b63657370bdfbeb7b0e9b7003cf51f17181a92f18c066a6ceeea63d96dd2735046bc5c7db516b00a8783bf3cc89c098c0af6deaaee6f7b0cc50541,,01/05/2019 09:40:00 AM,35,NO CONTROLS,NO CONTROLS,CLEAR,DAYLIGHT,PARKED MOTOR VEHICLE,DIVIDED - W/MEDIAN (NOT RAISED),4,STRAIGHT AND LEVEL,DRY,NO DEFECTS,NOT ON SCENE (DESK REPORT),NO INJURY / DRIVE AWAY,,,,"OVER $1,500",01/05/2019 11:05:00 AM,UNABLE TO DETERMINE,UNABLE TO DETERMINE,6545,S,WESTERN AVE,832,,,,,,,2,NO INDICATION OF INJURY,0,0,0,0,0,0,1,9,7,1,41.7742707882,-87.6833617616,POINT (-87.683361761555 41.774270788193)
94858bb8e24c14c229f5d990cbf90a808ce159941ab71c7e3380bab1a7e6588fe28c5acac0d28281e0bf99a1b7b700b08cf9d3ac0d70b438e3758192363a40a9,,01/03/2019 11:15:00 PM,30,LANE USE MARKING,FUNCTIONING PROPERLY,CLEAR,"DARKNESS, LIGHTED ROAD",PARKED MOTOR VEHICLE,DIVIDED - W/MEDIAN BARRIER,,STRAIGHT AND LEVEL,DRY,NO DEFECTS,ON SCENE,INJURY AND / OR TOW DUE TO CRASH,Y,,,"OVER $1,500",01/03/2019 11:17:00 PM,FAILING TO REDUCE SPEED TO AVOID CRASH,NOT APPLICABLE,3451,S,WESTERN BLVD,912,,,,,,,2,NO INDICATION OF INJURY,0,0,0,0,0,0,2,23,5,1,41.8305972553,-87.684320227,POINT (-87.684320226978 41.830597255294)
62addfa8676bc10bded1e4ed1d13fe242d8c7a877122eb51a095bd64738b091301b6098057ba0aa9d2989a9c292b12cecd614bc271ae6d1b761493733fdeb700,,12/31/2018 06:25:00 PM,30,NO CONTROLS,NO CONTROLS,RAIN,"DARKNESS, LIGHTED ROAD",PARKED MOTOR VEHICLE,NOT DIVIDED,2,STRAIGHT AND LEVEL,WET,NO DEFECTS,ON SCENE,NO INJURY / DRIVE AWAY,,,,$500 OR LESS,12/31/2018 06:25:00 PM,UNABLE TO DETERMINE,UNABLE TO DETERMINE,4034,N,MILWAUKEE AVE,1624,,,,,,,2,NO INDICATION OF INJURY,0,0,0,0,0,0,2,18,2,12,41.9539982402,-87.7485126521,POINT (-87.748512652101 41.953998240216)
5f8b33655ff08c36f33e5fa9d5c6840f039aae9a559d7936c8459690f4ca2fd5be30386972555b5c3b700708de116e51034264f4e57787e1ed27a134147e9a60,,12/29/2018 07:00:00 PM,15,NO CONTROLS,NO CONTROLS,CLEAR,"DARKNESS, LIGHTED ROAD",PARKED MOTOR VEHICLE,ONE-WAY,1,STRAIGHT AND LEVEL,SNOW OR SLUSH,NO DEFECTS,NOT ON SCENE (DESK REPORT),NO INJURY / DRIVE AWAY,,,,"$501 - $1,500",12/29/2018 07:25:00 PM,UNABLE TO DETERMINE,NOT APPLICABLE,251,S,KEELER AVE,1115,,,,,,,2,NO INDICATION OF INJURY,0,0,0,0,0,0,1,19,7,12,41.8770736792,-87.7303028673,POINT (-87.730302867331 41.877073679211)
67948b9ef811187d6d5a36b70024aba346bb930d2361a9e9e3711c64d1deb8d549b58ece6054c2a11ad3607681d38e2d3aa5ce523c3fce7ac3bd553524270d30,,12/29/2018 06:00:00 PM,30,NO CONTROLS,NO CONTROLS,SNOW,DARKNESS,OTHER OBJECT,NOT DIVIDED,,STRAIGHT AND LEVEL,SNOW OR SLUSH,NO DEFECTS,NOT ON SCENE (DESK REPORT),NO INJURY / DRIVE AWAY,,,,"$501 - $1,500",12/29/2018 06:36:00 PM,WEATHER,UNABLE TO DETERMINE,926,W,CERMAK RD,1235,,,,,,,1,NO INDICATION OF INJURY,0,0,0,0,0,0,1,18,7,12,41.8527044745,-87.6492391063,POINT (-87.649239106281 41.852704474498)
4e069ee6da6865094f637b007300a2165d2e17dfda2c2b870ff8ccb7004b4bc0393eee7b6c32ea10e48791d6f06566e06d80d4cbaf387a1f9cd5c5c1321afe2a,,12/28/2018 05:10:00 PM,30,NO CONTROLS,FUNCTIONING PROPERLY,CLEAR,"DARKNESS, LIGHTED ROAD",SIDESWIPE SAME DIRECTION,NOT DIVIDED,2,STRAIGHT AND LEVEL,DRY,NO DEFECTS,ON SCENE,INJURY AND / OR TOW DUE TO CRASH,Y,,,"OVER $1,500",12/28/2018 05:15:00 PM,IMPROPER LANE USAGE,NOT APPLICABLE,1699,W,OGDEN AVE,1224,,,,,,,2,NO INDICATION OF INJURY,0,0,0,0,0,0,2,17,6,12,41.87884641,-87.6690395413,POINT (-87.669039541342 41.878846409986)
78a3673220dbf6404709c60dd3b70044fddea29d0de6748f9706cdd4a7a00b9fcee49b206e4ccb5b900747f61f639886aad33d00710beb664c3c75072530f83a,,12/27/2018 10:00:00 AM,30,TRAFFIC SIGNAL,FUNCTIONING PROPERLY,RAIN,DAYLIGHT,FIXED OBJECT,DIVIDED - W/MEDIAN (NOT RAISED),,STRAIGHT AND LEVEL,WET,NO DEFECTS,ON SCENE,NO INJURY / DRIVE AWAY,Y,Y,,"OVER $1,500",12/27/2018 10:09:00 AM,UNABLE TO DETERMINE,UNABLE TO DETERMINE,1202,S,HALSTED ST,1232,,,,,,,1,NO INDICATION OF INJURY,0,0,0,0,0,0,1,10,5,12,41.867062884,-87.6470639476,POINT (-87.647063947621 41.867062883998)
fe2aab37d6c989b458e91f27191f06b70067e94d13c77bea4dc2ae11cffa8cffe41ac6740194f65dff26f8d233712c8a41ed0ffd194bdc25db337b093ee2eb85,,12/24/2018 01:15:00 PM,30,NO CONTROLS,NO CONTROLS,CLEAR,DAYLIGHT,ANGLE,DIVIDED - W/MEDIAN (NOT RAISED),,STRAIGHT AND LEVEL,DRY,NO DEFECTS,NOT ON SCENE (DESK REPORT),NO INJURY / DRIVE AWAY,Y,,,"OVER $1,500",12/26/2018 02:35:00 PM,FAILING TO YIELD RIGHT-OF-WAY,FAILING TO REDUCE SPEED TO AVOID CRASH,8400,S,COTTAGE GROVE AVE,632,,,,,,,2,NO INDICATION OF INJURY,0,0,0,0,0,0,4,13,2,12,41.7420493347,-87.6051231508,POINT (-87.60512315085 41.742049334717)
bd254ff5e25fbe43986e37fab5e5b700a379a8712242bd6d2418b23fe133fb9a096e3ba99a4ef43f2eb23e1d2038ec479e8d3c62b75583a0834876511fb59fdd,,12/22/2018 02:34:00 PM,30,STOP SIGN/FLASHER,FUNCTIONING PROPERLY,CLEAR,DAYLIGHT,FIXED OBJECT,NOT DIVIDED,,STRAIGHT AND LEVEL,DRY,NO DEFECTS,ON SCENE,INJURY AND / OR TOW DUE TO CRASH,Y,Y,,"OVER $1,500",12/22/2018 02:34:00 PM,PHYSICAL CONDITION OF DRIVER,NOT APPLICABLE,2454,W,BRYN MAWR AVE,2011,,,,,,,1,NO INDICATION OF INJURY,0,0,0,0,0,0,2,14,7,12,41.9832689533,-87.6916576943,POINT (-87.691657694307 41.983268953277)
701261bdee685ad37feac8cc456ca2c99b70014f03873e57933a7bb553a325294d7945afa6cc134265cc29c4461baff3836c78a411c76255444022c82297df44,,12/18/2018 06:15:00 PM,30,TRAFFIC SIGNAL,FUNCTIONING PROPERLY,CLEAR,DARKNESS,REAR END,DIVIDED - W/MEDIAN BARRIER,3,STRAIGHT AND LEVEL,DRY,NO DEFECTS,ON SCENE,NO INJURY / DRIVE AWAY,,,Y,"$501 - $1,500",12/18/2018 06:26:00 PM,FOLLOWING TOO CLOSELY,NOT APPLICABLE,715,N,LA SALLE DR,1832,,Y,,,,,2,NO INDICATION OF INJURY,0,0,0,0,0,0,2,18,3,12,41.8953585444,-87.6325392553,POINT (-87.632539255312 41.895358544446)
8bcb5504b8b9335c897fe3e71fda99adb7622549b700978029226b4ae19903b23481fb907f9b934c0164f6b1e5001ba502221d868c6a11aa063e0fb449caef5e,,12/16/2018 08:25:00 PM,30,TRAFFIC SIGNAL,FUNCTIONING PROPERLY,CLEAR,"DARKNESS, LIGHTED ROAD",TURNING,NOT DIVIDED,2,STRAIGHT AND LEVEL,DRY,NO DEFECTS,ON SCENE,NO INJURY / DRIVE AWAY,Y,,,"OVER $1,500",12/16/2018 08:34:00 PM,IMPROPER LANE USAGE,NOT APPLICABLE,2003,W,JACKSON BLVD,1225,,,,,,,2,NO INDICATION OF INJURY,0,0,0,0,0,0,4,20,1,12,41.8773748507,-87.6767059092,POINT (-87.676705909171 41.877374850739)
78c3412bdc8b117742bb5ce7e87eb700628702daf81781437ba7df51d88125918ac2c56142528906f3a0680e6c748cc9e287dd697919939e4c669ecf61f8da76,,12/15/2018 11:06:00 PM,30,UNKNOWN,UNKNOWN,CLEAR,DARKNESS,PARKED MOTOR VEHICLE,NOT DIVIDED,4,STRAIGHT AND LEVEL,DRY,UNKNOWN,ON SCENE,INJURY AND / OR TOW DUE TO CRASH,,,,"OVER $1,500",12/15/2018 11:08:00 PM,NOT APPLICABLE,NOT APPLICABLE,3709,W,ADDISON ST,1732,,,,,,,3,NO INDICATION OF INJURY,0,0,0,0,0,0,1,23,7,12,41.9463554535,-87.7204844452,POINT (-87.720484445225 41.946355453493)
8a27d162aa935de4854333c07ef988efb70000ceb49d665b74894c5508872142a27ba3c1641e6f48f34d5916de51df2f324169f4b74f2da0703ea46e07bea4fb,,12/13/2018 06:30:00 PM,30,TRAFFIC SIGNAL,FUNCTIONING PROPERLY,RAIN,"DARKNESS, LIGHTED ROAD",SIDESWIPE SAME DIRECTION,DIVIDED - W/MEDIAN (NOT RAISED),4,STRAIGHT AND LEVEL,WET,NO DEFECTS,NOT ON SCENE (DESK REPORT),NO INJURY / DRIVE AWAY,,,Y,"$501 - $1,500",12/14/2018 11:30:00 AM,FAILING TO YIELD RIGHT-OF-WAY,IMPROPER LANE USAGE,700,N,CLARK ST,1832,,,,,,,2,NO INDICATION OF INJURY,0,0,0,0,0,0,2,18,5,12,41.8948713603,-87.631350627,POINT (-87.631350626978 41.894871360316)
fd852a8a7ca4769ba4c8c585ec38d5f2a99487bd457f29279b7009a370168765aefa7222f75afb1341f13ca623bd31d8ce54e7b4b3cffd70cac39bf193283034,,12/09/2018 06:07:00 PM,30,NO CONTROLS,NO CONTROLS,CLEAR,"DARKNESS, LIGHTED ROAD",TURNING,DIVIDED - W/MEDIAN (NOT RAISED),2,STRAIGHT AND LEVEL,DRY,NO DEFECTS,ON SCENE,NO INJURY / DRIVE AWAY,,,,"OVER $1,500",12/09/2018 06:14:00 PM,FAILING TO YIELD RIGHT-OF-WAY,FAILING TO YIELD RIGHT-OF-WAY,7212,S,HALSTED ST,733,,,,,,,2,NO INDICATION OF INJURY,0,0,0,0,0,0,4,18,1,12,41.7629510867,-87.6445023521,POINT (-87.644502352079 41.762951086709)
f456d6fe71d9dd8638dbb87d1d5c686a8d8cbaf79dfe66d0fba2d0f93d987dfec30f531d71dafb700a9dbbdbfb80d7c23c1217e3d7f28c734f5f5f563b86c016,,12/07/2018 02:45:00 PM,30,NO CONTROLS,NO CONTROLS,CLEAR,DAYLIGHT,SIDESWIPE SAME DIRECTION,DIVIDED - W/MEDIAN (NOT RAISED),4,STRAIGHT AND LEVEL,DRY,NO DEFECTS,NOT ON SCENE (DESK REPORT),NO INJURY / DRIVE AWAY,,,,"OVER $1,500",12/07/2018 03:00:00 PM,FAILING TO REDUCE SPEED TO AVOID CRASH,DRIVING SKILLS/KNOWLEDGE/EXPERIENCE,6300,S,CALIFORNIA AVE,823,,,,,,,2,NO INDICATION OF INJURY,0,0,0,0,0,0,2,14,6,12,41.7790199096,-87.6935354824,POINT (-87.69353548242 41.779019909594)
342946a9032e8012e4071eb0c25fa321f896eecf5bba7812e215b8d4ff2e9ab33293e62e8099c14960b8223e2ae502bbb9d5585e5b9d7444e33f1db6357b7009,,12/07/2018 10:55:00 AM,30,NO CONTROLS,NO CONTROLS,CLEAR,DAYLIGHT,PARKED MOTOR VEHICLE,DIVIDED - W/MEDIAN (NOT RAISED),2,STRAIGHT AND LEVEL,DRY,NO DEFECTS,NOT ON SCENE (DESK REPORT),NO INJURY / DRIVE AWAY,,,Y,"OVER $1,500",12/07/2018 01:00:00 PM,UNABLE TO DETERMINE,UNABLE TO DETERMINE,714,E,79TH ST,624,,,,,,,2,NO INDICATION OF INJURY,0,0,0,0,0,0,1,10,6,12,41.7513641139,-87.6070133741,POINT (-87.607013374067 41.751364113929)
e6893358b80cbdc1d20cd269f62915ea2c4a09720b392935e39ac977a9177880e5e969864d2bbbb7009c3b919378e923b6307bb053cbe9be30e78b2c9d40982b,,12/06/2018 03:48:00 PM,30,STOP SIGN/FLASHER,FUNCTIONING PROPERLY,CLEAR,DAYLIGHT,ANGLE,NOT DIVIDED,,STRAIGHT AND LEVEL,DRY,NO DEFECTS,ON SCENE,INJURY AND / OR TOW DUE TO CRASH,Y,,,"OVER $1,500",12/06/2018 03:48:00 PM,UNABLE TO DETERMINE,NOT APPLICABLE,1329,S,WOLCOTT AVE,1233,,,,,,,2,NO INDICATION OF INJURY,0,0,0,0,0,0,3,15,5,12,41.8641195809,-87.6735784333,POINT (-87.673578433319 41.864119580887)
29232ef0e0841a4c4e57527ae4f30b8b3e95bb5b68cb6e4528cfa8264934e072b7a2b7006cfb07ce0f8e814469a80de3c15b1d8881255f27d9e1eec5a01be7a8,,12/05/2018 07:35:00 PM,30,STOP SIGN/FLASHER,FUNCTIONING PROPERLY,CLOUDY/OVERCAST,"DARKNESS, LIGHTED ROAD",PEDESTRIAN,NOT DIVIDED,,STRAIGHT AND LEVEL,DRY,NO DEFECTS,ON SCENE,INJURY AND / OR TOW DUE TO CRASH,Y,,,$500 OR LESS,12/05/2018 07:35:00 PM,DISTRACTION - FROM INSIDE VEHICLE,NOT APPLICABLE,132,S,PULASKI RD,1115,,,,,,,3,NONINCAPACITATING INJURY,2,0,0,2,0,0,1,19,4,12,41.8788218362,-87.7257519094,POINT (-87.725751909361 41.878821836159)
17503ab8cca3d67b540a4400a814fc90ca21637f5311f36a1fa405842185cff7b7006c51dc6bb4c41afb39d409721a0467318dac03820e9eff5db4e47c87c734,,12/05/2018 11:20:00 AM,30,TRAFFIC SIGNAL,FUNCTIONING PROPERLY,CLEAR,DAYLIGHT,TURNING,NOT DIVIDED,4,STRAIGHT AND LEVEL,DRY,NO DEFECTS,ON SCENE,INJURY AND / OR TOW DUE TO CRASH,Y,,,"OVER $1,500",12/05/2018 11:23:00 AM,DRIVING SKILLS/KNOWLEDGE/EXPERIENCE,DRIVING SKILLS/KNOWLEDGE/EXPERIENCE,5959,W,WASHINGTON BLVD,1513,,,,,,,2,NO INDICATION OF INJURY,0,0,0,0,0,0,2,11,4,12,41.8820034301,-87.7742166105,POINT (-87.774216610493 41.882003430052)
9c2d257a03f3bdc3324f607623218ca7ccd6cffffaafc059574df961bf4e24d5253d9f3c584e181ae0315a46d49591f3bf4a000b4471f1fadb7007ccbb19accb,,11/30/2018 07:19:00 PM,30,NO CONTROLS,NO CONTROLS,CLEAR,"DARKNESS, LIGHTED ROAD",PARKED MOTOR VEHICLE,NOT DIVIDED,2,STRAIGHT AND LEVEL,SNOW OR SLUSH,NO DEFECTS,ON SCENE,INJURY AND / OR TOW DUE TO CRASH,,,,"OVER $1,500",11/30/2018 08:06:00 PM,UNABLE TO DETERMINE,NOT APPLICABLE,5429,N,NAGLE AVE,1622,,,,,,,2,"REPORTED, NOT EVIDENT",1,0,0,0,1,0,0,19,6,11,41.9801443863,-87.7876418019,POINT (-87.787641801905 41.980144386304)
645212bc8f0331149bb201ccc681e5262fac69eeb7000db70fedd24920df1d2b36580540d8a6e93014fee03fe3a506c3f2711b0ba440a3802746c39baa06f724,,11/30/2018 07:32:00 AM,35,STOP SIGN/FLASHER,FUNCTIONING PROPERLY,SNOW,DAYLIGHT,TURNING,DIVIDED - W/MEDIAN (NOT RAISED),2,STRAIGHT AND LEVEL,SNOW OR SLUSH,NO DEFECTS,NOT ON SCENE (DESK REPORT),NO INJURY / DRIVE AWAY,Y,,,"OVER $1,500",11/30/2018 07:45:00 AM,FAILING TO YIELD RIGHT-OF-WAY,DISREGARDING STOP SIGN,5201,W,CULLOM AVE,1624,,,,,,,2,NO INDICATION OF INJURY,0,0,0,0,0,0,2,7,6,11,41.9586655318,-87.7574474515,POINT (-87.7574474515 41.958665531783)
427ee2f2246cd46c63996a5cb1dc2a0359e23d0687f5abbf421370a7a3c87f070a5e6dac65ad818348734ac5199fcb70019b0952814610eddc37d982edb0f55b,,11/27/2018 09:11:00 PM,30,TRAFFIC SIGNAL,FUNCTIONING PROPERLY,SNOW,DARKNESS,REAR END,DIVIDED - W/MEDIAN (NOT RAISED),4,STRAIGHT AND LEVEL,SNOW OR SLUSH,NO DEFECTS,ON SCENE,INJURY AND / OR TOW DUE TO CRASH,,,,"OVER $1,500",11/27/2018 09:11:00 PM,FOLLOWING TOO CLOSELY,FAILING TO REDUCE SPEED TO AVOID CRASH,5360,S,WESTERN BLVD,923,,,,,,,2,NONINCAPACITATING INJURY,2,0,0,2,0,0,2,21,3,11,41.7957754003,-87.6836703656,POINT (-87.683670365576 41.795775400287)
dedd76bc5bbe49a741ea7667135621c1b3a4faad531c70f58bc9af8572c8bc8bed1924214497b338ae4c2ba03c57c4610d8d5a7ae6d487cc7b7008e683e0dfcc,,11/27/2018 02:00:00 PM,30,TRAFFIC SIGNAL,FUNCTIONING PROPERLY,CLEAR,DAYLIGHT,REAR END,NOT DIVIDED,2,STRAIGHT AND LEVEL,SNOW OR SLUSH,NO DEFECTS,NOT ON SCENE (DESK REPORT),NO INJURY / DRIVE AWAY,,,,"OVER $1,500",11/27/2018 05:36:00 PM,FOLLOWING TOO CLOSELY,NOT APPLICABLE,7200,S,WENTWORTH AVE,731,,,,,,,2,NO INDICATION OF INJURY,0,0,0,0,0,0,3,14,3,11,41.7635193203,-87.6298730712,POINT (-87.629873071249 41.763519320311)
31e04420fe623747d3fd46469c8fbfa02ac40c7143fb6cc6cb9a1db7006ca6b0dc6e0db4d2e01f9bb0ec3e2710fc1feebfa3ef5226f54ff2031e89137ac1a001,,11/24/2018 03:45:00 PM,30,NO CONTROLS,NO CONTROLS,CLEAR,DAYLIGHT,TURNING,NOT DIVIDED,,STRAIGHT AND LEVEL,DRY,NO DEFECTS,NOT ON SCENE (DESK REPORT),NO INJURY / DRIVE AWAY,Y,,,"OVER $1,500",11/24/2018 04:10:00 PM,DRIVING SKILLS/KNOWLEDGE/EXPERIENCE,NOT APPLICABLE,2601,W,DIVERSEY AVE,1411,,,,,,,2,NO INDICATION OF INJURY,0,0,0,0,0,0,2,15,7,11,41.9320199791,-87.6928281422,POINT (-87.692828142191 41.932019979056)
4633ef1c9cc6a25fc0ed0ab458aa98d6e266b19beff46ac3a892fed099b3f8ba6e1d9a0c7041f485bae208ece41732ecb7004c4998c5b9f0e8a623e5d4c1e86d,,11/23/2018 04:45:00 PM,30,TRAFFIC SIGNAL,FUNCTIONING PROPERLY,CLEAR,DAYLIGHT,REAR END,NOT DIVIDED,2,STRAIGHT AND LEVEL,UNKNOWN,UNKNOWN,NOT ON SCENE (DESK REPORT),INJURY AND / OR TOW DUE TO CRASH,,,,"OVER $1,500",11/28/2018 01:06:00 PM,FOLLOWING TOO CLOSELY,FOLLOWING TOO CLOSELY,1400,W,ADDISON ST,1922,,,,,,,2,NONINCAPACITATING INJURY,1,0,0,1,0,0,1,16,6,11,41.9471766291,-87.6640794066,POINT (-87.664079406565 41.947176629106)