CRASH_RECORD_ID,CRASH_DATE_EST_I,CRASH_DATE,POSTED_SPEED_LIMIT,TRAFFIC_CONTROL_DEVICE,DEVICE_CONDITION,WEATHER_CONDITION,LIGHTING_CONDITION,FIRST_CRASH_TYPE,TRAFFICWAY_TYPE,LANE_CNT,ALIGNMENT,ROADWAY_SURFACE_COND,ROAD_DEFECT,REPORT_TYPE,CRASH_TYPE,INTERSECTION_RELATED_I,NOT_RIGHT_OF_WAY_I,HIT_AND_RUN_I,DAMAGE,DATE_POLICE_NOTIFIED,PRIM_CONTRIBUTORY_CAUSE,SEC_CONTRIBUTORY_CAUSE,STREET_NO,STREET_DIRECTION,STREET_NAME,BEAT_OF_OCCURRENCE,PHOTOS_TAKEN_I,STATEMENTS_TAKEN_I,DOORING_I,WORK_ZONE_I,WORK_ZONE_TYPE,WORKERS_PRESENT_I,NUM_UNITS,MOST_SEVERE_INJURY,INJURIES_TOTAL,INJURIES_FATAL,INJURIES_INCAPACITATING,INJURIES_NON_INCAPACITATING,INJURIES_REPORTED_NOT_EVIDENT,INJURIES_UNKNOWN,INJURIES_NO_INDICATION,CRASH_HOUR,CRASH_DAY_OF_WEEK,CRASH_MONTH,LATITUDE,LONGITUDE,LOCATION
fbc6d20f66d056537e719f06b2eaba4038379dcd7de0815081c8f96f868781a21ec35b39b7000c86674bde804ee2a5886ad3d0eddcb9cdff0d168741c9c52cff,,11/22/2018 09:15:00 PM,30,NO CONTROLS,NO CONTROLS,CLEAR,"DARKNESS, LIGHTED ROAD",PARKED MOTOR VEHICLE,PARKING LOT,,STRAIGHT AND LEVEL,DRY,NO DEFECTS,NOT ON SCENE (DESK REPORT),NO INJURY / DRIVE AWAY,,Y,N,"$501 - $1,500",11/22/2018 10:10:00 PM,IMPROPER BACKING,UNABLE TO DETERMINE,2800,W,63RD ST,823,,,,,,,2,NO INDICATION OF INJURY,0,0,0,0,0,0,1,21,5,11,41.7792245324,-87.693456441,POINT (-87.693456441033 41.779224532387)
f51461254be5d006a0467617180004ddb0ee82d47957ba90ef485b1bc72bad4908482da428aa0f02e15c9730c27b293cdc2d78263562eb7007921bebebd4d363,,11/19/2018 06:50:00 AM,30,TRAFFIC SIGNAL,FUNCTIONING PROPERLY,CLEAR,DAYLIGHT,SIDESWIPE SAME DIRECTION,CENTER TURN LANE,4,STRAIGHT AND LEVEL,DRY,NO DEFECTS,ON SCENE,NO INJURY / DRIVE AWAY,Y,,Y,"$501 - $1,500",11/19/2018 06:53:00 AM,IMPROPER LANE USAGE,IMPROPER TURNING/NO SIGNAL,2800,W,DIVERSEY AVE,1411,,,,,,,2,NO INDICATION OF INJURY,0,0,0,0,0,0,2,6,2,11,41.9322053951,-87.6976792439,POINT (-87.697679243869 41.932205395065)
d257c2a539b5ac8cdced50b92465c020903a20112ce389982b63b7a178bd04a622567bb12919bd4583d416b7007bb8af6c32d4b6daac3e03785bfa165c38997c,,11/18/2018 01:14:00 AM,20,NO CONTROLS,NO CONTROLS,RAIN,DARKNESS,PARKED MOTOR VEHICLE,ONE-WAY,,STRAIGHT AND LEVEL,DRY,UNKNOWN,ON SCENE,NO INJURY / DRIVE AWAY,,,,"$501 - $1,500",11/18/2018 01:16:00 AM,NOT APPLICABLE,NOT APPLICABLE,614,W,BUCKINGHAM PL,1925,,,,,,,2,NO INDICATION OF INJURY,0,0,0,0,0,0,4,1,1,11,41.9428785696,-87.645133538,POINT (-87.645133537968 41.942878569598)
745d9c265bfed137927fb5018cc72b9ef8bf2d7c1a0162082257ade028321f87f263c17979b7f71d169d4d4f7b67bf8d83878d9b70048fd7bff02a3fd88d5292,,11/17/2018 02:20:00 PM,30,NO CONTROLS,NO CONTROLS,RAIN,DAWN,TURNING,NOT DIVIDED,,STRAIGHT AND LEVEL,WET,NO DEFECTS,NOT ON SCENE (DESK REPORT),INJURY AND / OR TOW DUE TO CRASH,,,,"OVER $1,500",11/17/2018 02:57:00 PM,NOT APPLICABLE,NOT APPLICABLE,6400,S,CICERO AVE,813,,,,,,,2,NONINCAPACITATING INJURY,1,0,0,1,0,0,3,14,7,11,41.7765116011,-87.7423723414,POINT (-87.742372341405 41.776511601051)
bb10dd48e1b5fa5b7002fc622f74f1a10b55a52767e81cd9ba71a2934a3d042bc39fd7eb7783eab3cd91ee5e822cd974947390cc8398ab8b7e412d5d15248cf3,,11/16/2018 12:05:00 PM,30,NO CONTROLS,UNKNOWN,CLEAR,DAYLIGHT,REAR END,NOT DIVIDED,2,STRAIGHT AND LEVEL,DRY,NO DEFECTS,ON SCENE,INJURY AND / OR TOW DUE TO CRASH,,,,"OVER $1,500",11/16/2018 02:00:00 PM,FOLLOWING TOO CLOSELY,NOT APPLICABLE,7537,S,JEFFERY BLVD,414,,,,,,,2,NO INDICATION OF INJURY,0,0,0,0,0,0,2,12,6,11,41.7577722145,-87.5759720692,POINT (-87.57597206918 41.757772214517)
3ea1425d2cf5fa69247fe29d91befe50c577a7597424468b70a4106512b3ec39eee6740e62bb1c9862dbf69532af13b4b700404c017ed90c08bc3e6f7fd92904,,11/16/2018 11:54:00 AM,30,TRAFFIC SIGNAL,FUNCTIONING PROPERLY,CLEAR,DAYLIGHT,ANGLE,NOT DIVIDED,,STRAIGHT AND LEVEL,DRY,NO DEFECTS,ON SCENE,INJURY AND / OR TOW DUE TO CRASH,Y,,,"OVER $1,500",11/16/2018 11:54:00 AM,DISREGARDING TRAFFIC SIGNALS,FAILING TO REDUCE SPEED TO AVOID CRASH,11500,S,WESTERN AVE,2212,,,,,,,2,NONINCAPACITATING INJURY,1,0,0,1,0,0,1,11,6,11,41.6844127887,-87.6810710493,POINT (-87.681071049272 41.684412788735)
051d59e678e162f5162f0e5e0278cfb48bf957ccd0c1187f2a08b70026aef756a27b48b5688721a97d2e34498562c511ef998fdbcb0f2d596b599d393fb9d8fa,Y,11/15/2018 02:45:00 PM,30,TRAFFIC SIGNAL,FUNCTIONING PROPERLY,SNOW,DAYLIGHT,REAR END,NOT DIVIDED,4,"CURVE, LEVEL",WET,NO DEFECTS,ON SCENE,NO INJURY / DRIVE AWAY,Y,,,$500 OR LESS,11/15/2018 02:51:00 PM,FAILING TO REDUCE SPEED TO AVOID CRASH,FAILING TO REDUCE SPEED TO AVOID CRASH,599,S,CANAL ST,124,,,,,,,2,NO INDICATION OF INJURY,0,0,0,0,0,0,2,14,5,11,41.8745061339,-87.6393911246,POINT (-87.63939112459 41.874506133919)
064a74713d4d0aa94d6d87155968ae4ecd9a5897d5bfa97b51c7f327d17bf456428fbf34d5a3418c9f89a4339b093803f28b700c00c934c57308c97874dff2a6,,11/14/2018 12:10:00 PM,30,NO CONTROLS,NO CONTROLS,CLEAR,DAYLIGHT,PARKED MOTOR VEHICLE,OTHER,2,STRAIGHT AND LEVEL,DRY,NO DEFECTS,NOT ON SCENE (DESK REPORT),NO INJURY / DRIVE AWAY,,,,"OVER $1,500",11/14/2018 01:50:00 PM,UNABLE TO DETERMINE,NOT APPLICABLE,210,N,CARPENTER ST,1214,,,,,,,2,NO INDICATION OF INJURY,0,0,0,0,0,0,1,12,4,11,41.8859449576,-87.6534617826,POINT (-87.65346178256 41.885944957604)
630f46b5a905d397c1ed374328595f7c18c0fa26347e31cb375f1fb801293ecc2f3de490970e4f18402cd1d8041a57c71a3a39047a6b7ef0983e950042b700b3,,11/14/2018 07:00:00 AM,30,TRAFFIC SIGNAL,FUNCTIONING PROPERLY,CLEAR,DAYLIGHT,REAR END,DIVIDED - W/MEDIAN (NOT RAISED),3,STRAIGHT AND LEVEL,DRY,NO DEFECTS,ON SCENE,INJURY AND / OR TOW DUE TO CRASH,,,,"OVER $1,500",11/14/2018 07:01:00 AM,FOLLOWING TOO CLOSELY,NOT APPLICABLE,4,W,GARFIELD BLVD,225,,,,,,,2,NO INDICATION OF INJURY,0,0,0,0,0,0,3,7,4,11,41.7947544469,-87.6258617965,POINT (-87.625861796512 41.794754446916)
d1b14b0ec67f432f963e08109a39bc1deec6d774e13201b7007bbe39ccdfcd33094125b86af7f6df19081fee67b9e3fe8e5f099c50f2d4fbf12b1a5335899cc4,,11/13/2018 06:06:00 PM,30,STOP SIGN/FLASHER,UNKNOWN,CLEAR,"DARKNESS, LIGHTED ROAD",ANGLE,NOT DIVIDED,4,STRAIGHT AND LEVEL,DRY,NO DEFECTS,ON SCENE,INJURY AND / OR TOW DUE TO CRASH,Y,,,"OVER $1,500",11/13/2018 06:06:00 PM,FAILING TO YIELD RIGHT-OF-WAY,NOT APPLICABLE,2434,W,PETERSON AVE,2413,,,,,,,2,NO INDICATION OF INJURY,0,0,0,0,0,0,3,18,3,11,41.9906006462,-87.6910900064,POINT (-87.691090006364 41.990600646214)
d9dbc10a4d1c0df71e4a6506887129c7dce6f9fe7968ab700f5d977138f8091b546acec7fe851b32b4f3d554bec31b4ff5e42bf84f0efe6e4399593c7a7e7772,,11/13/2018 09:00:00 AM,30,OTHER,FUNCTIONING PROPERLY,CLEAR,DAYLIGHT,SIDESWIPE SAME DIRECTION,DIVIDED - W/MEDIAN (NOT RAISED),0,STRAIGHT AND LEVEL,DRY,NO DEFECTS,ON SCENE,NO INJURY / DRIVE AWAY,Y,,Y,$500 OR LESS,11/13/2018 09:11:00 AM,IMPROPER OVERTAKING/PASSING,"OPERATING VEHICLE IN ERRATIC, RECKLESS, CARELESS, NEGLIGENT OR AGGRESSIVE MANNER",1500,S,ASHLAND AVE,1233,,,,,,,2,NO INDICATION OF INJURY,0,0,0,0,0,0,21,9,3,11,41.8614178574,-87.6663882562,POINT (-87.666388256198 41.861417857387)
558de17a63d5210319c3b7009e7be98fb6396970aa95f46257a628e2a252984426880d77ec6b84db37ef9f40be2946c7a8996c07f1cfe01dc9c44bc6fb29910b,Y,11/13/2018 07:15:00 AM,30,NO CONTROLS,NO CONTROLS,UNKNOWN,UNKNOWN,PARKED MOTOR VEHICLE,DRIVEWAY,2,STRAIGHT ON GRADE,UNKNOWN,NO DEFECTS,NOT ON SCENE (DESK REPORT),NO INJURY / DRIVE AWAY,,,Y,"$501 - $1,500",11/13/2018 12:11:00 PM,UNABLE TO DETERMINE,UNABLE TO DETERMINE,5900,W,WELLINGTON AVE,2514,,,,,,,2,NO INDICATION OF INJURY,0,0,0,0,0,0,1,7,3,11,41.9349370034,-87.7737241673,POINT (-87.773724167339 41.934937003423)
bb25e33c332d71d2e3c32b419d51e38bd571ac63221132ca15cc54f84af9ece6c92a46cde626144426380a4fbac21bb7002ab009b3e8f5b378fcf80bb2892c1d,,11/11/2018 01:00:00 PM,30,NO CONTROLS,NO CONTROLS,CLEAR,DAYLIGHT,FIXED OBJECT,ALLEY,,STRAIGHT AND LEVEL,WET,NO DEFECTS,NOT ON SCENE (DESK REPORT),NO INJURY / DRIVE AWAY,,,,"OVER $1,500",11/11/2018 02:07:00 PM,UNABLE TO DETERMINE,NOT APPLICABLE,7319,S,RICHMOND ST,835,,,,,,,1,NO INDICATION OF INJURY,0,0,0,0,0,0,1,13,1,11,41.7602457096,-87.696431063,POINT (-87.696431062998 41.760245709632)
64573fb703289755e27009f1b1bd109442efb35c38a36e74a49b3f4d0d293389c34c338d2afb700228e07a098d15a755ab87cc5946f3edfd063ac91a16a18762,,11/10/2018 12:55:00 PM,30,NO CONTROLS,NO CONTROLS,CLEAR,DAYLIGHT,SIDESWIPE SAME DIRECTION,NOT DIVIDED,,STRAIGHT AND LEVEL,DRY,NO DEFECTS,NOT ON SCENE (DESK REPORT),NO INJURY / DRIVE AWAY,,,,"$501 - $1,500",11/10/2018 01:53:00 PM,IMPROPER LANE USAGE,NOT APPLICABLE,3963,W,BELMONT AVE,2523,,,,,,,2,NO INDICATION OF INJURY,0,0,0,0,0,0,2,12,7,11,41.9389962256,-87.7261833701,POINT (-87.726183370135 41.938996225585)
7fc90ba52f23821b86b7d03d9d7ff0ba5445683cfd5d49ea259bb70013cb92324ec2cf9920dfe869a5cf1d14da72e329ac7701e9ad4dee5e8eb208d5ab4e5f8a,,11/10/2018 02:25:00 AM,30,STOP SIGN/FLASHER,UNKNOWN,CLEAR,"DARKNESS, LIGHTED ROAD",FIXED OBJECT,ONE-WAY,2,STRAIGHT ON HILLCREST,DRY,NO DEFECTS,ON SCENE,INJURY AND / OR TOW DUE TO CRASH,,,,"OVER $1,500",11/10/2018 02:29:00 AM,FAILING TO REDUCE SPEED TO AVOID CRASH,DRIVING SKILLS/KNOWLEDGE/EXPERIENCE,769,W,JACKSON BLVD,1232,,,,,,,1,NO INDICATION OF INJURY,0,0,0,0,0,0,4,2,7,11,41.877843584,-87.6467818341,POINT (-87.646781834111 41.877843584048)
7cd095d1c990d7c478ecd7acc479c065c6e45171c2d577a4f914093bb70034ad664f88a3fa11cb5a3ffe5fd7279f29b366ada255a3e80532855dae8c79e4f8c8,,11/09/2018 09:30:00 AM,3,TRAFFIC SIGNAL,FUNCTIONING PROPERLY,SNOW,DAYLIGHT,REAR END,NOT DIVIDED,5,STRAIGHT AND LEVEL,WET,NO DEFECTS,ON SCENE,NO INJURY / DRIVE AWAY,Y,,,$500 OR LESS,11/09/2018 09:40:00 AM,FOLLOWING TOO CLOSELY,DRIVING SKILLS/KNOWLEDGE/EXPERIENCE,5959,N,WESTERN AVE,2012,,,,,,,2,NO INDICATION OF INJURY,0,0,0,0,0,0,2,9,6,11,41.9904092309,-87.6895224839,POINT (-87.689522483886 41.990409230886)
7be4779908b2283a50cc350ee4b700b6868947abb489b5f3a6749d9dbb0e259005bba03cdc3fc12e143e366dd16b6deb13a82a4ac7e478dcbc373262e4afb41f,,11/07/2018 08:30:00 AM,30,NO CONTROLS,NO CONTROLS,CLEAR,DAYLIGHT,PARKED MOTOR VEHICLE,NOT DIVIDED,2,STRAIGHT AND LEVEL,DRY,NO DEFECTS,NOT ON SCENE (DESK REPORT),NO INJURY / DRIVE AWAY,,,Y,"OVER $1,500",11/07/2018 11:20:00 AM,UNABLE TO DETERMINE,UNABLE TO DETERMINE,401,W,WRIGHTWOOD AVE,1935,,,,,,,2,NO INDICATION OF INJURY,0,0,0,0,0,0,1,8,4,11,41.9312443184,-87.6393190178,POINT (-87.639319017769 41.931244318375)
5387a7d7b3e203bef39e9b3e9ad4715a54acd30525f27b686dadcc4e6e6c4a4a95c62a9945cdfa218dbbfadaf412f87dc8ab709e90380ad870c99b70029b01a9,,11/04/2018 10:00:00 AM,30,TRAFFIC SIGNAL,FUNCTIONING PROPERLY,RAIN,DAYLIGHT,REAR END,NOT DIVIDED,,STRAIGHT AND LEVEL,WET,NO DEFECTS,NOT ON SCENE (DESK REPORT),NO INJURY / DRIVE AWAY,,,,"$501 - $1,500",11/04/2018 10:44:00 AM,WEATHER,FOLLOWING TOO CLOSELY,1,W,83RD ST,632,,,,,,,2,NO INDICATION OF INJURY,0,0,0,0,0,0,2,10,1,11,41.7435452343,-87.6243505485,POINT (-87.624350548474 41.743545234306)
854577aef5efb2b0115956560e1fa0963e1936ecd88c36689d0c5e3efadd5af6ab8bd6ed0b42d5cc54b488269d3518a21aafd114d1a19b252335b70077b70361,,11/03/2018 07:00:00 PM,30,NO CONTROLS,NO CONTROLS,CLEAR,"DARKNESS, LIGHTED ROAD",SIDESWIPE SAME DIRECTION,DIVIDED - W/MEDIAN (NOT RAISED),4,STRAIGHT AND LEVEL,DRY,NO DEFECTS,NOT ON SCENE (DESK REPORT),NO INJURY / DRIVE AWAY,,,Y,"$501 - $1,500",11/03/2018 07:40:00 PM,IMPROPER OVERTAKING/PASSING,NOT APPLICABLE,225,N,MICHIGAN AVE,114,,,,,,,2,NO INDICATION OF INJURY,0,0,0,0,0,0,2,19,7,11,41.8863774062,-87.6243816704,POINT (-87.62438167044 41.886377406208)
d75ce4fc690385854e33216e6bdeb01a64f8ada36b1ab858e56be4f6c8eb57c9b700ddf90eca24840b0db09da5d971bc04e552250305a608fd71bca53b67bdb4,,11/03/2018 07:00:00 PM,30,NO CONTROLS,NO CONTROLS,RAIN,"DARKNESS, LIGHTED ROAD",PARKED MOTOR VEHICLE,ONE-WAY,,STRAIGHT AND LEVEL,WET,NO DEFECTS,NOT ON SCENE (DESK REPORT),NO INJURY / DRIVE AWAY,,,Y,"OVER $1,500",11/03/2018 09:00:00 PM,UNABLE TO DETERMINE,NOT APPLICABLE,932,W,80TH ST,621,,,,,,,2,NO INDICATION OF INJURY,0,0,0,0,0,0,1,19,7,11,41.7488728548,-87.6476918934,POINT (-87.647691893417 41.748872854824)
06318be337afb023fc85bb2d2f054f6df50d15d1bbc7abcc7e9ed8788f01ecf206eb70001ed23b217f5fdaa4ae1366d9e50d5a6a4b27e736affb596e2893ddca,,11/02/2018 03:58:00 PM,30,NO CONTROLS,NO CONTROLS,CLEAR,DAYLIGHT,ANGLE,OTHER,1,STRAIGHT AND LEVEL,DRY,NO DEFECTS,ON SCENE,INJURY AND / OR TOW DUE TO CRASH,Y,,,"OVER $1,500",11/02/2018 03:58:00 PM,FAILING TO YIELD RIGHT-OF-WAY,EXCEEDING SAFE SPEED FOR CONDITIONS,4758,W,WAYMAN ST,1113,,,,,,,3,NO INDICATION OF INJURY,0,0,0,0,0,0,3,15,6,11,41.8860593103,-87.745349467,POINT (-87.745349467023 41.886059310282)
43201e72738bb2f27d12e9105f4d549316734bd6f299e341939d78b6f38ab70001c24322070b40648fc67ca4084161817074f3ab83f097d8ae0ebbcc3051b5ae,,10/31/2018 10:00:00 AM,30,STOP SIGN/FLASHER,FUNCTIONING PROPERLY,CLEAR,DAYLIGHT,SIDESWIPE SAME DIRECTION,NOT DIVIDED,,STRAIGHT ON HILLCREST,DRY,NO DEFECTS,ON SCENE,INJURY AND / OR TOW DUE TO CRASH,,,Y,$500 OR LESS,10/31/2018 10:05:00 AM,IMPROPER OVERTAKING/PASSING,UNABLE TO DETERMINE,1730,W,LUNT AVE,2423,,,,,,,2,NONINCAPACITATING INJURY,1,0,0,1,0,0,2,10,4,10,42.0091181379,-87.6735546721,POINT (-87.673554672094 42.009118137948)
3062d5f79a9dadd8b07017cbb508080700e51d85419e24a4431dd42edebc536ae41d90a800e1af6e86d65b700f2b11d684fee364ade3be6697749508f4f4cd7e,,10/30/2018 10:30:00 AM,15,NO CONTROLS,NO CONTROLS,CLEAR,DAYLIGHT,OTHER OBJECT,ALLEY,,STRAIGHT AND LEVEL,DRY,"RUT, HOLES",NOT ON SCENE (DESK REPORT),NO INJURY / DRIVE AWAY,,,,$500 OR LESS,01/03/2019 01:00:00 PM,NOT APPLICABLE,NOT APPLICABLE,3709,W,DIVISION ST,1112,,,,,,,1,NO INDICATION OF INJURY,0,0,0,0,0,0,1,10,3,10,41.9026210801,-87.7194209517,POINT (-87.719420951677 41.902621080148)
6b758aab7000584a959621c1034a1e0e982a55c222701004b951b1dfa003400b2fa59f81e95147ff8f63f9de0106bd328588a13f469e5460291dda976a9d4424,,10/29/2018 01:15:00 PM,5,NO CONTROLS,NO CONTROLS,CLEAR,DAYLIGHT,PARKED MOTOR VEHICLE,PARKING LOT,1,STRAIGHT AND LEVEL,DRY,NO DEFECTS,NOT ON SCENE (DESK REPORT),NO INJURY / DRIVE AWAY,,,,"$501 - $1,500",10/29/2018 01:25:00 PM,UNABLE TO DETERMINE,UNABLE TO DETERMINE,1017,N,ORLEANS ST,1823,,,,,,,2,NO INDICATION OF INJURY,0,0,0,0,0,0,1,13,2,10,41.9011080003,-87.6372010274,POINT (-87.637201027383 41.901108000348)
23c558e432d5dfefc5f7fa90417d6a8d9503044fd7daaf55615502d611b516d7d64f6b678bb6fc26511b798b57ddcbdeb05b00b700fa9f59cad04fd2a373a05e,,10/28/2018 09:10:00 PM,30,NO CONTROLS,NO CONTROLS,UNKNOWN,"DARKNESS, LIGHTED ROAD",PARKED MOTOR VEHICLE,ONE-WAY,,STRAIGHT AND LEVEL,UNKNOWN,UNKNOWN,NOT ON SCENE (DESK REPORT),NO INJURY / DRIVE AWAY,,,Y,"$501 - $1,500",10/28/2018 10:15:00 PM,UNABLE TO DETERMINE,UNABLE TO DETERMINE,2209,W,ARTHUR AVE,2412,,,,,,,2,NO INDICATION OF INJURY,0,0,0,0,0,0,1,21,1,10,41.9995091756,-87.6854567591,POINT (-87.685456759148 41.999509175616)
cd4ea224b73c98b2d82900606f2f41b94f24aca06850c85588081f2b888c9eeb532a818484c851f656af32bb8cf32e5708ea95d33fbb7003c9cf7bad4c92ea5c,Y,10/28/2018 04:50:00 AM,25,OTHER WARNING SIGN,FUNCTIONING PROPERLY,RAIN,"DARKNESS, LIGHTED ROAD",FIXED OBJECT,DIVIDED - W/MEDIAN (NOT RAISED),4,"CURVE, LEVEL",WET,NO DEFECTS,ON SCENE,INJURY AND / OR TOW DUE TO CRASH,,,Y,"OVER $1,500",10/28/2018 04:50:00 AM,UNABLE TO DETERMINE,UNABLE TO DETERMINE,989,N,LAKE SHORE DR,1833,,,,,,,1,NO INDICATION OF INJURY,0,0,0,0,0,0,1,4,1,10,41.9008183185,-87.6195840481,POINT (-87.619584048054 41.900818318515)
20b903b4b77c1e115a9b45e6b8c975a03fe11aab5ce8e3eb052fc1f8c820744dadc8aa348935cb253a4bb700839dc5974441e48c0c86cf981f4c2543de45fab4,Y,10/26/2018 08:40:00 AM,20,TRAFFIC SIGNAL,FUNCTIONING PROPERLY,CLEAR,DAYLIGHT,SIDESWIPE SAME DIRECTION,DIVIDED - W/MEDIAN (NOT RAISED),1,STRAIGHT AND LEVEL,DRY,NO DEFECTS,NOT ON SCENE (DESK REPORT),NO INJURY / DRIVE AWAY,,,,$500 OR LESS,10/26/2018 09:10:00 AM,DRIVING SKILLS/KNOWLEDGE/EXPERIENCE,"OPERATING VEHICLE IN ERRATIC, RECKLESS, CARELESS, NEGLIGENT OR AGGRESSIVE MANNER",201,E,115TH ST,532,Y,Y,,,,,2,NO INDICATION OF INJURY,0,0,0,0,0,0,2,8,6,10,41.6852662548,-87.6179849401,POINT (-87.617984940072 41.685266254803)
51f6cd9ee989fcaa1ff188f730dfdfadbfdb41b531382f329ff56d186fe583bd3e1376337cfba524db7001cae82b94ed3276d78df9ea4b27c8637ef42aa48a72,,10/25/2018 01:00:00 PM,30,TRAFFIC SIGNAL,FUNCTIONING PROPERLY,CLEAR,DAYLIGHT,SIDESWIPE SAME DIRECTION,DIVIDED - W/MEDIAN (NOT RAISED),2,STRAIGHT AND LEVEL,DRY,NO DEFECTS,NOT ON SCENE (DESK REPORT),NO INJURY / DRIVE AWAY,,,,"$501 - $1,500",10/25/2018 01:30:00 PM,FAILING TO YIELD RIGHT-OF-WAY,UNABLE TO DETERMINE,2412,W,FOSTER AVE,2011,,,,,,,2,NO INDICATION OF INJURY,0,0,0,0,0,0,2,13,5,10,41.9759993766,-87.6897145518,POINT (-87.689714551807 41.97599937663)
f5376a70d0b8f7124616f55081de1d0716c8b864e190eacc54c5854420b11463bf5b700c203ef8250c1065c2c780e15456e573879ea48b8b875948ff055c5083,,10/22/2018 03:00:00 PM,25,NO CONTROLS,NO CONTROLS,CLEAR,DAYLIGHT,REAR END,NOT DIVIDED,2,STRAIGHT AND LEVEL,DRY,NO DEFECTS,ON SCENE,NO INJURY / DRIVE AWAY,,,,$500 OR LESS,10/22/2018 03:00:00 PM,FOLLOWING TOO CLOSELY,UNABLE TO DETERMINE,3251,W,55TH ST,822,,,,,,,2,NO INDICATION OF INJURY,0,0,0,0,0,0,2,15,2,10,41.7933738313,-87.7056020899,POINT (-87.705602089944 41.793373831333)
1e0565f57aa5e7e992fddef1023bff882c5fdbb79edcaeddf322f242a9080aef84396a74b02d5f8d1f5fc10972db70048b0bb747f8fa6d679f5b4a365ddca2ce,,10/17/2018 04:30:00 PM,30,NO CONTROLS,NO CONTROLS,CLEAR,DAYLIGHT,SIDESWIPE SAME DIRECTION,NOT DIVIDED,,STRAIGHT AND LEVEL,DRY,NO DEFECTS,ON SCENE,NO INJURY / DRIVE AWAY,,,,"OVER $1,500",10/17/2018 04:47:00 PM,IMPROPER LANE USAGE,NOT APPLICABLE,5448,W,55TH ST,814,,,,,,,2,NO INDICATION OF INJURY,0,0,0,0,0,0,3,16,4,10,41.7928908089,-87.7593837007,POINT (-87.759383700682 41.792890808898)
c89c5760201d006aa3507c8bafde045a3b700a0b556cb1691604989849a69f707a0849b27e74430224cc21a9e035b6ed7d6be8af132bdf02975e59981bfa53d3,,10/16/2018 10:30:00 AM,30,STOP SIGN/FLASHER,UNKNOWN,CLEAR,DAYLIGHT,PARKED MOTOR VEHICLE,NOT DIVIDED,,STRAIGHT AND LEVEL,DRY,NO DEFECTS,NOT ON SCENE (DESK REPORT),NO INJURY / DRIVE AWAY,,,Y,"OVER $1,500",10/16/2018 02:30:00 PM,UNABLE TO DETERMINE,NOT APPLICABLE,308,N,CARPENTER ST,1214,,,,,,,2,NO INDICATION OF INJURY,0,0,0,0,0,0,1,10,3,10,41.8870353867,-87.653494678,POINT (-87.653494677961 41.887035386736)
3b59de868e10ab4bca67a5561d808d8650a15916352886434113fb87e13e5b301065f2f93bdc2109b2738dfb70017e8463888170caa0e7c482f5ea2dfe68fa8e,,10/15/2018 01:15:00 PM,30,NO CONTROLS,NO CONTROLS,CLEAR,DAYLIGHT,PARKED MOTOR VEHICLE,ONE-WAY,1,STRAIGHT AND LEVEL,DRY,NO DEFECTS,NOT ON SCENE (DESK REPORT),NO INJURY / DRIVE AWAY,,,Y,"$501 - $1,500",10/15/2018 02:19:00 PM,DRIVING SKILLS/KNOWLEDGE/EXPERIENCE,UNABLE TO DETERMINE,5819,S,MASON AVE,811,,,,,,,2,NO INDICATION OF INJURY,0,0,0,0,0,0,1,13,2,10,41.7864621916,-87.7704613567,POINT (-87.770461356717 41.786462191552)
7419f937c83793124b7000abbd9b79cdd0e3c72a3c0eaad64d6dc064c2e75fa91623f599282952f5d08747b444b2bb652e049f0780ac2843b4f0b7aa77384502,,10/12/2018 10:54:00 PM,30,UNKNOWN,NO CONTROLS,CLOUDY/OVERCAST,DARKNESS,PEDESTRIAN,NOT DIVIDED,,STRAIGHT AND LEVEL,DRY,UNKNOWN,ON SCENE,INJURY AND / OR TOW DUE TO CRASH,,,,"OVER $1,500",10/12/2018 10:58:00 PM,UNDER THE INFLUENCE OF ALCOHOL/DRUGS (USE WHEN ARREST IS EFFECTED),FAILING TO REDUCE SPEED TO AVOID CRASH,2533,N,SOUTHPORT AVE,1932,,N,,,,,2,NONINCAPACITATING INJURY,1,0,0,1,0,0,1,22,6,10,41.9280963825,-87.6632705989,POINT (-87.663270598884 41.928096382474)
082350d5c21d3a2618b50eaabaca742d3aed48408e695005ea2c80c212fd597094ca5dc08379afab615c58fb7006f6119f716ffc73d534f02b2caeda2cf316a7,,10/12/2018 03:25:00 PM,30,NO CONTROLS,NO CONTROLS,CLOUDY/OVERCAST,DAYLIGHT,SIDESWIPE SAME DIRECTION,DIVIDED - W/MEDIAN BARRIER,4,STRAIGHT AND LEVEL,DRY,NO DEFECTS,ON SCENE,INJURY AND / OR TOW DUE TO CRASH,Y,,Y,"OVER $1,500",10/12/2018 03:30:00 PM,"OPERATING VEHICLE IN ERRATIC, RECKLESS, CARELESS, NEGLIGENT OR AGGRESSIVE MANNER",EXCEEDING AUTHORIZED SPEED LIMIT,701,W,95TH ST,2223,,,,,,,2,NONINCAPACITATING INJURY,1,0,0,1,0,0,1,15,6,10,41.7213813577,-87.6408474314,POINT (-87.640847431431 41.721381357675)