CRASH_RECORD_ID,CRASH_DATE_EST_I,CRASH_DATE,POSTED_SPEED_LIMIT,TRAFFIC_CONTROL_DEVICE,DEVICE_CONDITION,WEATHER_CONDITION,LIGHTING_CONDITION,FIRST_CRASH_TYPE,TRAFFICWAY_TYPE,LANE_CNT,ALIGNMENT,ROADWAY_SURFACE_COND,ROAD_DEFECT,REPORT_TYPE,CRASH_TYPE,INTERSECTION_RELATED_I,NOT_RIGHT_OF_WAY_I,HIT_AND_RUN_I,DAMAGE,DATE_POLICE_NOTIFIED,PRIM_CONTRIBUTORY_CAUSE,SEC_CONTRIBUTORY_CAUSE,STREET_NO,STREET_DIRECTION,STREET_NAME,BEAT_OF_OCCURRENCE,PHOTOS_TAKEN_I,STATEMENTS_TAKEN_I,DOORING_I,WORK_ZONE_I,WORK_ZONE_TYPE,WORKERS_PRESENT_I,NUM_UNITS,MOST_SEVERE_INJURY,INJURIES_TOTAL,INJURIES_FATAL,INJURIES_INCAPACITATING,INJURIES_NON_INCAPACITATING,INJURIES_REPORTED_NOT_EVIDENT,INJURIES_UNKNOWN,INJURIES_NO_INDICATION,CRASH_HOUR,CRASH_DAY_OF_WEEK,CRASH_MONTH,LATITUDE,LONGITUDE,LOCATION
154e5ce16f2ab36cb6dc9595135d18b09c4187d155a1741bfd60399373e05613a7395ac1a5b99328da0896b70048cbb8c62b3ec63bacf0d84eb1647f5678fce0,,10/12/2018 12:30:00 PM,30,NO CONTROLS,NO CONTROLS,CLEAR,DAYLIGHT,FIXED OBJECT,ALLEY,1,STRAIGHT AND LEVEL,DRY,NO DEFECTS,ON SCENE,NO INJURY / DRIVE AWAY,,,,"OVER $1,500",10/12/2018 01:01:00 PM,UNABLE TO DETERMINE,UNABLE TO DETERMINE,1440,N,ASHLAND AVE,1433,,,,,,,1,NO INDICATION OF INJURY,0,0,0,0,0,0,1,12,6,10,41.9082493609,-87.6677683676,POINT (-87.667768367614 41.908249360945)
2b700aa987e129aa014c557ad0139d967fc01e47dd9e1701b8dcaa0d82d4c807aa1b5c86bf4a8609f4f326d14c638c95c6eb1069a40c8c8e6493915d40dcd635,,10/10/2018 06:57:00 AM,30,TRAFFIC SIGNAL,FUNCTIONING PROPERLY,CLEAR,DAYLIGHT,REAR END,NOT DIVIDED,2,STRAIGHT AND LEVEL,DRY,NO DEFECTS,NOT ON SCENE (DESK REPORT),NO INJURY / DRIVE AWAY,,,,"OVER $1,500",10/10/2018 07:28:00 AM,UNABLE TO DETERMINE,UNABLE TO DETERMINE,4300,S,WABASH AVE,215,,,,,,,2,NO INDICATION OF INJURY,0,0,0,0,0,0,2,6,4,10,41.8164207116,-87.6247989604,POINT (-87.624798960368 41.816420711592)
61251b1c8131a8d070209c578a2490e1576c8eafe30dd55a37dfa834e0bcc078e316d79aab7001fa1b7526552718900c48247c8fafd34193afd0eb563ec0092e,,10/07/2018 05:10:00 PM,30,NO CONTROLS,NO CONTROLS,CLOUDY/OVERCAST,DAYLIGHT,FIXED OBJECT,NOT DIVIDED,2,"CURVE, LEVEL",WET,NO DEFECTS,ON SCENE,INJURY AND / OR TOW DUE TO CRASH,,,,"OVER $1,500",10/07/2018 05:14:00 PM,FAILING TO REDUCE SPEED TO AVOID CRASH,FOLLOWING TOO CLOSELY,10300,S,DOTY AVE E,434,,,,,,,1,NO INDICATION OF INJURY,0,0,0,0,0,0,1,17,1,10,41.7078495554,-87.5808542712,POINT (-87.580854271249 41.70784955538)
3c32fcc9045fa042c5239cc32dd79c37c042409a4b34db1e5d7ab1a0093e3b3c1b700178e11fae363fc9c5848ce4e36adb573adaaeda3b39b2d06eb64134e284,,10/07/2018 03:44:00 AM,30,TRAFFIC SIGNAL,FUNCTIONING PROPERLY,RAIN,"DARKNESS, LIGHTED ROAD",REAR END,NOT DIVIDED,2,STRAIGHT AND LEVEL,WET,NO DEFECTS,NOT ON SCENE (DESK REPORT),NO INJURY / DRIVE AWAY,,,Y,"OVER $1,500",10/15/2018 12:00:00 PM,UNABLE TO DETERMINE,UNABLE TO DETERMINE,2358,N,CANNON DR,1814,,,,,,,2,NO INDICATION OF INJURY,0,0,0,0,0,0,2,3,1,10,41.925614192,-87.6337171848,POINT (-87.63371718481 41.925614192014)
ab700152f9ccbfe68ff2b0b1a34080c6abeb915e7e345188a7d247d4f0ea0cb52dcbf6370a3d4f4fa545a4bcb72ad16076d46d4053201fdc29bb4624109ee80c,,10/06/2018 09:03:00 PM,35,TRAFFIC SIGNAL,FUNCTIONING PROPERLY,CLEAR,DARKNESS,SIDESWIPE SAME DIRECTION,DIVIDED - W/MEDIAN (NOT RAISED),2,STRAIGHT AND LEVEL,DRY,UNKNOWN,NOT ON SCENE (DESK REPORT),NO INJURY / DRIVE AWAY,,,,"$501 - $1,500",10/10/2018 06:00:00 PM,IMPROPER TURNING/NO SIGNAL,FAILING TO YIELD RIGHT-OF-WAY,6700,S,SOUTH CHICAGO AVE,322,,,,,,,2,NO INDICATION OF INJURY,0,0,0,0,0,0,2,21,7,10,41.7728015015,-87.6154290822,POINT (-87.615429082211 41.772801501491)
de3f27348b9d85c3a87df171c6c35e0276a3a630b7c3926df6a432823bf74459239f9adeb700afe2c62036a1ba68f88f5e91e91ea2348cf40b0090f1a98d05df,,10/06/2018 12:38:00 PM,25,NO CONTROLS,NO CONTROLS,CLOUDY/OVERCAST,DAYLIGHT,PEDALCYCLIST,ALLEY,1,STRAIGHT AND LEVEL,DRY,NO DEFECTS,ON SCENE,INJURY AND / OR TOW DUE TO CRASH,,,,$500 OR LESS,10/06/2018 12:39:00 PM,FAILING TO YIELD RIGHT-OF-WAY,NOT APPLICABLE,4110,S,SACRAMENTO AVE,921,,,,,,,2,NONINCAPACITATING INJURY,1,0,0,1,0,0,2,12,7,10,41.818718855,-87.6996031204,POINT (-87.699603120357 41.818718855034)
e9a82f997b9d0f5de32f64e4a0fa232ba06021cfd9e586e709c2f5e6bcf9ea451f99c2e7e371627b7006d5b496bb0f1265ff155cc95cd54c83c750b753615ff9,,10/02/2018 11:00:00 AM,35,TRAFFIC SIGNAL,FUNCTIONING PROPERLY,CLEAR,DAYLIGHT,SIDESWIPE SAME DIRECTION,NOT DIVIDED,4,STRAIGHT AND LEVEL,DRY,NO DEFECTS,ON SCENE,NO INJURY / DRIVE AWAY,Y,,,$500 OR LESS,10/02/2018 11:15:00 AM,UNABLE TO DETERMINE,UNABLE TO DETERMINE,3903,S,WESTERN BLVD,924,,,,,,,2,NO INDICATION OF INJURY,0,0,0,0,0,0,2,11,3,10,41.8229139726,-87.6840886273,POINT (-87.684088627254 41.822913972613)
ec44438db316634ab377f52c8997e3f93a5a526435f097ddd31f40907d882e379338e0ca3256ca00fbbf6b2fb499e5b7006aea09e564c915ddc7db3ab44c5747,,10/01/2018 03:55:00 PM,30,STOP SIGN/FLASHER,FUNCTIONING PROPERLY,SLEET/HAIL,DAYLIGHT,ANGLE,OTHER,,STRAIGHT AND LEVEL,DRY,NO DEFECTS,ON SCENE,NO INJURY / DRIVE AWAY,Y,,,"OVER $1,500",10/01/2018 03:57:00 PM,FAILING TO YIELD RIGHT-OF-WAY,UNABLE TO DETERMINE,1433,W,ADDISON ST,1922,,,,,,,2,NO INDICATION OF INJURY,0,0,0,0,0,0,2,15,2,10,41.9469378928,-87.6652875891,POINT (-87.665287589142 41.946937892831)
c8cf0b2707bfe08d5f62cce17678ca307809ba02ed60b7009fa057087267fcede3c710ea3a188a1b4324ccd75c940c473bcbbf44db207143f786183e0179768f,,09/29/2018 09:40:00 PM,25,NO CONTROLS,NO CONTROLS,RAIN,"DARKNESS, LIGHTED ROAD",PARKED MOTOR VEHICLE,NOT DIVIDED,2,STRAIGHT AND LEVEL,WET,NO DEFECTS,NOT ON SCENE (DESK REPORT),NO INJURY / DRIVE AWAY,,,Y,"$501 - $1,500",09/30/2018 11:20:00 AM,UNABLE TO DETERMINE,NOT APPLICABLE,3032,S,PITNEY CT,913,,,,,,,2,NO INDICATION OF INJURY,0,0,0,0,0,0,1,21,7,9,41.8383173543,-87.6624387566,POINT (-87.662438756625 41.838317354269)
01a6ecfddecc00d13605e2e122c1a4136e4dd25ad23f798104c6f87c172f09aa73c0a13fcf2f46bb7fcce598cdaa1e56f76b700226e3b9e1feb1197691f3f764,,09/27/2018 07:30:00 AM,30,UNKNOWN,UNKNOWN,UNKNOWN,UNKNOWN,ANGLE,NOT DIVIDED,,STRAIGHT AND LEVEL,UNKNOWN,UNKNOWN,NOT ON SCENE (DESK REPORT),NO INJURY / DRIVE AWAY,,,,"OVER $1,500",09/27/2018 08:17:00 PM,FAILING TO YIELD RIGHT-OF-WAY,NOT APPLICABLE,3200,N,NORMANDY AVE,1632,,,,,,,2,NO INDICATION OF INJURY,0,0,0,0,0,0,5,7,5,9,41.9382846863,-87.7934010649,POINT (-87.793401064939 41.93828468626)
c377b6d9f61dfb3c77cbaa2f663678512eb76e414d859d8b684ca765dc638be0592051de4233ab4e92813bf49d7923dab7000e0f57f34e782e9ead5858d8c4cc,,09/26/2018 04:37:00 PM,30,NO CONTROLS,NO CONTROLS,CLEAR,DAYLIGHT,SIDESWIPE SAME DIRECTION,NOT DIVIDED,,STRAIGHT AND LEVEL,DRY,NO DEFECTS,NOT ON SCENE (DESK REPORT),NO INJURY / DRIVE AWAY,,,,"$501 - $1,500",09/26/2018 05:24:00 PM,UNABLE TO DETERMINE,UNABLE TO DETERMINE,1624,W,PERSHING RD,912,,,,,,,2,NO INDICATION OF INJURY,0,0,0,0,0,0,2,16,4,9,41.8232544594,-87.6665137159,POINT (-87.666513715861 41.823254459424)
1e6fd754f6b66f965c7b9699dc4100b7005de35d41fb60f0277a40f392f03f8d811e0682df061f47cf1a4f12d0cf775196a35177679eeaeb8a0ae946261159b8,,09/22/2018 06:30:00 PM,30,NO CONTROLS,NO CONTROLS,CLEAR,DAYLIGHT,PEDALCYCLIST,DIVIDED - W/MEDIAN (NOT RAISED),2,STRAIGHT AND LEVEL,DRY,NO DEFECTS,ON SCENE,INJURY AND / OR TOW DUE TO CRASH,,,,"$501 - $1,500",09/22/2018 06:34:00 PM,FOLLOWING TOO CLOSELY,PHYSICAL CONDITION OF DRIVER,446,N,STATE ST,1831,,,,,,,2,NONINCAPACITATING INJURY,1,0,0,1,0,0,1,18,7,9,41.8906788994,-87.6281786988,POINT (-87.628178698831 41.890678899408)
ef9d3c904e28800b19b70095848db81437ce37ba4172b938d4b1c32b31bb5f6ab9e8c8357a3b060abaf08b74072c9b087e1098ab15afcc48b17360532bc8443d,,09/20/2018 04:10:00 PM,35,TRAFFIC SIGNAL,FUNCTIONING PROPERLY,CLEAR,DAYLIGHT,REAR END,NOT DIVIDED,4,STRAIGHT AND LEVEL,DRY,NO DEFECTS,,INJURY AND / OR TOW DUE TO CRASH,Y,,,"OVER $1,500",09/20/2018 04:17:00 PM,FOLLOWING TOO CLOSELY,FAILING TO REDUCE SPEED TO AVOID CRASH,4758,W,47TH ST,815,,,,,,,2,NONINCAPACITATING INJURY,2,0,0,2,0,0,4,16,5,9,41.807737271,-87.7431076076,POINT (-87.743107607634 41.807737271022)
fb4eb316da10e33447680ac499027b7000c2c108b21cea4055d7092c035bd9ef8f06389c220a87681a79c40ae6d96340e4f4bc52a646e31d158f75f9e1558520,,09/18/2018 12:09:00 AM,20,NO CONTROLS,NO CONTROLS,CLEAR,"DARKNESS, LIGHTED ROAD",PARKED MOTOR VEHICLE,NOT DIVIDED,2,STRAIGHT AND LEVEL,DRY,UNKNOWN,ON SCENE,INJURY AND / OR TOW DUE TO CRASH,,,,"OVER $1,500",09/18/2018 12:10:00 AM,"EVASIVE ACTION DUE TO ANIMAL, OBJECT, NONMOTORIST",ANIMAL,6650,S,WOOD ST,726,,,,,,,3,NONINCAPACITATING INJURY,1,0,0,1,0,0,1,0,3,9,41.7724462573,-87.6690529983,POINT (-87.669052998347 41.772446257288)
1458745fd6f2ac53519c0c4b700240fb88eba8dacb9fb2629fa95a300c5f7ab38e7fec664c3b5bab8970fa2e0d77e1d0ab1c429684274c1789bd9df2316bad38,,09/17/2018 12:25:00 PM,20,NO CONTROLS,NO CONTROLS,CLEAR,DAYLIGHT,PARKED MOTOR VEHICLE,ONE-WAY,1,STRAIGHT AND LEVEL,DRY,NO DEFECTS,ON SCENE,NO INJURY / DRIVE AWAY,,,,"OVER $1,500",09/17/2018 12:29:00 PM,PHYSICAL CONDITION OF DRIVER,UNABLE TO DETERMINE,6308,S,LAMON AVE,813,,,,,,,3,NO INDICATION OF INJURY,0,0,0,0,0,0,1,12,2,9,41.7780637687,-87.7448543961,POINT (-87.744854396087 41.778063768738)
2ac73611427ada83a6e612e7e5d35f1c87c575be904b098044c053d6a0a7f55b0fc8c09f741f0508c1d72514575c6fc0b0a37bce08998ec3da352fbb700eb433,,09/15/2018 12:00:00 PM,20,NO CONTROLS,NO CONTROLS,CLEAR,DAYLIGHT,SIDESWIPE SAME DIRECTION,DIVIDED - W/MEDIAN (NOT RAISED),,STRAIGHT AND LEVEL,DRY,NO DEFECTS,NOT ON SCENE (DESK REPORT),NO INJURY / DRIVE AWAY,,,,"OVER $1,500",09/15/2018 01:20:00 PM,FAILING TO YIELD RIGHT-OF-WAY,NOT APPLICABLE,1247,N,MILWAUKEE AVE,1433,,,,,,,2,NO INDICATION OF INJURY,0,0,0,0,0,0,2,12,7,9,41.9044655235,-87.6679826196,POINT (-87.66798261963 41.904465523509)
a6a2a925d8cde80ba140526d7d0024a4a03ea88a27a364a029ffdd5394e7a5ca352fc747ead14650c891ab7819b4e68ce693557ab23eda66b700216ac2080271,,09/14/2018 11:15:00 PM,20,NO CONTROLS,NO CONTROLS,CLEAR,"DARKNESS, LIGHTED ROAD",ANGLE,PARKING LOT,,STRAIGHT AND LEVEL,DRY,NO DEFECTS,NOT ON SCENE (DESK REPORT),NO INJURY / DRIVE AWAY,,Y,,"OVER $1,500",09/15/2018 12:01:00 AM,UNABLE TO DETERMINE,UNABLE TO DETERMINE,2301,S,LAKE SHORE DR E,132,,,,,,,2,NO INDICATION OF INJURY,0,0,0,0,0,0,2,23,6,9,41.8511074802,-87.6128666325,POINT (-87.612866632544 41.85110748019)
ae94a91f7bbf19b633e054542ec36e9c6f5c4eae7e358a58eeebbd6729ade41e171e47d112e9f186bb64360ebd8f1ab70086addd5fe06fca4e3d2bd862f330d0,,09/14/2018 09:00:00 AM,30,TRAFFIC SIGNAL,FUNCTIONING PROPERLY,CLEAR,DAYLIGHT,SIDESWIPE SAME DIRECTION,NOT DIVIDED,,"CURVE, LEVEL",DRY,NO DEFECTS,NOT ON SCENE (DESK REPORT),NO INJURY / DRIVE AWAY,Y,,,"OVER $1,500",09/14/2018 01:00:00 PM,FAILING TO YIELD RIGHT-OF-WAY,NOT APPLICABLE,3400,W,GRAND AVE,1121,,,,,,,2,NO INDICATION OF INJURY,0,0,0,0,0,0,2,9,6,9,41.8998219477,-87.7114386571,POINT (-87.711438657065 41.899821947712)
e7e38a0151325cd51b076e5260c23938f19272aa524c02149c04ecc653a50e279a827fdd0434170490771fdd3cb700db241db7ee3a0b28376881709b4687b23d,,09/11/2018 11:01:00 AM,30,NO CONTROLS,NO CONTROLS,CLEAR,DAYLIGHT,PEDESTRIAN,DIVIDED - W/MEDIAN (NOT RAISED),2,STRAIGHT AND LEVEL,DRY,NO DEFECTS,ON SCENE,INJURY AND / OR TOW DUE TO CRASH,Y,,,$500 OR LESS,09/11/2018 11:05:00 AM,DISREGARDING ROAD MARKINGS,DISREGARDING ROAD MARKINGS,3716,S,KEDZIE AVE,911,,,,,,,2,NONINCAPACITATING INJURY,1,0,0,1,0,0,1,11,3,9,41.8255955611,-87.7046308578,POINT (-87.704630857822 41.825595561093)
daed0326b2a8aa330e792c935d755cd51356805ef1f7271281e52d1a982009b808ea9730c5c115e563d0b84fd8e4f659480d62dfca3201fb6603d3419eb7004f,,09/10/2018 07:50:00 AM,25,NO CONTROLS,NO CONTROLS,CLEAR,DAYLIGHT,PARKED MOTOR VEHICLE,ONE-WAY,0,STRAIGHT AND LEVEL,DRY,NO DEFECTS,ON SCENE,NO INJURY / DRIVE AWAY,Y,,,"$501 - $1,500",09/10/2018 08:00:00 AM,DRIVING SKILLS/KNOWLEDGE/EXPERIENCE,DRIVING SKILLS/KNOWLEDGE/EXPERIENCE,6324,N,CAMPBELL AVE,2413,,,,,,,2,NO INDICATION OF INJURY,0,0,0,0,0,0,6,7,2,9,41.9966381674,-87.69243888,POINT (-87.692438880017 41.996638167421)
aef021b0045599728b76b0dd8ab51b88317c2edd5508a0e64d989146d094f1bac352f207a7b1e122c27dcd177eb69b10f75ffdc683761fbcf0679b700435d02c,,09/07/2018 07:10:00 PM,30,TRAFFIC SIGNAL,FUNCTIONING PROPERLY,CLEAR,"DARKNESS, LIGHTED ROAD",SIDESWIPE SAME DIRECTION,NOT DIVIDED,,STRAIGHT AND LEVEL,DRY,NO DEFECTS,NOT ON SCENE (DESK REPORT),NO INJURY / DRIVE AWAY,,,,"OVER $1,500",09/07/2018 07:27:00 PM,IMPROPER LANE USAGE,NOT APPLICABLE,100,N,STATE ST,111,,,,,,,2,NO INDICATION OF INJURY,0,0,0,0,0,0,2,19,6,9,41.8832483797,-87.6280171803,POINT (-87.628017180253 41.883248379666)
2e3b218c8b63b5ae45052e1036332dd10f383e911c667be1a8c2048180cb70062c40eae8f1278cdbf83d7d15e61fafacd5373bed945cb8fb463c17e48d1f6886,,09/06/2018 03:17:00 PM,30,NO CONTROLS,NO CONTROLS,CLEAR,DAYLIGHT,SIDESWIPE SAME DIRECTION,NOT DIVIDED,,STRAIGHT AND LEVEL,DRY,NO DEFECTS,NOT ON SCENE (DESK REPORT),NO INJURY / DRIVE AWAY,,,Y,$500 OR LESS,09/06/2018 06:13:00 PM,UNABLE TO DETERMINE,UNABLE TO DETERMINE,731,E,63RD ST,312,,,,,,,2,NO INDICATION OF INJURY,0,0,0,0,0,0,2,15,5,9,41.7802826719,-87.6071222898,POINT (-87.60712228979 41.780282671853)
6df3014369668c8a98e9861f990da4928e10dd3eda94c3dadc6a3dbf3b34de53ac8b2f07ee8d02aebb28f898995ec81ad4c000f5ba428bcb70086ca830f47618,Y,09/05/2018 05:49:00 PM,30,NO CONTROLS,NO CONTROLS,RAIN,DUSK,SIDESWIPE SAME DIRECTION,NOT DIVIDED,4,STRAIGHT AND LEVEL,WET,UNKNOWN,NOT ON SCENE (DESK REPORT),NO INJURY / DRIVE AWAY,,,,"$501 - $1,500",09/05/2018 11:30:00 PM,IMPROPER OVERTAKING/PASSING,NOT APPLICABLE,2932,W,PETERSON AVE,2413,,,,,,,2,NO INDICATION OF INJURY,0,0,0,0,0,0,2,17,4,9,41.9905324423,-87.7031013442,POINT (-87.70310134421 41.990532442326)
59089be15a8b819b7006b713b76a1b7b767de47249123c154f69eb56362a06ffb2a9a6e7cc950b215af9bcf023dac42ab4e6c0a3331c720f91f684e4434e0d32,,09/04/2018 03:57:00 PM,30,NO CONTROLS,NO CONTROLS,CLEAR,DAYLIGHT,PEDESTRIAN,NOT DIVIDED,2,STRAIGHT AND LEVEL,DRY,NO DEFECTS,ON SCENE,INJURY AND / OR TOW DUE TO CRASH,,,N,"OVER $1,500",09/04/2018 03:57:00 PM,DISREGARDING YIELD SIGN,IMPROPER BACKING,1431,E,HYDE PARK BLVD,234,,,,,,,2,"REPORTED, NOT EVIDENT",1,0,0,0,1,0,2,15,3,9,41.8023270558,-87.5905724464,POINT (-87.590572446375 41.802327055832)
27694a6063ee3a0b0bba1d45bf13aa4e2c7a37894155983af6b9c578a5ceb700405fd6f67cf9e03a1fe529d19a7f928cb31718abd65fb12431e73b648f83ad6b,,09/04/2018 09:05:00 AM,15,NO CONTROLS,NO CONTROLS,CLEAR,DAYLIGHT,REAR END,PARKING LOT,,STRAIGHT AND LEVEL,DRY,NO DEFECTS,NOT ON SCENE (DESK REPORT),NO INJURY / DRIVE AWAY,,,Y,"OVER $1,500",09/04/2018 09:45:00 AM,FOLLOWING TOO CLOSELY,UNABLE TO DETERMINE,3220,W,26TH ST,1024,,,,,,,2,NO INDICATION OF INJURY,0,0,0,0,0,0,3,9,3,9,41.8446137893,-87.7060152709,POINT (-87.706015270927 41.844613789292)
cd7646479f00ed668917dba7997a6171d190549bf3049614b9405aadb21a9bcd5d5b4d90cde34b96d9d643f2db2d129b70014a1ded06529acc8b94976e2fdc0e,,08/30/2018 06:45:00 AM,30,STOP SIGN/FLASHER,NO CONTROLS,CLEAR,DAYLIGHT,REAR END,NOT DIVIDED,2,STRAIGHT AND LEVEL,DRY,NO DEFECTS,NOT ON SCENE (DESK REPORT),NO INJURY / DRIVE AWAY,,,Y,$500 OR LESS,08/31/2018 07:15:00 AM,IMPROPER BACKING,UNABLE TO DETERMINE,3405,W,BARRY AVE,1412,,,,,,,2,NO INDICATION OF INJURY,0,0,0,0,0,0,2,6,5,8,41.9373502413,-87.712640591,POINT (-87.712640591014 41.937350241338)
c61e6d2f3ab457a916d975d8ae0a291143349524ef6dab1639b77275c8ebcc0e96c6519eb87837f5d47d5a4eb3172b187574b7002c92b1ab6d1ea0050aa8ec15,,08/27/2018 11:10:00 PM,30,NO CONTROLS,NO CONTROLS,CLEAR,"DARKNESS, LIGHTED ROAD",FIXED OBJECT,DIVIDED - W/MEDIAN BARRIER,4,STRAIGHT AND LEVEL,DRY,NO DEFECTS,NOT ON SCENE (DESK REPORT),NO INJURY / DRIVE AWAY,,,,"$501 - $1,500",08/27/2018 11:35:00 PM,IMPROPER TURNING/NO SIGNAL,UNABLE TO DETERMINE,4810,N,ASHLAND AVE,2032,,,,,,,1,NO INDICATION OF INJURY,0,0,0,0,0,0,1,23,2,8,41.9692969515,-87.6695981647,POINT (-87.66959816474 41.969296951469)
7ee98ab8f7a09b52506fab9fe3fd766fa9c8fae3140e807288030b6e9536096d9b1016c6ba942b6ddb6f35ac4643b6bf41edb02b6e4ba78d68ab70047329b784,,08/27/2018 03:15:00 PM,15,NO CONTROLS,NO CONTROLS,CLEAR,DAYLIGHT,PARKED MOTOR VEHICLE,PARKING LOT,,STRAIGHT AND LEVEL,DRY,NO DEFECTS,ON SCENE,NO INJURY / DRIVE AWAY,,,Y,"OVER $1,500",08/27/2018 03:20:00 PM,IMPROPER TURNING/NO SIGNAL,UNABLE TO DETERMINE,5401,S,WENTWORTH AVE,225,,,,,,,2,NO INDICATION OF INJURY,0,0,0,0,0,0,1,15,2,8,41.7962348752,-87.6304049244,POINT (-87.630404924387 41.796234875219)
e8b0b069cf9ee2932f4be80652a24584bd37a6bd7310ffeb8dda37252db70034c4c15c8883ed40f81f7adb81e7be768eb243115819421f52f1d52cd0347c539f,,08/25/2018 02:20:00 AM,35,TRAFFIC SIGNAL,FUNCTIONING PROPERLY,RAIN,"DARKNESS, LIGHTED ROAD",REAR END,DIVIDED - W/MEDIAN BARRIER,4,STRAIGHT AND LEVEL,WET,NO DEFECTS,ON SCENE,INJURY AND / OR TOW DUE TO CRASH,Y,,,"OVER $1,500",08/25/2018 02:27:00 AM,FAILING TO REDUCE SPEED TO AVOID CRASH,UNABLE TO DETERMINE,3700,W,IRVING PARK RD,1723,,,,,,,3,NO INDICATION OF INJURY,0,0,0,0,0,0,3,2,7,8,41.953862599,-87.7203222587,POINT (-87.720322258737 41.953862598991)
89965c8a83b0c155ebd968bbf0caaf091de11a9f6f4f0eed3d18bab1b0c99fe97a3eeb91d57e432ab70062120f24bee1b1b2912d85df685c7e7cf1c9e17d581d,,08/24/2018 08:30:00 PM,30,TRAFFIC SIGNAL,FUNCTIONING IMPROPERLY,CLEAR,"DARKNESS, LIGHTED ROAD",REAR END,DIVIDED - W/MEDIAN (NOT RAISED),,STRAIGHT AND LEVEL,DRY,NO DEFECTS,NOT ON SCENE (DESK REPORT),NO INJURY / DRIVE AWAY,,,Y,"$501 - $1,500",08/24/2018 09:00:00 PM,FOLLOWING TOO CLOSELY,FAILING TO REDUCE SPEED TO AVOID CRASH,4193,S,ARCHER AVE,921,,,,,,,2,NO INDICATION OF INJURY,0,0,0,0,0,0,2,20,6,8,41.8171044331,-87.6990998709,POINT (-87.699099870927 41.817104433093)
7ccfcf6380215b96ff1835130bad13e69fb14c33b23d55a84fb7000867d76e5998de787d60c2741b8a5ca29654580e303497d39b616ea6484f56efab1b7aea27,,08/24/2018 11:30:00 AM,0,NO CONTROLS,NO CONTROLS,CLEAR,DAYLIGHT,PEDESTRIAN,NOT DIVIDED,1,STRAIGHT AND LEVEL,DRY,NO DEFECTS,NOT ON SCENE (DESK REPORT),INJURY AND / OR TOW DUE TO CRASH,,,,$500 OR LESS,08/26/2018 02:30:00 PM,UNABLE TO DETERMINE,UNABLE TO DETERMINE,4301,S,SHIELDS AVE,925,,,,,,,2,NONINCAPACITATING INJURY,1,0,0,1,0,0,1,11,6,8,41.8163225838,-87.6345697985,POINT (-87.634569798474 41.816322583774)
58fd71b9da6eeebc8b7001a23c8fdd1e69d111f16697271c8ec9452aaac567b7328b3acf592007b9825d58edf6b9c9f1b10bad88416a54fae09dd96aebe61bfd,,08/21/2018 09:00:00 AM,35,NO CONTROLS,NO CONTROLS,CLOUDY/OVERCAST,DAYLIGHT,TURNING,DIVIDED - W/MEDIAN (NOT RAISED),,STRAIGHT AND LEVEL,DRY,NO DEFECTS,ON SCENE,INJURY AND / OR TOW DUE TO CRASH,Y,,,"OVER $1,500",08/21/2018 09:01:00 AM,FAILING TO YIELD RIGHT-OF-WAY,NOT APPLICABLE,5401,N,HARLEM AVE,1613,,,,,,,2,NO INDICATION OF INJURY,0,0,0,0,0,0,3,9,3,8,41.9792169069,-87.8068381631,POINT (-87.806838163137 41.979216906928)
42004d02085f79f9e9b700b66dc94f5a7e78d3c916b539b528275b7d6657f6224c30a9c63670817310900c7eb3503c381c7f166bfebda426108a02e23cc5dbf6,,08/18/2018 03:00:00 PM,30,STOP SIGN/FLASHER,UNKNOWN,CLEAR,DAYLIGHT,ANGLE,NOT DIVIDED,2,STRAIGHT AND LEVEL,DRY,NO DEFECTS,NOT ON SCENE (DESK REPORT),NO INJURY / DRIVE AWAY,,,Y,"OVER $1,500",08/18/2018 03:23:00 PM,UNABLE TO DETERMINE,NOT APPLICABLE,3141,W,26TH ST,1033,,,,,,,2,NO INDICATION OF INJURY,0,0,0,0,0,0,3,15,7,8,41.8444160612,-87.7042100103,POINT (-87.704210010292 41.844416061244)
f0b15ab700161bc6bcae55033899b001d2a12fc14cb8515df686fdd08a15a984093d1d7433cfb1b7f60c19d88815c16cc28ee3bf983b8672a4403f99a769fd9b,,08/18/2018 11:30:00 AM,30,NO CONTROLS,NO CONTROLS,CLOUDY/OVERCAST,DAYLIGHT,PARKED MOTOR VEHICLE,NOT DIVIDED,2,STRAIGHT AND LEVEL,DRY,NO DEFECTS,ON SCENE,INJURY AND / OR TOW DUE TO CRASH,,,,"OVER $1,500",08/18/2018 11:35:00 AM,"OPERATING VEHICLE IN ERRATIC, RECKLESS, CARELESS, NEGLIGENT OR AGGRESSIVE MANNER",UNABLE TO DETERMINE,5038,W,ADDISON ST,1634,,,,,,,3,NONINCAPACITATING INJURY,1,0,0,1,0,0,0,11,7,8,41.946153165,-87.7534625674,POINT (-87.753462567435 41.946153164963)
5ecfaf5829f40a1c9e9b492cb6d726699b1281c6197d575ee70b8ef162375c44d0b1be3b700357b048b595c7da7395e0ac980cff1b09d913435754739bb19b09,,08/17/2018 11:15:00 PM,35,DELINEATORS,UNKNOWN,CLEAR,"DARKNESS, LIGHTED ROAD",REAR END,NOT DIVIDED,,STRAIGHT AND LEVEL,DRY,NO DEFECTS,ON SCENE,NO INJURY / DRIVE AWAY,,,,"OVER $1,500",08/17/2018 11:28:00 PM,FOLLOWING TOO CLOSELY,NOT APPLICABLE,1402,W,76TH ST,612,,,,,,,2,NO INDICATION OF INJURY,0,0,0,0,0,0,2,23,6,8,41.7559908668,-87.6588901886,POINT (-87.658890188645 41.755990866846)