CRASH_RECORD_ID,CRASH_DATE_EST_I,CRASH_DATE,POSTED_SPEED_LIMIT,TRAFFIC_CONTROL_DEVICE,DEVICE_CONDITION,WEATHER_CONDITION,LIGHTING_CONDITION,FIRST_CRASH_TYPE,TRAFFICWAY_TYPE,LANE_CNT,ALIGNMENT,ROADWAY_SURFACE_COND,ROAD_DEFECT,REPORT_TYPE,CRASH_TYPE,INTERSECTION_RELATED_I,NOT_RIGHT_OF_WAY_I,HIT_AND_RUN_I,DAMAGE,DATE_POLICE_NOTIFIED,PRIM_CONTRIBUTORY_CAUSE,SEC_CONTRIBUTORY_CAUSE,STREET_NO,STREET_DIRECTION,STREET_NAME,BEAT_OF_OCCURRENCE,PHOTOS_TAKEN_I,STATEMENTS_TAKEN_I,DOORING_I,WORK_ZONE_I,WORK_ZONE_TYPE,WORKERS_PRESENT_I,NUM_UNITS,MOST_SEVERE_INJURY,INJURIES_TOTAL,INJURIES_FATAL,INJURIES_INCAPACITATING,INJURIES_NON_INCAPACITATING,INJURIES_REPORTED_NOT_EVIDENT,INJURIES_UNKNOWN,INJURIES_NO_INDICATION,CRASH_HOUR,CRASH_DAY_OF_WEEK,CRASH_MONTH,LATITUDE,LONGITUDE,LOCATION
e20fb70056613c797e7973a5ac00a61510b18cb90ed942d6051e355e5472f131821566214d8d1f7c9834c9a3b4883b0d6bc6d91394ebd8f3904cddc52cb65d49,,08/15/2018 09:00:00 AM,30,TRAFFIC SIGNAL,FUNCTIONING PROPERLY,CLEAR,DAYLIGHT,TURNING,NOT DIVIDED,,STRAIGHT AND LEVEL,DRY,NO DEFECTS,ON SCENE,NO INJURY / DRIVE AWAY,Y,,,"OVER $1,500",08/15/2018 09:15:00 AM,IMPROPER OVERTAKING/PASSING,NOT APPLICABLE,99,N,CLINTON ST,121,,,,,,,2,NO INDICATION OF INJURY,0,0,0,0,0,0,2,9,4,8,41.8831133394,-87.6410837914,POINT (-87.641083791375 41.883113339411)
6e54f9a6f0ee44523d0dadd0ee481678d324b94fc7bd2192fc9357dd0a82e0ffe40f8a5e65f2acf9086e887e55ceab700d60c5da383b4717bef5df74c62b79cd,,08/14/2018 11:05:00 AM,30,STOP SIGN/FLASHER,FUNCTIONING PROPERLY,CLEAR,DAYLIGHT,ANGLE,NOT DIVIDED,2,STRAIGHT AND LEVEL,DRY,NO DEFECTS,NOT ON SCENE (DESK REPORT),NO INJURY / DRIVE AWAY,Y,,,"OVER $1,500",08/14/2018 11:50:00 AM,FAILING TO YIELD RIGHT-OF-WAY,NOT APPLICABLE,6200,W,BRYN MAWR AVE,1622,,,,,,,2,NO INDICATION OF INJURY,0,0,0,0,0,0,3,11,3,8,41.9830236588,-87.7836302513,POINT (-87.783630251292 41.983023658824)
5cf096f0839601360ccf635626bfede8f73b700b320e6ca06ac4c8c675a31a01679f9a1d31f75ed8dfd2fc3c57aff7b049a369f31cdd61003062b57d6ac90814,,08/14/2018 08:15:00 AM,15,NO CONTROLS,NO CONTROLS,CLEAR,DAYLIGHT,TURNING,ALLEY,,STRAIGHT AND LEVEL,DRY,NO DEFECTS,NOT ON SCENE (DESK REPORT),NO INJURY / DRIVE AWAY,Y,,,"OVER $1,500",08/14/2018 09:10:00 AM,FAILING TO YIELD RIGHT-OF-WAY,FAILING TO YIELD RIGHT-OF-WAY,4827,N,SHERIDAN RD,2024,,,,,,,2,NO INDICATION OF INJURY,0,0,0,0,0,0,2,8,3,8,41.9699868689,-87.6546960382,POINT (-87.65469603821 41.96998686894)
ed5cb72266b7dcd7c6fd66a3ddccb70010c3e4eef15d1b88180e3109998b7e8b887c79983fefc80cea2ef57c23626bdbb37f739c790110909b818e0cd79c1fa3,,08/13/2018 04:30:00 PM,30,TRAFFIC SIGNAL,FUNCTIONING PROPERLY,CLEAR,DAYLIGHT,TURNING,DIVIDED - W/MEDIAN BARRIER,,STRAIGHT AND LEVEL,DRY,NO DEFECTS,ON SCENE,INJURY AND / OR TOW DUE TO CRASH,Y,,,"OVER $1,500",08/13/2018 04:31:00 PM,FAILING TO YIELD RIGHT-OF-WAY,NOT APPLICABLE,9500,S,VINCENNES AVE,2213,,,,,,,2,NO INDICATION OF INJURY,0,0,0,0,0,0,3,16,2,8,41.721345885,-87.6507963336,POINT (-87.650796333578 41.721345885031)
234d3b7000b0537ca008ffe89af93969ff66ec7561f2f678f621173d6b15a2c1a18aaa9f0f11f5d7d46ab050a1b3994cb375362881636a49fc3eb3f1642588b9,,08/13/2018 01:20:00 PM,30,TRAFFIC SIGNAL,FUNCTIONING PROPERLY,CLEAR,DAYLIGHT,REAR END,NOT DIVIDED,4,STRAIGHT AND LEVEL,DRY,NO DEFECTS,ON SCENE,INJURY AND / OR TOW DUE TO CRASH,,,,"OVER $1,500",08/13/2018 01:22:00 PM,FOLLOWING TOO CLOSELY,NOT APPLICABLE,6320,W,ADDISON ST,1633,,,,,,,3,"REPORTED, NOT EVIDENT",2,0,0,0,2,0,4,13,2,8,41.9457980218,-87.7846631209,POINT (-87.784663120916 41.945798021811)
6022d2986780c08ce7e1ca6461aeee2f333a37c43ca5bd05940404a8318817121da9949140b28d116b34e66824ebe659eee0e0bbca19b3089a543b700a7002e8,,08/10/2018 01:39:00 PM,30,TRAFFIC SIGNAL,FUNCTIONING PROPERLY,CLEAR,DAYLIGHT,TURNING,NOT DIVIDED,2,STRAIGHT AND LEVEL,DRY,NO DEFECTS,NOT ON SCENE (DESK REPORT),INJURY AND / OR TOW DUE TO CRASH,Y,,,"OVER $1,500",08/10/2018 04:00:00 PM,FAILING TO YIELD RIGHT-OF-WAY,NOT APPLICABLE,300,E,ROOSEVELT DR,114,,,,,,,2,NO INDICATION OF INJURY,0,0,0,0,0,0,2,13,6,8,41.8676234285,-87.6203323993,POINT (-87.62033239926 41.867623428526)
d03f3445339e23826f31dde2377421acf2700e5ee024078ecb68e686aac56b381c08a051ac2932435a8723fb3b32eecec37f6ce97c6fdb7640b700457ca52021,,08/09/2018 04:30:00 PM,30,NO CONTROLS,NO CONTROLS,CLEAR,DAYLIGHT,PARKED MOTOR VEHICLE,NOT DIVIDED,,STRAIGHT AND LEVEL,DRY,NO DEFECTS,NOT ON SCENE (DESK REPORT),INJURY AND / OR TOW DUE TO CRASH,,,Y,"$501 - $1,500",08/09/2018 09:00:00 PM,UNABLE TO DETERMINE,UNABLE TO DETERMINE,6717,S,HALSTED ST,723,,,,,,,2,INCAPACITATING INJURY,2,0,2,0,0,0,1,16,5,8,41.7719327341,-87.6444348497,POINT (-87.644434849745 41.771932734101)
352953563a69eaf149feb5952999fc175ad8b633b2db0f25c1ad88abb0a3c115909b18c615d3dcfa9014c712e935fdc383b70006aee7463296570ece8eae9cbd,,08/08/2018 11:47:00 PM,30,NO CONTROLS,NO CONTROLS,CLEAR,"DARKNESS, LIGHTED ROAD",SIDESWIPE SAME DIRECTION,NOT DIVIDED,1,STRAIGHT AND LEVEL,DRY,NO DEFECTS,ON SCENE,INJURY AND / OR TOW DUE TO CRASH,,,,"OVER $1,500",08/08/2018 11:50:00 PM,IMPROPER LANE USAGE,UNABLE TO DETERMINE,3300,S,CALIFORNIA AVE,911,,,,,,,2,NONINCAPACITATING INJURY,1,0,0,1,0,0,1,23,4,8,41.8336678549,-87.6950723481,POINT (-87.69507234811 41.833667854852)
e9ada091947ac27ace794503d21698b2dced32edabd5f70d7fd78128885f3b7003fca97736dccebddd388a4a4908ec15ac9510986bc8682aa5995e977a2d0012,,08/08/2018 11:30:00 AM,30,TRAFFIC SIGNAL,FUNCTIONING PROPERLY,CLEAR,DAYLIGHT,SIDESWIPE SAME DIRECTION,NOT DIVIDED,2,STRAIGHT AND LEVEL,DRY,NO DEFECTS,ON SCENE,INJURY AND / OR TOW DUE TO CRASH,,,Y,"$501 - $1,500",08/08/2018 11:48:00 AM,FOLLOWING TOO CLOSELY,IMPROPER OVERTAKING/PASSING,800,N,LAKE SHORE DR,1833,,,,,,,2,NO INDICATION OF INJURY,0,0,0,0,0,0,2,11,4,8,41.896828045,-87.6172077033,POINT (-87.617207703311 41.896828045009)
a36a28732291d0e24df915db86bfc355a9d816a487905a3ee9bb77e4bf0dc06c9f9dcf985accb17055b5c3c73a55bb3d11b14f42a2094b70049874f89cb6deb6,,08/07/2018 07:30:00 PM,30,NO CONTROLS,NO CONTROLS,CLEAR,"DARKNESS, LIGHTED ROAD",HEAD ON,ONE-WAY,,STRAIGHT AND LEVEL,DRY,NO DEFECTS,NOT ON SCENE (DESK REPORT),NO INJURY / DRIVE AWAY,,,,"OVER $1,500",08/09/2018 12:45:00 PM,UNABLE TO DETERMINE,UNABLE TO DETERMINE,40,E,OHIO ST,1834,,,,,,,2,NO INDICATION OF INJURY,0,0,0,0,0,0,2,19,3,8,41.8926119438,-87.6265944908,POINT (-87.62659449084 41.892611943825)
f76fe0e44595f5a696d79cc4842db2d78f0b0077e380f1099df76f3a24735f9bf29bf745e672b98fd2cb5cf20429d8cbf5ad2f7807bf88aeb70044b22c7cac50,,08/07/2018 11:45:00 AM,30,NO CONTROLS,NO CONTROLS,CLEAR,DAYLIGHT,HEAD ON,DIVIDED - W/MEDIAN (NOT RAISED),2,STRAIGHT AND LEVEL,DRY,NO DEFECTS,NOT ON SCENE (DESK REPORT),NO INJURY / DRIVE AWAY,,,,"OVER $1,500",08/07/2018 02:01:00 PM,IMPROPER BACKING,NOT APPLICABLE,5500,S,NEENAH AVE,811,,,,,,,2,NO INDICATION OF INJURY,0,0,0,0,0,0,2,11,3,8,41.7921786607,-87.7856137848,POINT (-87.785613784837 41.792178660688)
6b5f3ea14ab7fe0b23cc21cd18436c4f85d392a1872bcdcaa945142b03c81aa52544418ab700cb05a0f31cd01e859c47ee5f4aa70765eb1ceda793cb757b87a0,,08/06/2018 07:18:00 AM,20,NO CONTROLS,NO CONTROLS,CLEAR,DAYLIGHT,SIDESWIPE SAME DIRECTION,DIVIDED - W/MEDIAN (NOT RAISED),2,STRAIGHT AND LEVEL,DRY,UNKNOWN,NOT ON SCENE (DESK REPORT),NO INJURY / DRIVE AWAY,,,,"OVER $1,500",08/07/2018 05:53:00 PM,FAILING TO YIELD RIGHT-OF-WAY,NOT APPLICABLE,7600,S,LOOMIS BLVD,612,,,,,,,2,NO INDICATION OF INJURY,0,0,0,0,0,0,2,7,2,8,41.7557904573,-87.6588751223,POINT (-87.65887512225 41.755790457308)
d1f73ca3ed40ebc586eff21b9b5138346c39e6e97425cb700c9c621e2a141899c8b00255b36b090ef7ecf06f9ec764091906be883957d429635b37d7c61d3d86,,08/05/2018 01:00:00 AM,30,NO CONTROLS,NO CONTROLS,CLEAR,"DARKNESS, LIGHTED ROAD",PARKED MOTOR VEHICLE,NOT DIVIDED,2,STRAIGHT AND LEVEL,DRY,NO DEFECTS,,NO INJURY / DRIVE AWAY,,,Y,"OVER $1,500",08/06/2018 10:30:00 AM,NOT APPLICABLE,NOT APPLICABLE,1686,W,MAYPOLE AVE,1224,,,,,,,2,NO INDICATION OF INJURY,0,0,0,0,0,0,1,1,1,8,41.884331505,-87.6692629196,POINT (-87.669262919554 41.884331504954)
8e5b43a3a7800ecf9516f9603662cf5783b5cc4e1e42a28bb42b700fc20d7c881cf043578abfa5895da6db81008b0f3b1a403305740abca1145a7a9b5375bbf0,,08/04/2018 10:19:00 PM,30,TRAFFIC SIGNAL,FUNCTIONING PROPERLY,CLEAR,"DARKNESS, LIGHTED ROAD",TURNING,CENTER TURN LANE,4,STRAIGHT AND LEVEL,DRY,NO DEFECTS,ON SCENE,INJURY AND / OR TOW DUE TO CRASH,Y,,,"OVER $1,500",08/04/2018 10:20:00 PM,EXCEEDING SAFE SPEED FOR CONDITIONS,EXCEEDING AUTHORIZED SPEED LIMIT,500,W,ROOSEVELT RD,124,,N,,,,,2,NO INDICATION OF INJURY,0,0,0,0,0,0,6,22,7,8,41.8673626926,-87.6392931946,POINT (-87.639293194642 41.867362692617)
d60e71c09b700a9e21c532784c89980d7376788c5155b35466f39b71f38e874edf43135ac0b5b788da51e48d3073659786632bbd52935e2120e3afbbd6bdb53d,,08/03/2018 09:00:00 AM,30,NO CONTROLS,NO CONTROLS,CLEAR,DAYLIGHT,REAR END,NOT DIVIDED,,STRAIGHT AND LEVEL,DRY,NO DEFECTS,NOT ON SCENE (DESK REPORT),NO INJURY / DRIVE AWAY,,,,"OVER $1,500",08/03/2018 01:54:00 PM,DISTRACTION - FROM INSIDE VEHICLE,FAILING TO REDUCE SPEED TO AVOID CRASH,4233,W,GRAND AVE,2534,Y,,,,,,2,NO INDICATION OF INJURY,0,0,0,0,0,0,2,9,6,8,41.9085005027,-87.7326175775,POINT (-87.732617577501 41.908500502693)
0ee3ac8d0c09aa3973955db02046e3d81ab77dd69a7de7c776b8f07040a29fbcd55034376373f7c127053145ade541654fb7007a0617b81fcfe5cfd0bba9304d,,08/02/2018 03:55:00 PM,30,TRAFFIC SIGNAL,FUNCTIONING PROPERLY,CLEAR,DAYLIGHT,REAR END,DIVIDED - W/MEDIAN (NOT RAISED),,STRAIGHT AND LEVEL,DRY,NO DEFECTS,NOT ON SCENE (DESK REPORT),NO INJURY / DRIVE AWAY,,,Y,"OVER $1,500",08/02/2018 04:50:00 PM,UNABLE TO DETERMINE,NOT APPLICABLE,1211,N,HUMBOLDT DR,1423,,,,,,,2,NO INDICATION OF INJURY,0,0,0,0,0,0,2,15,5,8,41.9032054713,-87.7020804212,POINT (-87.702080421239 41.903205471303)
6d4ba5d66c04271f49326b354017c6d0c78f7b7009b8c6bd66e3ea7a9c0efb9cad7c9bf1e394e6bd0d5d0bdb85f8d8a2246617386416e159b810d77567e73531,Y,08/02/2018 08:50:00 AM,30,TRAFFIC SIGNAL,FUNCTIONING PROPERLY,CLEAR,DAYLIGHT,REAR END,NOT DIVIDED,,STRAIGHT AND LEVEL,DRY,NO DEFECTS,ON SCENE,NO INJURY / DRIVE AWAY,,,,"OVER $1,500",08/02/2018 10:40:00 AM,FOLLOWING TOO CLOSELY,UNABLE TO DETERMINE,401,N,KINGSBURY ST,1831,,,,,,,2,NO INDICATION OF INJURY,0,0,0,0,0,0,2,8,5,8,41.8891431632,-87.6379515388,POINT (-87.637951538772 41.88914316318)
0a39a616fbd8edfe126fd3ecee1a922148cbaf2ee6b25a141557f645c137bf694a989080eb700dc29464c03e1231efb20c42f4c1b305aa34c706dc4b2639eb18,,08/02/2018 12:00:00 AM,25,NO CONTROLS,NO CONTROLS,CLEAR,DARKNESS,PARKED MOTOR VEHICLE,PARKING LOT,,STRAIGHT AND LEVEL,DRY,UNKNOWN,NOT ON SCENE (DESK REPORT),NO INJURY / DRIVE AWAY,,,,"OVER $1,500",08/02/2018 08:22:00 PM,UNABLE TO DETERMINE,UNABLE TO DETERMINE,175,N,HARBOR DR,114,,,,,,,2,NO INDICATION OF INJURY,0,0,0,0,0,0,1,0,5,8,41.885663892,-87.6156250079,POINT (-87.615625007948 41.885663892016)
72bf8a4a2b3a4d91c691cce018fc69462e305c2a28d10d65e2224bc9f10c268952d5b700b4aadc5e4ebdde6eab9b79f053356424548c1cad793014a3259fb0de,,08/01/2018 06:25:00 PM,25,TRAFFIC SIGNAL,FUNCTIONING PROPERLY,CLEAR,DAYLIGHT,SIDESWIPE OPPOSITE DIRECTION,NOT DIVIDED,2,STRAIGHT AND LEVEL,DRY,UNKNOWN,NOT ON SCENE (DESK REPORT),INJURY AND / OR TOW DUE TO CRASH,,,,"$501 - $1,500",08/02/2018 04:45:00 PM,DISREGARDING ROAD MARKINGS,DRIVING SKILLS/KNOWLEDGE/EXPERIENCE,1602,S,CENTRAL PARK AVE,1014,,,,,,,2,"REPORTED, NOT EVIDENT",1,0,0,0,1,0,1,18,4,8,41.8588235044,-87.7153499867,POINT (-87.715349986703 41.858823504387)
ab416be267d669b547a1659f42e3753323b70085d700756cc056050ebcb2074e75b4644d6be6c85f29083a531e9de8970a7e0fe977262df587f8721b9cfe6a91,,08/01/2018 11:30:00 AM,30,TRAFFIC SIGNAL,FUNCTIONING PROPERLY,CLEAR,DAYLIGHT,REAR END,DIVIDED - W/MEDIAN BARRIER,,STRAIGHT AND LEVEL,DRY,UNKNOWN,,NO INJURY / DRIVE AWAY,,,Y,"OVER $1,500",08/01/2018 02:00:00 PM,UNABLE TO DETERMINE,FAILING TO REDUCE SPEED TO AVOID CRASH,800,E,71ST ST,321,,,,,,,2,NO INDICATION OF INJURY,0,0,0,0,0,0,2,11,4,8,41.7659788987,-87.6054638688,POINT (-87.605463868765 41.765978898721)
483eb7008f9ec151bbed39f00eb6d2a6dfd1e668eea983a8fae99d0d23af96c63a8fb16411fa38c202a9f96898b170b0a726200fe46cb5c7f9c41c7edb850ca7,,08/01/2018 05:30:00 AM,30,NO CONTROLS,NO CONTROLS,CLEAR,DAYLIGHT,SIDESWIPE SAME DIRECTION,ONE-WAY,3,STRAIGHT AND LEVEL,DRY,NO DEFECTS,NOT ON SCENE (DESK REPORT),NO INJURY / DRIVE AWAY,,,,"OVER $1,500",08/01/2018 06:50:00 AM,FAILING TO YIELD RIGHT-OF-WAY,FAILING TO YIELD RIGHT-OF-WAY,1955,S,CANALPORT AVE,1235,,,,,,,2,NO INDICATION OF INJURY,0,0,0,0,0,0,2,5,4,8,41.8558184492,-87.6436569319,POINT (-87.643656931931 41.855818449182)
490864738fb0f22bdec469cca6bea3b700909d552a0c3ad41fdc69a2b92f855de60afe40997406b78054d6bfb0f2201b4689631743f9f74ade42e26a0e1e62f8,,07/31/2018 08:54:00 AM,30,NO CONTROLS,UNKNOWN,CLEAR,DAYLIGHT,SIDESWIPE SAME DIRECTION,NOT DIVIDED,4,STRAIGHT AND LEVEL,DRY,UNKNOWN,NOT ON SCENE (DESK REPORT),NO INJURY / DRIVE AWAY,,,N,$500 OR LESS,07/31/2018 09:14:00 AM,FAILING TO YIELD RIGHT-OF-WAY,FAILING TO REDUCE SPEED TO AVOID CRASH,1451,S,MICHIGAN AVE,132,,,,,,,2,NO INDICATION OF INJURY,0,0,0,0,0,0,2,8,3,7,41.8626832962,-87.6238979838,POINT (-87.623897983845 41.862683296236)
9b3e3f690a746e333ce91785a5ec15e88330077c8ebd791d857a73731483b05f2d9e38276616c07f6b7008802e1f4a74a12256a4577c8da33302363778e13407,,07/30/2018 03:00:00 PM,30,NO CONTROLS,NO CONTROLS,CLEAR,DAYLIGHT,SIDESWIPE SAME DIRECTION,ONE-WAY,2,STRAIGHT AND LEVEL,DRY,NO DEFECTS,NOT ON SCENE (DESK REPORT),NO INJURY / DRIVE AWAY,,,,"OVER $1,500",07/30/2018 03:40:00 PM,DISTRACTION - FROM INSIDE VEHICLE,UNABLE TO DETERMINE,195,W,RANDOLPH ST,122,,,,,,,2,NO INDICATION OF INJURY,0,0,0,0,0,0,3,15,2,7,41.8843599423,-87.6338213824,POINT (-87.633821382385 41.884359942311)
3dd3aba13b700a01431474077bc20bbf0a3cfa701af26f97cead623597187b819c4d05d692414b942adcae14bfc4855ae131d42eb6e609baf8fb14f4f87b26e2,,07/29/2018 09:00:00 AM,25,NO CONTROLS,NO CONTROLS,CLEAR,DAYLIGHT,PARKED MOTOR VEHICLE,ONE-WAY,,STRAIGHT AND LEVEL,DRY,NO DEFECTS,NOT ON SCENE (DESK REPORT),NO INJURY / DRIVE AWAY,,,,"OVER $1,500",07/31/2018 08:14:00 AM,UNABLE TO DETERMINE,UNABLE TO DETERMINE,1244,S,SPAULDING AVE,1021,,,,,,,2,NO INDICATION OF INJURY,0,0,0,0,0,0,1,9,1,7,41.8649883458,-87.70821042,POINT (-87.708210419966 41.864988345798)
6ca996c8ed25c051660d6c6a963419d9da505b70033caf295ff2f1c05ece9ff607450a9e1102411543b034288b4fc7fb17ff5c1f42fe214225cd7c90688629f0,,07/27/2018 10:52:00 AM,30,TRAFFIC SIGNAL,FUNCTIONING PROPERLY,CLEAR,DAYLIGHT,PARKED MOTOR VEHICLE,NOT DIVIDED,,STRAIGHT AND LEVEL,DRY,NO DEFECTS,ON SCENE,INJURY AND / OR TOW DUE TO CRASH,Y,,,"OVER $1,500",07/27/2018 11:02:00 AM,DRIVING SKILLS/KNOWLEDGE/EXPERIENCE,UNABLE TO DETERMINE,5537,W,WASHINGTON BLVD,1522,,,,,,,2,NO INDICATION OF INJURY,0,0,0,0,0,0,1,10,6,7,41.8821351795,-87.7648406051,POINT (-87.764840605148 41.882135179511)
4a86f68370d83c0ae737482d69d6dea91b1ee9fd3ff8a071e22282635daa631e4a5bbbfc445e84c3a73d05654f88cbffd6b7001ab34106f5096d4328f90893e3,,07/27/2018 09:35:00 AM,30,STOP SIGN/FLASHER,FUNCTIONING PROPERLY,CLEAR,DAYLIGHT,REAR END,DIVIDED - W/MEDIAN (NOT RAISED),2,STRAIGHT AND LEVEL,DRY,NO DEFECTS,NOT ON SCENE (DESK REPORT),NO INJURY / DRIVE AWAY,,,,"OVER $1,500",07/27/2018 09:55:00 AM,FOLLOWING TOO CLOSELY,FOLLOWING TOO CLOSELY,1400,S,INDIANA AVE,132,,,,,,,2,NO INDICATION OF INJURY,0,0,0,0,0,0,2,9,6,7,41.8640266649,-87.622620427,POINT (-87.622620426994 41.864026664933)
ff2af9566606a1f125ada3472cc971182429633c91123ae7a3bbb3b700d71641bb0166cba0f370c0571eb165677560922e2275fc2cab8b8e7fd028922dd68bd5,,07/24/2018 06:30:00 AM,20,NO CONTROLS,NO CONTROLS,CLEAR,DAYLIGHT,SIDESWIPE SAME DIRECTION,ONE-WAY,,STRAIGHT AND LEVEL,DRY,NO DEFECTS,NOT ON SCENE (DESK REPORT),NO INJURY / DRIVE AWAY,,,,"$501 - $1,500",07/24/2018 09:10:00 AM,UNABLE TO DETERMINE,IMPROPER OVERTAKING/PASSING,8418,S,INGLESIDE AVE,632,,,,,,,2,NO INDICATION OF INJURY,0,0,0,0,0,0,2,6,3,7,41.7416071248,-87.601468956,POINT (-87.601468956049 41.741607124793)
2d8edcc5066efeba59057706dd61aa0c08dffd89908da5fb75d55f2159a7082cee4a70e60f0b70028dfca937de089da51c188a3bbb14c0187c273d1e28f24006,,07/23/2018 05:51:00 PM,0,NO CONTROLS,NO CONTROLS,CLEAR,DAYLIGHT,FIXED OBJECT,ALLEY,,STRAIGHT AND LEVEL,DRY,NO DEFECTS,ON SCENE,NO INJURY / DRIVE AWAY,,,,$500 OR LESS,07/23/2018 05:54:00 PM,UNABLE TO DETERMINE,NOT APPLICABLE,8115,S,THROOP ST,613,,,,,,,3,NO INDICATION OF INJURY,0,0,0,0,0,0,1,17,2,7,41.7463368569,-87.655906892,POINT (-87.655906891972 41.746336856925)
3822c12270c5a377a965988940a97b5c468ae56bf9b700d7c22290e8c92ededd19571963097347b3ad70fd306da4fd5109fd6191b72670383a763a5078690fc6,,07/22/2018 08:30:00 AM,30,TRAFFIC SIGNAL,FUNCTIONING PROPERLY,CLEAR,DAYLIGHT,REAR END,NOT DIVIDED,4,STRAIGHT AND LEVEL,DRY,NO DEFECTS,NOT ON SCENE (DESK REPORT),NO INJURY / DRIVE AWAY,,,,"OVER $1,500",07/22/2018 03:00:00 PM,FOLLOWING TOO CLOSELY,FOLLOWING TOO CLOSELY,200,W,GARFIELD BLVD,225,,,,,,,2,NO INDICATION OF INJURY,0,0,0,0,0,0,2,8,1,7,41.7946703847,-87.6305474761,POINT (-87.630547476056 41.794670384689)
034157e6d8f553f7af622708babd20713a339646d4f7b48b2b18ca14aaa17a4586549944d5b69c574fd62fdfab70086174299e8acf92ff59b792af0258a4042b,,07/21/2018 04:40:00 PM,30,NO CONTROLS,NO CONTROLS,CLEAR,DAYLIGHT,PARKED MOTOR VEHICLE,NOT DIVIDED,,STRAIGHT AND LEVEL,DRY,NO DEFECTS,NOT ON SCENE (DESK REPORT),NO INJURY / DRIVE AWAY,,,Y,"$501 - $1,500",07/21/2018 07:00:00 PM,UNABLE TO DETERMINE,UNABLE TO DETERMINE,7506,S,YATES BLVD,414,,,,,,,2,NO INDICATION OF INJURY,0,0,0,0,0,0,5,16,7,7,41.7587242938,-87.5665143616,POINT (-87.566514361612 41.758724293815)
9d0bca72e8b76c1a3bb1a2b195f3dfbb7002008d0d07d7c7113b001fc8fe3e97e2957b391ba69aaf0d4ad6f40d87fb307fb9cc0a1aea41c98bb2ec5f32f113de,,07/21/2018 09:40:00 AM,15,NO CONTROLS,NO CONTROLS,CLOUDY/OVERCAST,DAYLIGHT,FIXED OBJECT,ALLEY,1,STRAIGHT AND LEVEL,WET,NO DEFECTS,ON SCENE,NO INJURY / DRIVE AWAY,,Y,Y,$500 OR LESS,07/21/2018 09:41:00 AM,IMPROPER BACKING,HAD BEEN DRINKING (USE WHEN ARREST IS NOT MADE),3348,W,IOWA ST,1121,,,,,,,1,NO INDICATION OF INJURY,0,0,0,0,0,0,2,9,7,7,41.897456379,-87.7108536417,POINT (-87.710853641711 41.897456379044)
9bb6d4ac625acddbb0928ae8ea7db434658b7cd95bc8279e59d504af47b21446f5b741a0e58c31e791e0d2cc1b700ad692f739c2278a35a35085a4a1278b2dbf,Y,07/21/2018 04:00:00 AM,30,NO CONTROLS,NO CONTROLS,RAIN,"DARKNESS, LIGHTED ROAD",PARKED MOTOR VEHICLE,NOT DIVIDED,1,STRAIGHT AND LEVEL,WET,NO DEFECTS,,INJURY AND / OR TOW DUE TO CRASH,,,Y,"OVER $1,500",07/21/2018 05:23:00 AM,UNABLE TO DETERMINE,NOT APPLICABLE,3917,W,59TH PL,822,,,,,,,3,NO INDICATION OF INJURY,0,0,0,0,0,0,1,4,7,7,41.784946491,-87.7211663028,POINT (-87.721166302752 41.78494649104)
d8bf0b235b03dded4d231d28b907e5376879fc74cc0e3987a338be9c14fda586da451eb15e25fb2469a1cc90344e670bfa5606eceac69e05d833b70096c0e61e,,07/20/2018 06:00:00 PM,30,NO CONTROLS,NO CONTROLS,RAIN,DAYLIGHT,REAR END,NOT DIVIDED,,STRAIGHT AND LEVEL,WET,UNKNOWN,NOT ON SCENE (DESK REPORT),NO INJURY / DRIVE AWAY,,,,$500 OR LESS,07/20/2018 07:07:00 PM,UNABLE TO DETERMINE,UNABLE TO DETERMINE,6032,W,55TH ST,811,,,,,,,2,NO INDICATION OF INJURY,0,0,0,0,0,0,3,18,6,7,41.7926275079,-87.7733482273,POINT (-87.773348227297 41.792627507907)
5783aa230afef2633a1230740f0c79324dff0e8a7d58e27c4fbdbd557076957f76eb700838bb6792a7e9f49284882415cd6cd55e22569b9824708b1b3a0c4dc5,,07/18/2018 05:15:00 PM,30,UNKNOWN,UNKNOWN,CLEAR,DAYLIGHT,PEDESTRIAN,UNKNOWN,,STRAIGHT AND LEVEL,DRY,UNKNOWN,NOT ON SCENE (DESK REPORT),INJURY AND / OR TOW DUE TO CRASH,,,Y,"OVER $1,500",07/18/2018 08:55:00 PM,EXCEEDING AUTHORIZED SPEED LIMIT,NOT APPLICABLE,204,S,CLARK ST,122,,,,,,,2,NONINCAPACITATING INJURY,1,0,0,1,0,0,1,17,4,7,41.8792547361,-87.6309625156,POINT (-87.630962515607 41.879254736104)