CRASH_RECORD_ID,CRASH_DATE_EST_I,CRASH_DATE,POSTED_SPEED_LIMIT,TRAFFIC_CONTROL_DEVICE,DEVICE_CONDITION,WEATHER_CONDITION,LIGHTING_CONDITION,FIRST_CRASH_TYPE,TRAFFICWAY_TYPE,LANE_CNT,ALIGNMENT,ROADWAY_SURFACE_COND,ROAD_DEFECT,REPORT_TYPE,CRASH_TYPE,INTERSECTION_RELATED_I,NOT_RIGHT_OF_WAY_I,HIT_AND_RUN_I,DAMAGE,DATE_POLICE_NOTIFIED,PRIM_CONTRIBUTORY_CAUSE,SEC_CONTRIBUTORY_CAUSE,STREET_NO,STREET_DIRECTION,STREET_NAME,BEAT_OF_OCCURRENCE,PHOTOS_TAKEN_I,STATEMENTS_TAKEN_I,DOORING_I,WORK_ZONE_I,WORK_ZONE_TYPE,WORKERS_PRESENT_I,NUM_UNITS,MOST_SEVERE_INJURY,INJURIES_TOTAL,INJURIES_FATAL,INJURIES_INCAPACITATING,INJURIES_NON_INCAPACITATING,INJURIES_REPORTED_NOT_EVIDENT,INJURIES_UNKNOWN,INJURIES_NO_INDICATION,CRASH_HOUR,CRASH_DAY_OF_WEEK,CRASH_MONTH,LATITUDE,LONGITUDE,LOCATION
e70188090ab0322c574282f0058d77736bc4fca5b964b7b7d6572294dd609b25eae218b848687abce485c8fa985da42194b86d0796d2123fe0d02f092b700d7c,,07/18/2018 03:25:00 PM,25,NO CONTROLS,NO CONTROLS,CLEAR,DAYLIGHT,FIXED OBJECT,DIVIDED - W/MEDIAN (NOT RAISED),2,STRAIGHT AND LEVEL,DRY,NO DEFECTS,ON SCENE,NO INJURY / DRIVE AWAY,,Y,,"$501 - $1,500",07/18/2018 04:04:00 PM,"VISION OBSCURED (SIGNS, TREE LIMBS, BUILDINGS, ETC.)",UNABLE TO DETERMINE,2433,N,LINCOLN AVE,1935,,,,,,,1,NO INDICATION OF INJURY,0,0,0,0,0,0,1,15,4,7,41.9262408491,-87.6496626449,POINT (-87.649662644864 41.926240849122)
c1ffdf4f27ff0c311e8bcb66999e9463673eb3ee207353c5301af703531b70035a8937a5365ba6e225afde54ef7a9248bb10051b71067a8b8b0f671eac31a0bf,,07/17/2018 05:15:00 PM,30,TRAFFIC SIGNAL,FUNCTIONING PROPERLY,CLEAR,DAYLIGHT,REAR END,DIVIDED - W/MEDIAN (NOT RAISED),,STRAIGHT AND LEVEL,DRY,UNKNOWN,NOT ON SCENE (DESK REPORT),NO INJURY / DRIVE AWAY,,,,"$501 - $1,500",07/17/2018 05:48:00 PM,FOLLOWING TOO CLOSELY,NOT APPLICABLE,4700,W,IRVING PARK RD,1722,,,,,,,2,NO INDICATION OF INJURY,0,0,0,0,0,0,2,17,3,7,41.9535543273,-87.7456675512,POINT (-87.745667551162 41.953554327295)
a86730082080de4378ea766c0b6088f2f00e8c787adf720a79b700f695b3ed5af48398d10214f5a79c5b57db32a68a97e1c53b6279c48cf8d1dae5d84d4e0a1f,,07/15/2018 03:45:00 PM,30,UNKNOWN,UNKNOWN,CLEAR,DAYLIGHT,SIDESWIPE SAME DIRECTION,ONE-WAY,,STRAIGHT AND LEVEL,DRY,UNKNOWN,NOT ON SCENE (DESK REPORT),NO INJURY / DRIVE AWAY,,,,"OVER $1,500",07/15/2018 04:01:00 PM,UNABLE TO DETERMINE,NOT APPLICABLE,1608,N,NEW ENGLAND AVE,2513,,,,,,,2,NO INDICATION OF INJURY,0,0,0,0,0,0,2,15,1,7,41.9093075489,-87.7973622977,POINT (-87.797362297714 41.909307548906)
4ad593791c371d293f86dc3997b2b8f8e83fff17265ba8d790507e1a8775d0c0e013f0a6543a3ad79d4e69b8124f57097db700863377deaec94089678177c25f,,07/14/2018 02:20:00 PM,5,NO CONTROLS,NO CONTROLS,CLEAR,DAYLIGHT,REAR END,OTHER,,STRAIGHT AND LEVEL,DRY,UNKNOWN,NOT ON SCENE (DESK REPORT),NO INJURY / DRIVE AWAY,,Y,,$500 OR LESS,07/15/2018 01:24:00 PM,IMPROPER BACKING,IMPROPER BACKING,1951,N,WESTERN AVE,1434,,,,,,,2,NO INDICATION OF INJURY,0,0,0,0,0,0,2,14,7,7,41.917103631,-87.687248767,POINT (-87.687248767006 41.917103631009)
41b4617d4bcc82ea29e0161ffee968d044910eb3ad01f6a0303807a6afab4105af1437ddc0e70feb7a75254e84167cf2d3d47670ec7036fdf7cdbf04b700e38c,,07/13/2018 02:20:00 PM,30,TRAFFIC SIGNAL,FUNCTIONING PROPERLY,CLEAR,DAYLIGHT,REAR END,NOT DIVIDED,2,STRAIGHT AND LEVEL,DRY,NO DEFECTS,NOT ON SCENE (DESK REPORT),NO INJURY / DRIVE AWAY,,,,"OVER $1,500",07/13/2018 03:25:00 PM,DISREGARDING TRAFFIC SIGNALS,DISREGARDING TRAFFIC SIGNALS,1498,E,103RD ST,511,,,,,,,2,NO INDICATION OF INJURY,0,0,0,0,0,0,2,14,6,7,41.7078542783,-87.5873904781,POINT (-87.587390478052 41.707854278338)
27e70f3e97ffbea1ad0a76379d6fec5a8676f5d0b700631b3e4ec9d192adf1b0c1e8bad7eed7fee83cdfd9f53ea9faed8d728cf96aa9a1d6483661af5017e21b,,07/12/2018 12:00:00 PM,30,STOP SIGN/FLASHER,FUNCTIONING PROPERLY,CLEAR,DAYLIGHT,PEDALCYCLIST,NOT DIVIDED,2,STRAIGHT AND LEVEL,DRY,NO DEFECTS,ON SCENE,INJURY AND / OR TOW DUE TO CRASH,Y,,,$500 OR LESS,07/12/2018 12:01:00 PM,UNABLE TO DETERMINE,UNABLE TO DETERMINE,2057,W,ADDISON ST,1921,,,,,,,2,NONINCAPACITATING INJURY,1,0,0,1,0,0,1,12,5,7,41.9467236634,-87.6808337809,POINT (-87.680833780866 41.946723663368)
a399efeff10f2d07f68568982645639d4d0ae182001dd2a9a6bb700f7c4c3af969b350fcac814364d942f85696a941e9a22092f91bf6e3cdfe4b9ee609396237,,07/10/2018 10:00:00 PM,30,UNKNOWN,UNKNOWN,UNKNOWN,UNKNOWN,PEDALCYCLIST,NOT DIVIDED,2,STRAIGHT AND LEVEL,UNKNOWN,UNKNOWN,NOT ON SCENE (DESK REPORT),NO INJURY / DRIVE AWAY,,,Y,"OVER $1,500",07/12/2018 09:20:00 PM,UNABLE TO DETERMINE,NOT APPLICABLE,4040,N,SHERIDAN RD,1915,,,,,,,2,NO INDICATION OF INJURY,0,0,0,0,0,0,1,22,3,7,41.9556850173,-87.6547251281,POINT (-87.654725128106 41.955685017276)
7ec22838353d9f3daa9b8531eadc5646b700fd13c07b352519f5b9647a62fe935ca497095b759c39ecf31db4453ab33510c41c812e4cfdb3c110c781322423f6,,07/10/2018 11:30:00 AM,30,TRAFFIC SIGNAL,FUNCTIONING PROPERLY,CLEAR,DAYLIGHT,REAR END,DIVIDED - W/MEDIAN BARRIER,8,STRAIGHT AND LEVEL,DRY,NO DEFECTS,ON SCENE,INJURY AND / OR TOW DUE TO CRASH,Y,,,"OVER $1,500",07/10/2018 11:32:00 AM,DISTRACTION - FROM OUTSIDE VEHICLE,DRIVING SKILLS/KNOWLEDGE/EXPERIENCE,9058,S,STONY ISLAND AVE,413,,,,,,,2,NO INDICATION OF INJURY,0,0,0,0,0,0,2,11,3,7,41.7297099196,-87.5856390378,POINT (-87.585639037801 41.729709919612)
01fb34c32f2351b122148e339893f4b8aa636f37415f1394824f2e876e8df0399bf411b80df7dc4e703020592c2486d7f7aa7f473231d215cb700eb0965a62cf,,07/08/2018 05:25:00 PM,30,STOP SIGN/FLASHER,FUNCTIONING PROPERLY,CLEAR,DAYLIGHT,ANGLE,DIVIDED - W/MEDIAN (NOT RAISED),2,STRAIGHT AND LEVEL,DRY,NO DEFECTS,ON SCENE,INJURY AND / OR TOW DUE TO CRASH,N,,Y,"OVER $1,500",07/08/2018 05:35:00 PM,DISREGARDING STOP SIGN,FAILING TO YIELD RIGHT-OF-WAY,2059,W,21ST PL,1234,,,,,,,2,NO INDICATION OF INJURY,0,0,0,0,0,0,2,17,1,7,41.852951369,-87.6781933149,POINT (-87.678193314901 41.852951368971)
634da4b700214ff1f4a93560892e37abce4acd298b487a75d2b4e883a6aa213306f96f5f740a83289ecc701a685237f52f4b26c111a192e308ff8c1c8b12c162,,07/06/2018 05:55:00 PM,20,UNKNOWN,UNKNOWN,CLEAR,DAYLIGHT,SIDESWIPE SAME DIRECTION,PARKING LOT,,STRAIGHT AND LEVEL,DRY,NO DEFECTS,NOT ON SCENE (DESK REPORT),NO INJURY / DRIVE AWAY,,,,"OVER $1,500",07/07/2018 12:12:00 AM,UNABLE TO DETERMINE,UNABLE TO DETERMINE,7858,S,ASHLAND AVE,611,,,,,,,2,NO INDICATION OF INJURY,0,0,0,0,0,0,2,17,6,7,41.7504445465,-87.6635876027,POINT (-87.663587602693 41.750444546457)
678bc65f01be8ee47e8b700da4787d7fe01bf866bee2c80b66f675c10f73432f6718849e088880245918c3f430e0a259d945b755667799d8237cfe3bb410a362,,07/05/2018 12:40:00 AM,30,NO CONTROLS,NO CONTROLS,RAIN,"DARKNESS, LIGHTED ROAD",SIDESWIPE SAME DIRECTION,NOT DIVIDED,2,STRAIGHT AND LEVEL,WET,NO DEFECTS,ON SCENE,INJURY AND / OR TOW DUE TO CRASH,,,,"OVER $1,500",07/05/2018 12:40:00 AM,FAILING TO YIELD RIGHT-OF-WAY,DRIVING ON WRONG SIDE/WRONG WAY,7055,S,DR MARTIN LUTHER KING JR DR,322,,,,,,,2,NO INDICATION OF INJURY,0,0,0,0,0,0,3,0,5,7,41.7658801572,-87.6151181202,POINT (-87.61511812016 41.765880157239)
745c64b9228ff59051c98792631e46b7000f3e4dec31da3a5eac5ef837b7761c8805c821943ca58044242cd4ef24b7913addd620f799ca6679beacf94e75e2a0,,07/03/2018 03:00:00 PM,25,NO CONTROLS,NO CONTROLS,CLEAR,DAYLIGHT,PARKED MOTOR VEHICLE,NOT DIVIDED,2,STRAIGHT ON HILLCREST,DRY,NO DEFECTS,ON SCENE,NO INJURY / DRIVE AWAY,,,Y,"$501 - $1,500",07/03/2018 03:05:00 PM,DRIVING SKILLS/KNOWLEDGE/EXPERIENCE,UNABLE TO DETERMINE,700,E,73RD ST,323,,,,,,,2,NO INDICATION OF INJURY,0,0,0,0,0,0,1,15,3,7,41.7622982476,-87.6078694519,POINT (-87.60786945193 41.762298247638)
9c217974ca21f6c50e9d79894ec80d79efafee205320d1528130203cdbaa6ac6b7004282617e55ba86ef10e8948209cc6e359867227614b701ec05b515f29ba2,,07/03/2018 02:00:00 PM,30,NO CONTROLS,NO CONTROLS,CLEAR,DAYLIGHT,SIDESWIPE SAME DIRECTION,NOT DIVIDED,,STRAIGHT AND LEVEL,DRY,NO DEFECTS,NOT ON SCENE (DESK REPORT),NO INJURY / DRIVE AWAY,,,,"OVER $1,500",07/03/2018 02:25:00 PM,FAILING TO YIELD RIGHT-OF-WAY,NOT APPLICABLE,6844,W,DIVERSEY AVE,2511,,,,,,,2,NO INDICATION OF INJURY,0,0,0,0,0,0,2,14,3,7,41.9309703582,-87.7973059429,POINT (-87.797305942869 41.930970358237)
228f0cf0abf07323392c5b07a8b7003427b4561985467496513c269d8a84c7bbe235586a41beac763d007166c5a540cb129638784d7c59961d5c1a9b973e7b70,,07/03/2018 09:15:00 AM,35,NO CONTROLS,NO CONTROLS,CLEAR,DAYLIGHT,PARKED MOTOR VEHICLE,NOT DIVIDED,,STRAIGHT AND LEVEL,DRY,NO DEFECTS,NOT ON SCENE (DESK REPORT),NO INJURY / DRIVE AWAY,,,N,"OVER $1,500",07/03/2018 09:32:00 AM,UNABLE TO DETERMINE,NOT APPLICABLE,1134,N,HAMLIN AVE,1112,,,,,,,2,NO INDICATION OF INJURY,0,0,0,0,0,0,1,9,3,7,41.901939622,-87.7215535718,POINT (-87.721553571821 41.901939622015)
329bc91202ec1ab4095471e066c3c56dba629fb667170f9b4f634ec2eef323a53065aeadad8db7fd188e358e11b70071731662fa69fb5db86e5c751807f6ff72,,07/02/2018 04:15:00 PM,30,NO CONTROLS,NO CONTROLS,CLEAR,DAYLIGHT,REAR END,NOT DIVIDED,,STRAIGHT AND LEVEL,DRY,NO DEFECTS,NOT ON SCENE (DESK REPORT),NO INJURY / DRIVE AWAY,,,,"$501 - $1,500",07/02/2018 04:30:00 PM,UNABLE TO DETERMINE,NOT APPLICABLE,6900,S,LAFLIN ST,734,,,,,,,2,NO INDICATION OF INJURY,0,0,0,0,0,0,2,16,2,7,41.76849324,-87.6616361587,POINT (-87.661636158662 41.768493239952)
ebb02eedc5e8d499a2a41a4234f44415e478b54f994f6b10552c4708590d81b60b70038055efcad8bbdc6cdd34f175ff409171aef46bdddefd940729d471166f,,07/02/2018 02:30:00 PM,30,NO CONTROLS,NO CONTROLS,CLEAR,DAYLIGHT,PARKED MOTOR VEHICLE,DIVIDED - W/MEDIAN (NOT RAISED),2,STRAIGHT AND LEVEL,DRY,NO DEFECTS,NOT ON SCENE (DESK REPORT),NO INJURY / DRIVE AWAY,,,,$500 OR LESS,07/02/2018 03:40:00 PM,UNABLE TO DETERMINE,UNABLE TO DETERMINE,4415,S,WOLCOTT AVE,924,,,,,,,2,NO INDICATION OF INJURY,0,0,0,0,0,0,2,14,2,7,41.8135097906,-87.6722385646,POINT (-87.672238564641 41.813509790637)
b8b831f759824a76aae8263c1cf7d26deef9d71f5e393752061a8621404f7b4b0140f5827e97383e58e5f676c284dae66a7e27a966f396b700eb2397dc3e81cf,,07/01/2018 08:25:00 PM,35,NO CONTROLS,NO CONTROLS,CLEAR,DAWN,PEDESTRIAN,DIVIDED - W/MEDIAN BARRIER,,STRAIGHT AND LEVEL,DRY,NO DEFECTS,ON SCENE,INJURY AND / OR TOW DUE TO CRASH,,,,$500 OR LESS,07/01/2018 08:48:00 PM,NOT APPLICABLE,NOT APPLICABLE,3512,W,79TH ST,835,,,,,,,2,NONINCAPACITATING INJURY,1,0,0,1,0,0,1,20,1,7,41.7498589332,-87.7102593256,POINT (-87.710259325595 41.749858933166)
3aa50d704abd8fe4a28f3d1f07026a3014d8616c95baea4b76c4bda4887736725c0b928ba19af0c7faa4bdaac6b700dfed44be1e11f1bd03ba9c9b02033ef547,,06/30/2018 10:27:00 PM,30,STOP SIGN/FLASHER,FUNCTIONING PROPERLY,CLEAR,DARKNESS,ANGLE,NOT DIVIDED,2,STRAIGHT AND LEVEL,DRY,NO DEFECTS,NOT ON SCENE (DESK REPORT),INJURY AND / OR TOW DUE TO CRASH,Y,,,"OVER $1,500",06/30/2018 10:30:00 PM,FAILING TO YIELD RIGHT-OF-WAY,FAILING TO YIELD RIGHT-OF-WAY,6300,S,VERNON AVE,312,,,,,,,2,NO INDICATION OF INJURY,0,0,0,0,0,0,2,22,7,6,41.7801680427,-87.6145559297,POINT (-87.614555929706 41.780168042655)
bb70087aaef3275f98c85ce5d1d309730b2b4965f5d6e3d1c303740bcaf859888234c879c565c1ac72f005a10b596e7044b26409764cbf410e34b74ba28b31c8,,06/29/2018 11:20:00 AM,10,NO CONTROLS,NO CONTROLS,CLEAR,"DARKNESS, LIGHTED ROAD",PARKED MOTOR VEHICLE,PARKING LOT,1,STRAIGHT AND LEVEL,DRY,NO DEFECTS,NOT ON SCENE (DESK REPORT),NO INJURY / DRIVE AWAY,,,,"$501 - $1,500",06/29/2018 01:20:00 PM,IMPROPER BACKING,UNABLE TO DETERMINE,1614,W,HARRISON ST,1231,,,,,,,2,NO INDICATION OF INJURY,0,0,0,0,0,0,1,11,6,6,41.8742998587,-87.6673456744,POINT (-87.667345674397 41.874299858703)
031b700e7f114901e75646db8a26dc98ff558721f9a2081de9c8e45b262484d79e3a9c805e5169c4a208ca0541122e2bd3db100fd047a41c684a6ba4169d54a2,,06/27/2018 10:15:00 AM,30,NO CONTROLS,NO CONTROLS,CLEAR,DAYLIGHT,PARKED MOTOR VEHICLE,PARKING LOT,1,STRAIGHT AND LEVEL,DRY,NO DEFECTS,NOT ON SCENE (DESK REPORT),NO INJURY / DRIVE AWAY,,,,"OVER $1,500",06/27/2018 06:30:00 PM,UNABLE TO DETERMINE,UNABLE TO DETERMINE,810,W,NORTH AVE,1813,,,,,,,2,NO INDICATION OF INJURY,0,0,0,0,0,0,1,10,4,6,41.9110225779,-87.6487615189,POINT (-87.648761518914 41.911022577924)
6ff1d88fd01ded147fff98b6f4b266a0a7fc59da26cae3a60f71a70205da4dcc34b25470df96baddf44fc4cfb700aa0d7bdfdd83144e95940880ebcf91b7de3c,,06/23/2018 02:00:00 PM,35,TRAFFIC SIGNAL,FUNCTIONING PROPERLY,CLEAR,DAYLIGHT,FIXED OBJECT,DIVIDED - W/MEDIAN (NOT RAISED),4,STRAIGHT AND LEVEL,DRY,NO DEFECTS,NOT ON SCENE (DESK REPORT),NO INJURY / DRIVE AWAY,,,,"OVER $1,500",06/23/2018 04:05:00 PM,UNABLE TO DETERMINE,NOT APPLICABLE,13556,S,TORRENCE AVE,434,,,,,,,1,NO INDICATION OF INJURY,0,0,0,0,0,0,1,14,7,6,41.6483494266,-87.5594422018,POINT (-87.559442201779 41.648349426641)
dd10cd6bb7006d1d49ecfcf1e96cd5fa11d663219a70b9912bb509ca981d7d42dc3f64f7ad12bc733d59550bbd12118144d3911ba512877a8deefe9f2791fefe,,06/20/2018 03:28:00 PM,30,TRAFFIC SIGNAL,FUNCTIONING PROPERLY,CLEAR,DAYLIGHT,REAR END,DIVIDED - W/MEDIAN (NOT RAISED),,STRAIGHT AND LEVEL,DRY,NO DEFECTS,ON SCENE,INJURY AND / OR TOW DUE TO CRASH,,,Y,$500 OR LESS,06/20/2018 03:30:00 PM,FOLLOWING TOO CLOSELY,FAILING TO REDUCE SPEED TO AVOID CRASH,200,N,MICHIGAN AVE,111,,Y,,,,,2,NONINCAPACITATING INJURY,3,0,0,3,0,0,1,15,4,6,41.8858015463,-87.6246597711,POINT (-87.624659771063 41.885801546318)
d772f05646204723ca7d7230bba4275bdf9c3a9480a796b75fdfb92068df41d7d8b700f5ad6d40802add5633e56c3465457c062fb5904e0093cbf4184ed2a5fd,,06/15/2018 03:50:00 PM,30,TRAFFIC SIGNAL,NO CONTROLS,CLEAR,DAYLIGHT,TURNING,NOT DIVIDED,,STRAIGHT AND LEVEL,DRY,NO DEFECTS,NOT ON SCENE (DESK REPORT),NO INJURY / DRIVE AWAY,Y,,,"OVER $1,500",06/15/2018 04:10:00 PM,UNABLE TO DETERMINE,UNABLE TO DETERMINE,2501,S,ARCHER AVE,913,,,,,,,2,NO INDICATION OF INJURY,0,0,0,0,0,0,2,15,6,6,41.8470808327,-87.6464577026,POINT (-87.646457702574 41.847080832688)
e9a2b9dfc59c9015bd23b86fd520b6ac3548c1c0ae9abb154fd63d32537aa65cedd90cf13b7000338eea874f098b72c48628a742b2670b765e71b06982089737,,06/14/2018 03:57:00 PM,30,TRAFFIC SIGNAL,FUNCTIONING PROPERLY,CLEAR,DAYLIGHT,TURNING,NOT DIVIDED,4,STRAIGHT AND LEVEL,DRY,NO DEFECTS,NOT ON SCENE (DESK REPORT),INJURY AND / OR TOW DUE TO CRASH,Y,,,"OVER $1,500",06/14/2018 06:23:00 PM,FAILING TO YIELD RIGHT-OF-WAY,IMPROPER TURNING/NO SIGNAL,5329,S,ARCHER AVE,815,,,,,,,2,NONINCAPACITATING INJURY,1,0,0,1,0,0,1,15,5,6,41.7988846308,-87.7408352649,POINT (-87.74083526488 41.798884630822)
cb63b9288e1f99aca209b3cec340ae5d6fe2059a9bda2b7008fb9933887c03a13984237af508df276db9280bb5eb0f32a36b0e2fda38f950c39383056ef12f15,,06/14/2018 05:00:00 AM,30,NO CONTROLS,NO CONTROLS,CLEAR,DAWN,SIDESWIPE SAME DIRECTION,DIVIDED - W/MEDIAN BARRIER,4,STRAIGHT AND LEVEL,DRY,NO DEFECTS,NOT ON SCENE (DESK REPORT),NO INJURY / DRIVE AWAY,,,,"OVER $1,500",06/14/2018 05:20:00 AM,FAILING TO YIELD RIGHT-OF-WAY,FAILING TO YIELD RIGHT-OF-WAY,700,N,MICHIGAN AVE,1834,,,,,,,2,NO INDICATION OF INJURY,0,0,0,0,0,0,2,5,5,6,41.8949795111,-87.6243999705,POINT (-87.624399970455 41.8949795111)
f5db700cfb28a4d20557127b2b843ed371f4946149aa072c6bb9880010bf1cdb0b193edc20f3312ae83a4f8b052790ff433851eac4920e388aa53c33c1d0f96e,,06/13/2018 08:40:00 PM,9,TRAFFIC SIGNAL,FUNCTIONING PROPERLY,CLEAR,DAYLIGHT,TURNING,DIVIDED - W/MEDIAN (NOT RAISED),2,STRAIGHT AND LEVEL,DRY,NO DEFECTS,NOT ON SCENE (DESK REPORT),NO INJURY / DRIVE AWAY,,,,"$501 - $1,500",06/13/2018 09:30:00 PM,UNABLE TO DETERMINE,NOT APPLICABLE,35,W,83RD ST,622,,,,,,,2,NO INDICATION OF INJURY,0,0,0,0,0,0,2,20,4,6,41.7435232106,-87.6257705849,POINT (-87.625770584933 41.74352321064)
1566f6bcb3e9cbfc32c9c6a23b7001f11dd8c3d2ee171d80fdccc86240f5a5a12f84fbfc44cf60bd8efdc13d8699560bc3d1d2ba2eb6ebcd291d3d9b7cbe7b29,,06/13/2018 08:30:00 AM,30,NO CONTROLS,NO CONTROLS,CLEAR,DAYLIGHT,FIXED OBJECT,DIVIDED - W/MEDIAN (NOT RAISED),,STRAIGHT AND LEVEL,DRY,NO DEFECTS,ON SCENE,NO INJURY / DRIVE AWAY,,,,"$501 - $1,500",06/13/2018 08:30:00 AM,DRIVING SKILLS/KNOWLEDGE/EXPERIENCE,DRIVING SKILLS/KNOWLEDGE/EXPERIENCE,1800,W,BELMONT AVE,1922,,,,,,,1,NO INDICATION OF INJURY,0,0,0,0,0,0,1,8,4,6,41.939736114,-87.6739169044,POINT (-87.673916904446 41.939736114017)
aa7a808bfdb74939e165707f8f8e6c3ce6f744407b913b390b72de96f3e0526474bb7329b70062be57d2ecb66522d1172456bda8086ae7e09394dd54eeaf190c,,06/12/2018 09:30:00 PM,30,TRAFFIC SIGNAL,UNKNOWN,CLEAR,"DARKNESS, LIGHTED ROAD",TURNING,NOT DIVIDED,2,STRAIGHT AND LEVEL,DRY,NO DEFECTS,NOT ON SCENE (DESK REPORT),NO INJURY / DRIVE AWAY,Y,,,"OVER $1,500",06/12/2018 10:58:00 PM,DISREGARDING TRAFFIC SIGNALS,DISREGARDING TRAFFIC SIGNALS,2400,N,WESTERN AVE,1431,,,,,,,2,NO INDICATION OF INJURY,0,0,0,0,0,0,2,21,3,6,41.9249359441,-87.6877902547,POINT (-87.687790254713 41.924935944091)
0c2b1aa5ca32bee6daffb6e8166bd1b98f741bb908bfc410d99320da5bb8c366f83cccbd93297d8dc7988c7c6b1a9bad7ecab700a13a56f5cc7191d0302a1202,,06/10/2018 09:40:00 AM,30,NO CONTROLS,NO CONTROLS,RAIN,DAYLIGHT,SIDESWIPE SAME DIRECTION,NOT DIVIDED,2,STRAIGHT AND LEVEL,WET,NO DEFECTS,ON SCENE,INJURY AND / OR TOW DUE TO CRASH,,,,"OVER $1,500",06/10/2018 09:45:00 AM,IMPROPER LANE USAGE,NOT APPLICABLE,5283,N,NORTHWEST HWY,1622,,,,,,,2,NO INDICATION OF INJURY,0,0,0,0,0,0,2,9,1,6,41.9765819017,-87.7706833908,POINT (-87.770683390765 41.976581901715)
671a4582896f2a025c56306b13e1ff12f9fca95be56ac604355c74ed7825279b700d823c97f12cd9926341cd3dd8b6a44f4d907297cc6174a2b7a97e719ed2ff,,06/09/2018 09:05:00 PM,30,NO CONTROLS,NO CONTROLS,CLEAR,"DARKNESS, LIGHTED ROAD",HEAD ON,NOT DIVIDED,2,STRAIGHT AND LEVEL,DRY,NO DEFECTS,ON SCENE,INJURY AND / OR TOW DUE TO CRASH,,,Y,"OVER $1,500",06/09/2018 09:06:00 PM,"OPERATING VEHICLE IN ERRATIC, RECKLESS, CARELESS, NEGLIGENT OR AGGRESSIVE MANNER",IMPROPER OVERTAKING/PASSING,4305,W,WASHINGTON BLVD,1115,,,,,,,2,INCAPACITATING INJURY,3,0,1,2,0,0,2,21,7,6,41.8818437971,-87.7333381042,POINT (-87.733338104194 41.881843797097)
d7162f4ab27a6091fd27fabb70022a77b2c22c4399b2e3a6e1391668c3732593a0bb1c0f1211e277a05af2bc4d056c5c0d9268f5f0aa21973f03fe254abe8a78,,06/09/2018 05:53:00 PM,30,STOP SIGN/FLASHER,FUNCTIONING PROPERLY,CLEAR,DAYLIGHT,PEDALCYCLIST,NOT DIVIDED,4,STRAIGHT AND LEVEL,DRY,NO DEFECTS,ON SCENE,INJURY AND / OR TOW DUE TO CRASH,,,,"OVER $1,500",06/09/2018 05:55:00 PM,UNABLE TO DETERMINE,UNABLE TO DETERMINE,198,S,WESTERN AVE,1125,,,,,,,2,NONINCAPACITATING INJURY,1,0,0,1,0,0,1,17,7,6,41.8786253283,-87.686512638,POINT (-87.686512638042 41.878625328313)
c87d28e101873f014080f1fe5e5a4d49cb7005dd3b2aca434c7429c8efab53c3999d5ee8bd4f8be6d4b6491804d495dbb7f9aa3714eef8a1ba89b1659c1616d9,,06/08/2018 05:20:00 PM,30,NO CONTROLS,FUNCTIONING IMPROPERLY,CLEAR,DAYLIGHT,TURNING,NOT DIVIDED,,STRAIGHT AND LEVEL,DRY,NO DEFECTS,NOT ON SCENE (DESK REPORT),NO INJURY / DRIVE AWAY,,,,"OVER $1,500",06/09/2018 10:33:00 AM,NOT APPLICABLE,NOT APPLICABLE,8600,S,HALSTED ST,613,,,,,,,2,NO INDICATION OF INJURY,0,0,0,0,0,0,2,17,6,6,41.7379677711,-87.6438184099,POINT (-87.643818409916 41.737967771056)
a3c621394386d34f4f699397025d2333fb7e513fede2b96794dc49dd047f299314a6517ef01dc2376cb70049929c66ef60b9b00c7dc21127a4fe614095eba706,,06/08/2018 04:15:00 PM,35,NO CONTROLS,NO CONTROLS,CLEAR,DAYLIGHT,SIDESWIPE SAME DIRECTION,DIVIDED - W/MEDIAN (NOT RAISED),,STRAIGHT AND LEVEL,DRY,NO DEFECTS,NOT ON SCENE (DESK REPORT),NO INJURY / DRIVE AWAY,N,,,$500 OR LESS,06/08/2018 04:30:00 PM,UNABLE TO DETERMINE,NOT APPLICABLE,6548,S,WESTERN AVE,832,,,,,,,2,NO INDICATION OF INJURY,0,0,0,0,0,0,2,16,6,6,41.7741537134,-87.6836519838,POINT (-87.683651983821 41.774153713437)
af960e2dfe023f639b4a4e34e57e7c4b4b6c0cb70015082dbebdb37c1cc0ba1de484046da1116e1b312f160ecf5f788fb5b62a069c87c7e6ca699dca725147e6,N,06/08/2018 09:50:00 AM,20,NO CONTROLS,NO CONTROLS,RAIN,DAYLIGHT,REAR END,DIVIDED - W/MEDIAN (NOT RAISED),2,STRAIGHT AND LEVEL,WET,NO DEFECTS,ON SCENE,INJURY AND / OR TOW DUE TO CRASH,,,,"OVER $1,500",06/08/2018 09:55:00 AM,UNABLE TO DETERMINE,UNABLE TO DETERMINE,4789,N,ELSTON AVE,1722,,,,,,,4,NONINCAPACITATING INJURY,2,0,0,2,0,0,2,9,6,6,41.9680346772,-87.7398321913,POINT (-87.739832191305 41.968034677212)
602ff8e8fdc7d3cf9ab700710a940238347472b1d9edb13f01f07165324aaefd2742c9565881b3aeff0a8f79725dab18f89b1495a7c61db24ddb34068e33caa6,,06/06/2018 04:30:00 PM,30,NO CONTROLS,NO CONTROLS,CLEAR,DAYLIGHT,ANGLE,PARKING LOT,0,STRAIGHT AND LEVEL,DRY,NO DEFECTS,NOT ON SCENE (DESK REPORT),NO INJURY / DRIVE AWAY,,,N,"OVER $1,500",06/06/2018 04:55:00 PM,IMPROPER BACKING,DRIVING SKILLS/KNOWLEDGE/EXPERIENCE,3260,W,55TH ST,822,,,,,,,2,NO INDICATION OF INJURY,0,0,0,0,0,0,2,16,4,6,41.7935891795,-87.7059457835,POINT (-87.705945783458 41.793589179459)