CRASH_RECORD_ID,CRASH_DATE_EST_I,CRASH_DATE,POSTED_SPEED_LIMIT,TRAFFIC_CONTROL_DEVICE,DEVICE_CONDITION,WEATHER_CONDITION,LIGHTING_CONDITION,FIRST_CRASH_TYPE,TRAFFICWAY_TYPE,LANE_CNT,ALIGNMENT,ROADWAY_SURFACE_COND,ROAD_DEFECT,REPORT_TYPE,CRASH_TYPE,INTERSECTION_RELATED_I,NOT_RIGHT_OF_WAY_I,HIT_AND_RUN_I,DAMAGE,DATE_POLICE_NOTIFIED,PRIM_CONTRIBUTORY_CAUSE,SEC_CONTRIBUTORY_CAUSE,STREET_NO,STREET_DIRECTION,STREET_NAME,BEAT_OF_OCCURRENCE,PHOTOS_TAKEN_I,STATEMENTS_TAKEN_I,DOORING_I,WORK_ZONE_I,WORK_ZONE_TYPE,WORKERS_PRESENT_I,NUM_UNITS,MOST_SEVERE_INJURY,INJURIES_TOTAL,INJURIES_FATAL,INJURIES_INCAPACITATING,INJURIES_NON_INCAPACITATING,INJURIES_REPORTED_NOT_EVIDENT,INJURIES_UNKNOWN,INJURIES_NO_INDICATION,CRASH_HOUR,CRASH_DAY_OF_WEEK,CRASH_MONTH,LATITUDE,LONGITUDE,LOCATION
ee4754cff4d3025b3404b0e748b627928a5d4fb6dfb3e9b664e5017d088942ab14f9aa0d6de78d8b0a4527b700c6417c2932f3bc387fa30f20a5386566fdde99,,06/05/2018 02:55:00 PM,30,NO CONTROLS,NO CONTROLS,RAIN,DAYLIGHT,REAR END,NOT DIVIDED,2,STRAIGHT AND LEVEL,WET,NO DEFECTS,NOT ON SCENE (DESK REPORT),NO INJURY / DRIVE AWAY,,,,"$501 - $1,500",06/08/2018 01:50:00 PM,FOLLOWING TOO CLOSELY,FAILING TO REDUCE SPEED TO AVOID CRASH,5201,W,FULLERTON AVE,2515,,,,,,,2,NO INDICATION OF INJURY,0,0,0,0,0,0,2,14,3,6,41.9239963223,-87.7562039696,POINT (-87.756203969569 41.923996322326)
5b700c6e02206593c45db57a755c2584f1252e5d8f44ae70889b8f7b8fe59ab8ee49a734e18473c6a361bc045cf00e4dda8f540c8aa61290cef45f2618285ad3,,06/04/2018 05:00:00 PM,30,TRAFFIC SIGNAL,FUNCTIONING PROPERLY,CLEAR,DAYLIGHT,TURNING,DIVIDED - W/MEDIAN BARRIER,4,STRAIGHT AND LEVEL,DRY,NO DEFECTS,ON SCENE,NO INJURY / DRIVE AWAY,,,,"OVER $1,500",06/04/2018 05:26:00 PM,FOLLOWING TOO CLOSELY,FAILING TO REDUCE SPEED TO AVOID CRASH,5501,S,WESTERN AVE,824,,,,,,,2,NO INDICATION OF INJURY,0,0,0,0,0,0,4,17,2,6,41.7933756605,-87.6838820935,POINT (-87.683882093534 41.793375660475)
c666c0fe6cb2589211f4693fcf02bba3225979454eafc8d0354ddd55b891b700fa5fa8960c570b7dea3644f161cbe145d8067157bbf4dd8da1a4d86173f85750,,06/01/2018 08:45:00 PM,30,LANE USE MARKING,NO CONTROLS,CLEAR,"DARKNESS, LIGHTED ROAD",PARKED MOTOR VEHICLE,ONE-WAY,1,STRAIGHT AND LEVEL,DRY,NO DEFECTS,ON SCENE,NO INJURY / DRIVE AWAY,,,Y,"$501 - $1,500",06/01/2018 11:31:00 PM,IMPROPER LANE USAGE,UNABLE TO DETERMINE,1632,N,LONG AVE,2532,,,,,,,3,NO INDICATION OF INJURY,0,0,0,0,0,0,1,20,6,6,41.9104368156,-87.760733994,POINT (-87.760733993984 41.910436815649)
6f3cced3d8d7c0eb700aad2a6eb01d6ac25e854f6a11997d335fb1aaf3051e06f1b5232a5bcbd3db7ebef342b97c955227c90cfa2077945d925afe392faa4abc,,05/27/2018 05:45:00 PM,30,NO CONTROLS,NO CONTROLS,CLEAR,DAYLIGHT,TURNING,NOT DIVIDED,,STRAIGHT AND LEVEL,DRY,NO DEFECTS,ON SCENE,INJURY AND / OR TOW DUE TO CRASH,,,,"OVER $1,500",05/27/2018 05:47:00 PM,"VISION OBSCURED (SIGNS, TREE LIMBS, BUILDINGS, ETC.)",UNABLE TO DETERMINE,4750,W,47TH ST,815,,,,,,,2,NO INDICATION OF INJURY,0,0,0,0,0,0,2,17,1,5,41.8077544125,-87.7427570723,POINT (-87.742757072291 41.807754412549)
d43dbd7d2f5038ef8a0dfbdc15b46da2829c8549ce4adad324c3c190b7003574bf6ab7eddb157a719c990d7cbf13b8e737589239363ec9dff99ffba72ea06eef,,05/26/2018 06:30:00 PM,30,NO CONTROLS,NO CONTROLS,CLEAR,DAYLIGHT,PARKED MOTOR VEHICLE,NOT DIVIDED,,STRAIGHT AND LEVEL,DRY,NO DEFECTS,NOT ON SCENE (DESK REPORT),NO INJURY / DRIVE AWAY,,,,$500 OR LESS,05/26/2018 07:27:00 PM,IMPROPER BACKING,NOT APPLICABLE,4400,N,LAKE SHORE DR NB,1914,,,,,,,2,NO INDICATION OF INJURY,0,0,0,0,0,0,1,18,7,5,41.9620271555,-87.6466396613,POINT (-87.64663966128 41.962027155537)
114290fca8d88cfd49c7b7e6e6f983bdbbc07db018d7ccc1b700b1eee61458b1211eed09f764b7d12dd699f6c9a20473124d11055b042c3f04c9f77918821370,Y,05/25/2018 06:00:00 PM,30,NO CONTROLS,NO CONTROLS,CLEAR,DUSK,PARKED MOTOR VEHICLE,NOT DIVIDED,1,STRAIGHT AND LEVEL,DRY,NO DEFECTS,NOT ON SCENE (DESK REPORT),NO INJURY / DRIVE AWAY,,,,$500 OR LESS,05/26/2018 03:05:00 PM,FAILING TO YIELD RIGHT-OF-WAY,FAILING TO YIELD RIGHT-OF-WAY,7514,N,EASTLAKE TER,2422,,,,,,,2,NO INDICATION OF INJURY,0,0,0,0,0,0,1,18,6,5,42.0186975382,-87.6645412085,POINT (-87.664541208486 42.018697538203)
f7ed98f5c5ff423fa3303b35cfa1f45fcbe623301cfe4b0ddef79eb3ad25b8354f425726c3f97a00db264e6ffd86c325665c3b7008033bd4463795e04182ca5d,,05/23/2018 05:30:00 PM,30,NO CONTROLS,NO CONTROLS,CLEAR,DAYLIGHT,REAR END,NOT DIVIDED,,STRAIGHT AND LEVEL,DRY,NO DEFECTS,NOT ON SCENE (DESK REPORT),NO INJURY / DRIVE AWAY,,,,"$501 - $1,500",05/23/2018 06:11:00 PM,UNABLE TO DETERMINE,UNABLE TO DETERMINE,3115,W,26TH ST,1033,,,,,,,2,NO INDICATION OF INJURY,0,0,0,0,0,0,2,17,4,5,41.8444286658,-87.7032368732,POINT (-87.703236873219 41.844428665779)
52cdd9d286d70d83bcd61369118dd68d325b2daa19e71add5a0c286a5117f9c92478c5b91b85a696ec8c55bda17370e95b1a691fa84a4f196ae5164b700e78ef,,05/18/2018 03:30:00 PM,30,NO CONTROLS,NO CONTROLS,CLOUDY/OVERCAST,DAYLIGHT,SIDESWIPE OPPOSITE DIRECTION,NOT DIVIDED,2,STRAIGHT AND LEVEL,DRY,NO DEFECTS,ON SCENE,INJURY AND / OR TOW DUE TO CRASH,,,N,"OVER $1,500",05/18/2018 03:30:00 PM,EXCEEDING AUTHORIZED SPEED LIMIT,EQUIPMENT - VEHICLE CONDITION,3949,W,16TH ST,1014,,,,,,,2,NONINCAPACITATING INJURY,1,0,0,1,0,0,3,15,6,5,41.8587636416,-87.7243769349,POINT (-87.724376934924 41.858763641561)
23fcdaadea6a3c532aa85b4764786d7996b3b0fab88b6323f69fb12e4aca3fa2cf642d81b70022a6d36d0c34672b73ac5bb7bd554126a54e96424128b094d1a6,,05/17/2018 10:25:00 PM,35,STOP SIGN/FLASHER,NO CONTROLS,CLEAR,"DARKNESS, LIGHTED ROAD",ANGLE,NOT DIVIDED,2,STRAIGHT AND LEVEL,DRY,NO DEFECTS,ON SCENE,INJURY AND / OR TOW DUE TO CRASH,Y,,,"OVER $1,500",05/17/2018 10:26:00 PM,FAILING TO YIELD RIGHT-OF-WAY,UNABLE TO DETERMINE,859,W,103RD ST,2232,,,,,,,2,NO INDICATION OF INJURY,0,0,0,0,0,0,2,22,5,5,41.7067851265,-87.645200924,POINT (-87.645200924041 41.706785126496)
1267ccb7005b259a004e0d43628e28b2b52ccc776f3a7f0c959edb31fdee7a9b17a2978e889a41ab9e077cff9898e02ac6aafeeffbf0e85e0426fc19e35e3fc9,,05/16/2018 08:10:00 AM,30,STOP SIGN/FLASHER,NO CONTROLS,CLEAR,DAYLIGHT,ANGLE,DIVIDED - W/MEDIAN (NOT RAISED),,STRAIGHT AND LEVEL,DRY,NO DEFECTS,ON SCENE,NO INJURY / DRIVE AWAY,,,Y,"OVER $1,500",05/16/2018 08:15:00 AM,FAILING TO YIELD RIGHT-OF-WAY,DISREGARDING STOP SIGN,1054,E,75TH ST,323,,,,,,,2,NO INDICATION OF INJURY,0,0,0,0,0,0,2,8,4,5,41.7587611331,-87.598427819,POINT (-87.598427818971 41.758761133125)
dde0b14e5ae1e4eb20ec84eb6e38fcb48ed7fc028c2db70073dd1a2ce6a5e157f4ad1b466931e30029543a5b69d4bb0e9d93c126dc76b28a5849b778324ecb44,,05/14/2018 04:35:00 PM,30,NO CONTROLS,UNKNOWN,CLEAR,DAYLIGHT,ANGLE,DIVIDED - W/MEDIAN (NOT RAISED),2,STRAIGHT AND LEVEL,DRY,UNKNOWN,ON SCENE,INJURY AND / OR TOW DUE TO CRASH,,,,"OVER $1,500",05/14/2018 04:40:00 PM,FAILING TO YIELD RIGHT-OF-WAY,FAILING TO REDUCE SPEED TO AVOID CRASH,332,N,CENTRAL PARK AVE,1123,,,,,,,2,NONINCAPACITATING INJURY,2,0,0,2,0,0,0,16,2,5,41.8873312159,-87.7162308512,POINT (-87.716230851175 41.887331215917)
928259a6d61b962ff27da8042c159d145095bd132ee644c5f040d6f8b2bcf73014b70093c5e4ebb2159cd9c55743e91072f366d8487d52e2af54fbb439c7c7d2,,05/11/2018 02:00:00 PM,30,LANE USE MARKING,OTHER,RAIN,DAYLIGHT,SIDESWIPE SAME DIRECTION,DIVIDED - W/MEDIAN (NOT RAISED),5,STRAIGHT AND LEVEL,WET,OTHER,ON SCENE,INJURY AND / OR TOW DUE TO CRASH,,,,"OVER $1,500",05/11/2018 02:05:00 PM,IMPROPER LANE USAGE,FAILING TO YIELD RIGHT-OF-WAY,6000,W,TOUHY AVE,1621,,,,,,,2,NO INDICATION OF INJURY,0,0,0,0,0,0,3,14,6,5,42.0120919502,-87.7770276648,POINT (-87.777027664841 42.012091950198)
b86b47fd6d5b50e88439f71649b711fced7db46aead64b018df4af34f6cc4c4731ea10483637f21898f242eb2a2623ab7fe9518bf4b027ca2b5bc38c77b7004f,,05/10/2018 07:15:00 PM,30,NO CONTROLS,NO CONTROLS,CLEAR,DUSK,TURNING,CENTER TURN LANE,2,STRAIGHT AND LEVEL,DRY,NO DEFECTS,ON SCENE,INJURY AND / OR TOW DUE TO CRASH,,,,"OVER $1,500",05/10/2018 07:55:00 PM,UNABLE TO DETERMINE,NOT APPLICABLE,1516,S,WABASH AVE,131,,,,,,,2,NO INDICATION OF INJURY,0,0,0,0,0,0,2,19,5,5,41.8614254863,-87.6258384641,POINT (-87.625838464113 41.861425486336)
446de3e3a71fd617aaa3382564e37311c531dbd76077cfcf71905dad7090bca977ba11874bb139d813bdd84531b70078609c03c70753735a9e5605eae0da92d1,,05/10/2018 05:45:00 PM,30,NO CONTROLS,NO CONTROLS,CLEAR,DAYLIGHT,REAR END,DIVIDED - W/MEDIAN BARRIER,2,STRAIGHT AND LEVEL,DRY,NO DEFECTS,ON SCENE,INJURY AND / OR TOW DUE TO CRASH,,,,$500 OR LESS,05/10/2018 05:47:00 PM,FOLLOWING TOO CLOSELY,NOT APPLICABLE,2501,W,IRVING PARK RD,1921,,,,,,,2,"REPORTED, NOT EVIDENT",1,0,0,0,1,0,3,17,5,5,41.9538931601,-87.6909334682,POINT (-87.690933468211 41.953893160074)
2383cff871d22ebb0b53d29ba7c4aea66dd6b53ea8663d1c1d6b700811b41d0331bc0c4b66403026e8329b8dfb5cdd28499f1952c811f99cf6a9c2ab9d7fd7b7,,05/08/2018 10:00:00 PM,23,TRAFFIC SIGNAL,FUNCTIONING PROPERLY,CLEAR,DARKNESS,REAR END,NOT DIVIDED,,STRAIGHT AND LEVEL,DRY,NO DEFECTS,NOT ON SCENE (DESK REPORT),NO INJURY / DRIVE AWAY,,,Y,"$501 - $1,500",05/09/2018 10:40:00 AM,UNABLE TO DETERMINE,UNABLE TO DETERMINE,400,E,PERSHING RD,212,,,,,,,2,NO INDICATION OF INJURY,0,0,0,0,0,0,2,22,3,5,41.8239488417,-87.616672416,POINT (-87.61667241604 41.823948841721)
69566f0301e4e277dbb551983c51828caab80cb7f4ff82c1f35022b9b214fbc04820ef187f834d8ae1d625d21d8e15502b7007cdeb3721fe8432f75aaff88880,,05/08/2018 12:15:00 PM,0,OTHER,OTHER,CLEAR,DAYLIGHT,PARKED MOTOR VEHICLE,PARKING LOT,,STRAIGHT AND LEVEL,DRY,NO DEFECTS,ON SCENE,NO INJURY / DRIVE AWAY,,,,$500 OR LESS,05/08/2018 12:23:00 PM,IMPROPER OVERTAKING/PASSING,FAILING TO REDUCE SPEED TO AVOID CRASH,5545,N,MILWAUKEE AVE,1622,,,,,,,2,NO INDICATION OF INJURY,0,0,0,0,0,0,1,12,3,5,41.9827416116,-87.774015497,POINT (-87.774015496975 41.982741611626)
3a33f556a11563c667384dd765fc9298a7e8d9d547a2842b1c1318210a0b70095de22219fe7dec52e8f8cdd5f8941dbe6fa5cd002f7d412c174ad96e748ef54e,,05/08/2018 07:30:00 AM,30,TRAFFIC SIGNAL,FUNCTIONING PROPERLY,CLEAR,DAYLIGHT,SIDESWIPE SAME DIRECTION,DIVIDED - W/MEDIAN (NOT RAISED),2,STRAIGHT AND LEVEL,DRY,NO DEFECTS,NOT ON SCENE (DESK REPORT),NO INJURY / DRIVE AWAY,,,,"OVER $1,500",05/08/2018 08:30:00 AM,IMPROPER OVERTAKING/PASSING,UNABLE TO DETERMINE,4700,S,VINCENNES AVE,223,,,,,,,2,NO INDICATION OF INJURY,0,0,0,0,0,0,4,7,3,5,41.8093352199,-87.6140000469,POINT (-87.614000046923 41.809335219851)
6ca93fa2fad565983a5aa45cd8ae31f4eed0a93c5c1dd14f02807b700d59f976957b1a8e1a2d560591f8ce21d19771ff7ddd0af0b46eb4c2a82f6bd764e74a2d,Y,05/07/2018 02:20:00 PM,20,NO CONTROLS,NO CONTROLS,CLEAR,DAYLIGHT,REAR END,DIVIDED - W/MEDIAN (NOT RAISED),2,STRAIGHT AND LEVEL,DRY,NO DEFECTS,ON SCENE,NO INJURY / DRIVE AWAY,,,,"OVER $1,500",05/07/2018 02:33:00 PM,IMPROPER BACKING,DRIVING SKILLS/KNOWLEDGE/EXPERIENCE,2531,W,23RD ST,1034,,,,,,,2,NO INDICATION OF INJURY,0,0,0,0,0,0,3,14,2,5,41.8500544831,-87.689199778,POINT (-87.689199777976 41.850054483106)
fe34281f90cbb978b189e13a8fe82df0563750996f8ea8cd480c29f3d5659b700d21292d7f38a55f7cc026bfe2e26b558e75fff9f632d3743bbaf68ae3e1bba3,,05/07/2018 12:08:00 PM,30,NO CONTROLS,NO CONTROLS,CLEAR,DAYLIGHT,PARKED MOTOR VEHICLE,PARKING LOT,0,STRAIGHT AND LEVEL,OTHER,NO DEFECTS,ON SCENE,NO INJURY / DRIVE AWAY,,Y,Y,"OVER $1,500",05/07/2018 02:19:00 PM,NOT APPLICABLE,NOT APPLICABLE,5721,S,PRAIRIE AVE,232,,,,,,,3,NO INDICATION OF INJURY,0,0,0,0,0,0,1,12,2,5,41.7904658784,-87.6189689144,POINT (-87.618968914438 41.7904658784)
84e20011088c1b36e76eae49f43d8c92608cb7ffb638a781138710918a81a607d9503c94e9965f6edf5d3c4e1c0de9ad495a1e3ed8f10b0acfe80131e8b7004e,,04/30/2018 06:50:00 AM,30,NO CONTROLS,FUNCTIONING PROPERLY,CLEAR,DAWN,SIDESWIPE SAME DIRECTION,ONE-WAY,1,STRAIGHT AND LEVEL,DRY,NO DEFECTS,NOT ON SCENE (DESK REPORT),NO INJURY / DRIVE AWAY,,,Y,"OVER $1,500",04/30/2018 10:05:00 PM,IMPROPER OVERTAKING/PASSING,IMPROPER OVERTAKING/PASSING,6526,S,EBERHART AVE,312,,,,,,,2,NO INDICATION OF INJURY,0,0,0,0,0,0,2,6,2,4,41.7758222857,-87.6132630296,POINT (-87.6132630296 41.775822285712)
0ab60f6b905195e2b7005b54968998a60de2ca6553434d049762ecf30cf6ee6c0a0b64463c8ae7a642fa2279ec1fc49cd4d4ed3d9f3943ac9d4bb83134f07b14,,04/28/2018 07:50:00 PM,30,NO CONTROLS,NO CONTROLS,CLEAR,"DARKNESS, LIGHTED ROAD",TURNING,NOT DIVIDED,,STRAIGHT AND LEVEL,DRY,UNKNOWN,NOT ON SCENE (DESK REPORT),NO INJURY / DRIVE AWAY,,,,"OVER $1,500",04/28/2018 10:20:00 PM,NOT APPLICABLE,NOT APPLICABLE,7032,S,DAMEN AVE,735,,,,,,,2,NO INDICATION OF INJURY,0,0,0,0,0,0,3,19,7,4,41.7656698223,-87.6737004584,POINT (-87.673700458424 41.76566982226)
9d6ca54dd47c9451b15b1a6acc69b7000772ca76540ba72bb6c7bd26befaaebb94ce9f0a529144cc4095b3c57acc2d42dadc256a812fb51fa056a2674ab098c8,,04/26/2018 10:10:00 PM,30,TRAFFIC SIGNAL,FUNCTIONING PROPERLY,CLEAR,"DARKNESS, LIGHTED ROAD",PEDESTRIAN,ONE-WAY,3,STRAIGHT AND LEVEL,DRY,NO DEFECTS,ON SCENE,INJURY AND / OR TOW DUE TO CRASH,Y,,,"$501 - $1,500",04/26/2018 10:12:00 PM,FAILING TO YIELD RIGHT-OF-WAY,FAILING TO REDUCE SPEED TO AVOID CRASH,601,W,RANDOLPH ST,121,,,,,,,2,NONINCAPACITATING INJURY,1,0,0,1,0,0,1,22,5,4,41.884323249,-87.6428064913,POINT (-87.642806491298 41.884323248987)
6f78f1a7c8d7dbb049ab603153825b700008fd3e11265d68f8bdc016ccd85d61a963d1d1449f66b50a963d628b4e11eac5dc0768cd9659e321bc59bb8173e356,,04/26/2018 01:00:00 PM,30,STOP SIGN/FLASHER,NO CONTROLS,CLEAR,DAYLIGHT,ANGLE,NOT DIVIDED,4,STRAIGHT AND LEVEL,DRY,NO DEFECTS,NOT ON SCENE (DESK REPORT),NO INJURY / DRIVE AWAY,,,,"OVER $1,500",04/28/2018 12:08:00 PM,FAILING TO YIELD RIGHT-OF-WAY,NOT APPLICABLE,2457,N,FRANCISCO AVE,1414,,,,,,,2,NO INDICATION OF INJURY,0,0,0,0,0,0,3,13,5,4,41.9264887595,-87.6997632567,POINT (-87.699763256739 41.926488759538)
dc54482dad2ddc74f94dd0ef1a18cde8e1eef93bd97e0129b75db7000c426847b510d04e982a1f7d54ed7ba2e5fe6fc7df36f973873c3806406873aab0c714fd,,04/21/2018 12:30:00 PM,25,NO CONTROLS,NO CONTROLS,CLEAR,DAYLIGHT,SIDESWIPE SAME DIRECTION,ONE-WAY,,STRAIGHT AND LEVEL,DRY,NO DEFECTS,ON SCENE,INJURY AND / OR TOW DUE TO CRASH,,,N,"OVER $1,500",04/21/2018 05:09:00 PM,DISTRACTION - FROM INSIDE VEHICLE,NOT APPLICABLE,7641,S,ESSEX AVE,421,,,,,,,2,NO INDICATION OF INJURY,0,0,0,0,0,0,2,12,7,4,41.7559902916,-87.5637405458,POINT (-87.563740545827 41.755990291615)
25093f7afe60c62c87359b209bd3b700b38dc965574c4990273ede1924d5890bb0296951881513a49b67bedb5dc36ddb42b3b64cf7e6cadc68005ef3511194c3,,04/20/2018 10:37:00 PM,30,TRAFFIC SIGNAL,FUNCTIONING PROPERLY,CLEAR,"DARKNESS, LIGHTED ROAD",ANGLE,DIVIDED - W/MEDIAN (NOT RAISED),,STRAIGHT AND LEVEL,DRY,NO DEFECTS,ON SCENE,INJURY AND / OR TOW DUE TO CRASH,Y,,,"OVER $1,500",04/20/2018 10:37:00 PM,DISREGARDING TRAFFIC SIGNALS,"OPERATING VEHICLE IN ERRATIC, RECKLESS, CARELESS, NEGLIGENT OR AGGRESSIVE MANNER",1545,N,CENTRAL AVE,2532,,Y,,,,,4,NO INDICATION OF INJURY,0,0,0,0,0,0,6,22,6,4,41.9088859399,-87.7657325009,POINT (-87.765732500867 41.90888593989)
937575e3b7009efb817025684f38fa345a09eed41d666b1c446ab913b1337cb885965a9274e3404d7870593d0b8c34b444da4934658e4d0f54c4836867e5c279,,04/20/2018 01:30:00 PM,10,NO CONTROLS,NO CONTROLS,CLEAR,DAYLIGHT,PARKED MOTOR VEHICLE,PARKING LOT,,STRAIGHT AND LEVEL,UNKNOWN,UNKNOWN,NOT ON SCENE (DESK REPORT),NO INJURY / DRIVE AWAY,,,Y,"$501 - $1,500",04/20/2018 03:09:00 PM,UNABLE TO DETERMINE,UNABLE TO DETERMINE,3701,N,SHEFFIELD AVE,1923,,,,,,,2,NO INDICATION OF INJURY,0,0,0,0,0,0,1,13,6,4,41.9491500019,-87.6542401854,POINT (-87.654240185439 41.949150001863)
86a75f660b1266e5816b700fcbb251b82fcd344f8528f02a2f26f409e8d2c4a3f03ecae56d3bf01948d45d60e147746eba63b3d81384afe93f11ab6409a87618,,04/17/2018 01:38:00 PM,30,NO CONTROLS,NO CONTROLS,CLEAR,DAYLIGHT,ANGLE,NOT DIVIDED,2,STRAIGHT ON GRADE,DRY,NO DEFECTS,ON SCENE,INJURY AND / OR TOW DUE TO CRASH,,,,"OVER $1,500",04/17/2018 02:54:00 PM,FAILING TO YIELD RIGHT-OF-WAY,NOT APPLICABLE,5233,S,CALIFORNIA AVE,923,,,,,,,2,NO INDICATION OF INJURY,0,0,0,0,0,0,2,13,3,4,41.7981684447,-87.6937758434,POINT (-87.693775843351 41.798168444736)
a5ed50ca95638387813f37d413b700c0cb81ed7bac5a29cf21db655da7e99eb0920019a15e77ad32f5649cda1cc0566a0679565458ab2a49694de5a1381e9ad9,,04/17/2018 08:23:00 AM,30,NO CONTROLS,NO CONTROLS,CLEAR,DAYLIGHT,TURNING,DIVIDED - W/MEDIAN (NOT RAISED),,STRAIGHT AND LEVEL,DRY,NO DEFECTS,NOT ON SCENE (DESK REPORT),NO INJURY / DRIVE AWAY,,,,"$501 - $1,500",04/18/2018 08:50:00 AM,UNABLE TO DETERMINE,UNABLE TO DETERMINE,2000,N,ASHLAND AVE,1432,,,,,,,2,NO INDICATION OF INJURY,0,0,0,0,0,0,2,8,3,4,41.9179425133,-87.6681134635,POINT (-87.668113463493 41.917942513293)
bb71232cb7d58d8387da6da0bf8f9444218b72f5c22220b368ff4f996ab9fde75d08f44df23f8d6c5ed22d19596465d05b30701fb70041cc02c10c3d9a1d036b,,04/14/2018 11:00:00 PM,45,NO CONTROLS,NO CONTROLS,RAIN,"DARKNESS, LIGHTED ROAD",SIDESWIPE SAME DIRECTION,ONE-WAY,1,STRAIGHT ON HILLCREST,WET,NO DEFECTS,ON SCENE,INJURY AND / OR TOW DUE TO CRASH,,,N,"OVER $1,500",04/14/2018 11:15:00 PM,IMPROPER OVERTAKING/PASSING,WEATHER,3200,N,LAKE SHORE DR SB,1925,,,,,,,2,NO INDICATION OF INJURY,0,0,0,0,0,0,2,23,7,4,41.9404429026,-87.6386335392,POINT (-87.638633539238 41.940442902597)
41b11e75b18965c639f0f35bcd70196be77b0de9a06db70032f133bb1db855d628e5b6cdf16cc84a58355ae788619dbe50e46b988241606c04fe777b8daeb4a2,,04/14/2018 06:20:00 PM,30,TRAFFIC SIGNAL,FUNCTIONING PROPERLY,RAIN,DUSK,SIDESWIPE SAME DIRECTION,DIVIDED - W/MEDIAN BARRIER,4,STRAIGHT AND LEVEL,WET,NO DEFECTS,ON SCENE,NO INJURY / DRIVE AWAY,Y,,,"OVER $1,500",04/14/2018 06:25:00 PM,IMPROPER OVERTAKING/PASSING,WEATHER,500,N,LAKE SHORE DR SB,1834,,,,,,,2,NO INDICATION OF INJURY,0,0,0,0,0,0,2,18,7,4,41.8911470717,-87.6143750572,POINT (-87.61437505723 41.89114707171)
6629dd81ed5881e393b855b6cef9ddb7007db9eb79e2176ef2716cc33b1419c1cea5e1752de70066b0c304ec4bcaf519f87a7bfdb3315600938df7ea35fe1168,,04/12/2018 01:45:00 PM,30,TRAFFIC SIGNAL,FUNCTIONING PROPERLY,CLEAR,DAYLIGHT,SIDESWIPE OPPOSITE DIRECTION,DIVIDED - W/MEDIAN (NOT RAISED),,STRAIGHT AND LEVEL,DRY,NO DEFECTS,,NO INJURY / DRIVE AWAY,Y,,,"OVER $1,500",04/12/2018 02:35:00 PM,FAILING TO YIELD RIGHT-OF-WAY,FAILING TO YIELD RIGHT-OF-WAY,201,W,87TH ST,634,,,,,,,2,NO INDICATION OF INJURY,0,0,0,0,0,0,3,13,5,4,41.7360484858,-87.6289948739,POINT (-87.628994873851 41.736048485797)
2b2b58ead3f5c18488f13fa2bf6f64b70057d61e07e4a21102aa5c383d758f92a5e334326c9aa769f9a9c9351cf6b180596a5fa1c060ae091c7ae54b57f68814,,04/11/2018 05:15:00 PM,30,NO CONTROLS,NO CONTROLS,CLEAR,DAYLIGHT,SIDESWIPE SAME DIRECTION,OTHER,1,STRAIGHT AND LEVEL,DRY,NO DEFECTS,ON SCENE,INJURY AND / OR TOW DUE TO CRASH,,,,"OVER $1,500",04/11/2018 05:28:00 PM,FAILING TO YIELD RIGHT-OF-WAY,IMPROPER OVERTAKING/PASSING,2548,W,HURON ST,1221,,,,,,,2,NO INDICATION OF INJURY,0,0,0,0,0,0,3,17,4,4,41.894007786,-87.6912117046,POINT (-87.691211704585 41.894007786036)
b96f27afe78ec8126133c5df0c34f78e03a5c776bb6f8cb533b76af87e2bf8c469b700151b0e0709ab8f69d7137e9bd8fbf636432ad723e2b8ee935c0097aae4,,04/10/2018 08:45:00 PM,20,NO CONTROLS,NO CONTROLS,CLEAR,"DARKNESS, LIGHTED ROAD",SIDESWIPE SAME DIRECTION,NOT DIVIDED,,STRAIGHT AND LEVEL,DRY,NO DEFECTS,ON SCENE,INJURY AND / OR TOW DUE TO CRASH,,,Y,"OVER $1,500",04/10/2018 09:52:00 PM,IMPROPER OVERTAKING/PASSING,NOT APPLICABLE,1399,N,SEDGWICK ST,1821,,,,,,,2,INCAPACITATING INJURY,1,0,1,0,0,0,1,20,3,4,41.9075546085,-87.6383352748,POINT (-87.638335274756 41.907554608523)
7b42ce31067adf5d311bec01d330e9db700c751bfb4e478c015453b49112502b1b62842c6025f01fff140365fc216746ce9d56ff9adfeb57cced99e15cb1c99f,,04/10/2018 05:00:00 PM,30,NO CONTROLS,NO CONTROLS,CLEAR,DAYLIGHT,REAR END,NOT DIVIDED,4,STRAIGHT AND LEVEL,DRY,NO DEFECTS,ON SCENE,INJURY AND / OR TOW DUE TO CRASH,,,,"OVER $1,500",04/10/2018 05:00:00 PM,FAILING TO REDUCE SPEED TO AVOID CRASH,NOT APPLICABLE,6600,S,DR MARTIN LUTHER KING JR DR,312,,,,,,,3,NONINCAPACITATING INJURY,1,0,0,1,0,0,2,17,3,4,41.7746934593,-87.6156368216,POINT (-87.615636821647 41.774693459289)