CRASH_RECORD_ID,CRASH_DATE_EST_I,CRASH_DATE,POSTED_SPEED_LIMIT,TRAFFIC_CONTROL_DEVICE,DEVICE_CONDITION,WEATHER_CONDITION,LIGHTING_CONDITION,FIRST_CRASH_TYPE,TRAFFICWAY_TYPE,LANE_CNT,ALIGNMENT,ROADWAY_SURFACE_COND,ROAD_DEFECT,REPORT_TYPE,CRASH_TYPE,INTERSECTION_RELATED_I,NOT_RIGHT_OF_WAY_I,HIT_AND_RUN_I,DAMAGE,DATE_POLICE_NOTIFIED,PRIM_CONTRIBUTORY_CAUSE,SEC_CONTRIBUTORY_CAUSE,STREET_NO,STREET_DIRECTION,STREET_NAME,BEAT_OF_OCCURRENCE,PHOTOS_TAKEN_I,STATEMENTS_TAKEN_I,DOORING_I,WORK_ZONE_I,WORK_ZONE_TYPE,WORKERS_PRESENT_I,NUM_UNITS,MOST_SEVERE_INJURY,INJURIES_TOTAL,INJURIES_FATAL,INJURIES_INCAPACITATING,INJURIES_NON_INCAPACITATING,INJURIES_REPORTED_NOT_EVIDENT,INJURIES_UNKNOWN,INJURIES_NO_INDICATION,CRASH_HOUR,CRASH_DAY_OF_WEEK,CRASH_MONTH,LATITUDE,LONGITUDE,LOCATION
3dfb12f23b8fe6ec119b7001a93f810037649a0eff7f8be0b236f2d6448949724a0ab9fbbe06f2969160e47b75d230b14a667818d4000239c4ed430b3716f602,,04/10/2018 08:32:00 AM,10,NO CONTROLS,NO CONTROLS,CLEAR,DAYLIGHT,PARKED MOTOR VEHICLE,PARKING LOT,,STRAIGHT AND LEVEL,DRY,NO DEFECTS,NOT ON SCENE (DESK REPORT),NO INJURY / DRIVE AWAY,,,Y,"$501 - $1,500",04/10/2018 09:45:00 AM,UNABLE TO DETERMINE,UNABLE TO DETERMINE,218,W,87TH ST,622,,,,,,,2,NO INDICATION OF INJURY,0,0,0,0,0,0,1,8,3,4,41.7361853175,-87.629510935,POINT (-87.629510934978 41.736185317454)
9da8e32a0a7cff3fc0b6d802f2a8d47a0bb9b700ccdbc8cbd67716972b54ae89cdade51d3f32cedcb01d517e9a89d588e4ae5551de5e3affaa7a8e168bc9f38e,,04/10/2018 07:00:00 AM,30,TRAFFIC SIGNAL,FUNCTIONING PROPERLY,CLEAR,DAYLIGHT,TURNING,NOT DIVIDED,,"CURVE, LEVEL",DRY,NO DEFECTS,ON SCENE,NO INJURY / DRIVE AWAY,Y,,,"OVER $1,500",04/10/2018 07:10:00 AM,FAILING TO YIELD RIGHT-OF-WAY,NOT APPLICABLE,5673,N,RIDGE AVE,2013,,,,,,,2,NO INDICATION OF INJURY,0,0,0,0,0,0,2,7,3,4,41.9851416323,-87.6623137435,POINT (-87.662313743497 41.985141632309)
f8dfbcd48feeba928d61eb8ed6ae7ce8bbd804139df3579f2e43482dbea55c868df2f5cd87612c1e6e835ad2c85189708bcf26f1b4bc3041b7000ca2672d5eb6,,04/08/2018 03:34:00 AM,30,NO CONTROLS,NO CONTROLS,CLEAR,"DARKNESS, LIGHTED ROAD",PARKED MOTOR VEHICLE,DIVIDED - W/MEDIAN (NOT RAISED),4,STRAIGHT AND LEVEL,DRY,NO DEFECTS,ON SCENE,INJURY AND / OR TOW DUE TO CRASH,,,,"OVER $1,500",04/08/2018 03:34:00 AM,UNABLE TO DETERMINE,UNABLE TO DETERMINE,9130,S,ASHLAND AVE,2221,,,,,,,2,NONINCAPACITATING INJURY,1,0,0,1,0,0,0,3,1,4,41.7275445079,-87.662973439,POINT (-87.662973438996 41.727544507899)
990a56d764b4b634f131008425b38b700d4939d3cef8da0826f1ee6885ee732ac0a59acdbade33011bc704d4b98d2b78179bb039f9126ec970cf16c7fd050f0f,,04/07/2018 05:42:00 PM,30,TRAFFIC SIGNAL,FUNCTIONING PROPERLY,CLEAR,DAYLIGHT,ANGLE,DIVIDED - W/MEDIAN (NOT RAISED),4,STRAIGHT AND LEVEL,DRY,NO DEFECTS,,INJURY AND / OR TOW DUE TO CRASH,Y,,,"OVER $1,500",04/07/2018 05:50:00 PM,DISREGARDING TRAFFIC SIGNALS,FAILING TO YIELD RIGHT-OF-WAY,2200,S,ASHLAND AVE,1034,,,,,,,2,"REPORTED, NOT EVIDENT",3,0,0,0,3,0,0,17,7,4,41.8522179965,-87.6661701615,POINT (-87.666170161509 41.852217996528)
121b3c42b4b66909315df904c5cf984d9795cbc65068f366b4dd22d7772ee99b7001eb4194e27cac678c7e92116a556876369f3ab72ff97207b0c68d54755c6b,,04/05/2018 11:30:00 AM,30,NO CONTROLS,NO CONTROLS,CLEAR,DAYLIGHT,PARKED MOTOR VEHICLE,NOT DIVIDED,,STRAIGHT AND LEVEL,DRY,NO DEFECTS,NOT ON SCENE (DESK REPORT),NO INJURY / DRIVE AWAY,,,,"OVER $1,500",04/06/2018 09:45:00 PM,IMPROPER BACKING,UNABLE TO DETERMINE,6942,S,STONY ISLAND AVE,332,,,,,,,2,NO INDICATION OF INJURY,0,0,0,0,0,0,1,11,5,4,41.768422992,-87.5865331301,POINT (-87.586533130115 41.768422991988)
14c0904c8c4d0a0d41326abdb700a0351e1d56b36f43cfbf5733a925a75edd8d3db55450b022c5d31ad4aaa44c6b0e58877b0881862ae7eac95c420301860778,Y,04/05/2018 08:45:00 AM,30,NO CONTROLS,NO CONTROLS,CLEAR,DAYLIGHT,PARKED MOTOR VEHICLE,NOT DIVIDED,,STRAIGHT AND LEVEL,DRY,NO DEFECTS,,INJURY AND / OR TOW DUE TO CRASH,,,Y,"$501 - $1,500",04/05/2018 09:01:00 AM,IMPROPER BACKING,IMPROPER BACKING,5700,S,PRINCETON AVE,711,,,,,,,2,NONINCAPACITATING INJURY,2,0,0,2,0,0,1,8,5,4,41.7907740763,-87.6330431982,POINT (-87.633043198244 41.790774076295)
7f01920eb700068b882eddc129635334f58bcdb84be0191a3d89c4ab4d00cec74f4f7bf350fd88f477e3531db8360ad0503e28f826902f2dbdc59480a53b802c,,04/03/2018 03:00:00 PM,30,NO CONTROLS,NO CONTROLS,RAIN,DAYLIGHT,SIDESWIPE SAME DIRECTION,NOT DIVIDED,4,STRAIGHT AND LEVEL,WET,NO DEFECTS,NOT ON SCENE (DESK REPORT),NO INJURY / DRIVE AWAY,,,,"$501 - $1,500",04/03/2018 03:45:00 PM,FAILING TO YIELD RIGHT-OF-WAY,NOT APPLICABLE,1414,W,MONTROSE AVE,1913,,,,,,,2,NO INDICATION OF INJURY,0,0,0,0,0,0,4,15,3,4,41.9617476253,-87.6656291759,POINT (-87.665629175879 41.961747625283)
b8247f1b354bae42afeb700f87037933301f1a571fe4c04f3a1a1534782d529614713005949b8b0dd0cf52f26d7416930c021ee99dfafcc071179315e1ff9dbb,,04/01/2018 01:30:00 PM,30,STOP SIGN/FLASHER,FUNCTIONING PROPERLY,CLOUDY/OVERCAST,DAYLIGHT,ANGLE,NOT DIVIDED,1,STRAIGHT AND LEVEL,DRY,NO DEFECTS,ON SCENE,INJURY AND / OR TOW DUE TO CRASH,Y,,,"OVER $1,500",04/01/2018 01:40:00 PM,FAILING TO YIELD RIGHT-OF-WAY,UNABLE TO DETERMINE,8200,S,JEFFERY BLVD,414,,,,,,,2,NO INDICATION OF INJURY,0,0,0,0,0,0,2,13,1,4,41.7460682096,-87.5760335222,POINT (-87.576033522191 41.746068209612)
c012c5d07c6642134d204d647b70014af9c190e07a5a266d6ab7d0ed4e7f225b1ea6da7c900f7f757aceec51ed3e0868ebd794fb1a4465ca9f493ef7d9d8654f,,03/31/2018 12:46:00 AM,30,STOP SIGN/FLASHER,FUNCTIONING PROPERLY,CLEAR,"DARKNESS, LIGHTED ROAD",TURNING,DIVIDED - W/MEDIAN (NOT RAISED),2,STRAIGHT AND LEVEL,DRY,NO DEFECTS,ON SCENE,NO INJURY / DRIVE AWAY,Y,,,"$501 - $1,500",03/31/2018 12:49:00 AM,DISREGARDING STOP SIGN,NOT APPLICABLE,1101,E,47TH ST,222,,,,,,,2,NO INDICATION OF INJURY,0,0,0,0,0,0,2,0,7,3,41.8095055929,-87.5991414152,POINT (-87.599141415184 41.809505592865)
1463dab700b14451728719dc6df16f7880eee0136bba9447ca285e8bc2420f8d31ec930ff52d033c43a5c8eaea95d393c4c50da7a47f372324d867a56add99a0,,03/30/2018 03:20:00 PM,25,TRAFFIC SIGNAL,FUNCTIONING PROPERLY,CLEAR,DAYLIGHT,TURNING,ONE-WAY,3,STRAIGHT AND LEVEL,DRY,NO DEFECTS,ON SCENE,NO INJURY / DRIVE AWAY,Y,,,$500 OR LESS,03/30/2018 03:28:00 PM,IMPROPER TURNING/NO SIGNAL,NOT APPLICABLE,150,W,JACKSON BLVD,122,,,,,,,2,NO INDICATION OF INJURY,0,0,0,0,0,0,3,15,6,3,41.8782430385,-87.6322817513,POINT (-87.6322817513 41.878243038502)
ecdd3b399efd7d09c549498998160125abe0d255a6a14da574ad619284c2ecb69cb3210c2193570082542d01db70060015cda49081974bab55fa4c68732d919f,,03/29/2018 07:00:00 PM,30,NO CONTROLS,NO CONTROLS,CLEAR,"DARKNESS, LIGHTED ROAD",HEAD ON,ONE-WAY,2,STRAIGHT AND LEVEL,DRY,NO DEFECTS,NOT ON SCENE (DESK REPORT),NO INJURY / DRIVE AWAY,Y,,Y,"$501 - $1,500",03/30/2018 03:30:00 PM,IMPROPER BACKING,UNABLE TO DETERMINE,2398,W,BELLE PLAINE AVE,1911,,,,,,,2,NO INDICATION OF INJURY,0,0,0,0,0,0,2,19,5,3,41.9559572552,-87.6884617808,POINT (-87.688461780796 41.955957255222)
1b862db1ead1668b5ebdb700e4a4d2dcda7e299e4c4dd8a22761e7c001b91f3e151281797ebaa52871cd9ff07ac74a099c60c737cd9e473f71023e8b29f2a69b,,03/29/2018 05:40:00 PM,40,NO CONTROLS,NO CONTROLS,CLOUDY/OVERCAST,DAYLIGHT,REAR END,DIVIDED - W/MEDIAN BARRIER,4,STRAIGHT ON GRADE,DRY,NO DEFECTS,ON SCENE,INJURY AND / OR TOW DUE TO CRASH,,,,"OVER $1,500",03/29/2018 05:42:00 PM,EXCEEDING AUTHORIZED SPEED LIMIT,FOLLOWING TOO CLOSELY,1505,S,LAKE SHORE DR E,132,,,,,,,2,NONINCAPACITATING INJURY,1,0,0,1,0,0,4,17,5,3,41.8619404074,-87.6180961118,POINT (-87.618096111766 41.861940407383)
49c39e0694b4107af750f5241a92f40ea640d3b97d46b71d64414b18f8d37b700f925db8a0cd15f53986df5353a2280ef38276affd25e0872248d7f1a6f6bcaa,,03/24/2018 12:00:00 PM,10,NO CONTROLS,NO CONTROLS,CLEAR,DAYLIGHT,PARKED MOTOR VEHICLE,PARKING LOT,,STRAIGHT AND LEVEL,DRY,NO DEFECTS,NOT ON SCENE (DESK REPORT),NO INJURY / DRIVE AWAY,,Y,,"$501 - $1,500",03/24/2018 06:10:00 PM,UNABLE TO DETERMINE,UNABLE TO DETERMINE,1017,N,LA SALLE DR,1824,,,,,,,2,NO INDICATION OF INJURY,0,0,0,0,0,0,1,12,7,3,41.9010808486,-87.632699353,POINT (-87.632699353045 41.901080848646)
aa38da611ae311a540f646e4a95c5e983e0cb6c2f8f0fae87319d2e03e7e9ac3c65ba06b87d15122a6a066317ea378e969b7009e4af91eca382eeeef0fbab9ad,,03/18/2018 06:23:00 AM,30,NO CONTROLS,FUNCTIONING PROPERLY,CLEAR,DAWN,REAR END,NOT DIVIDED,2,STRAIGHT AND LEVEL,DRY,NO DEFECTS,ON SCENE,NO INJURY / DRIVE AWAY,N,,,$500 OR LESS,03/18/2018 06:30:00 AM,FOLLOWING TOO CLOSELY,EQUIPMENT - VEHICLE CONDITION,2500,W,FULLERTON AVE,1431,,,,,,,2,NO INDICATION OF INJURY,0,0,0,0,0,0,2,6,1,3,41.9249863211,-87.6901467926,POINT (-87.69014679262 41.924986321087)
1088ad5aa9415dd3719c4b808d2e1d34d4fbe2ec171b146e26d83fba678f8dcd0459441a3e6b5c64215fce9c6b7007812cf2e7aebfd7a977727fdb40ba94c5be,,03/17/2018 01:25:00 PM,30,NO CONTROLS,NO CONTROLS,CLEAR,DAYLIGHT,PARKED MOTOR VEHICLE,ONE-WAY,,STRAIGHT AND LEVEL,DRY,UNKNOWN,ON SCENE,NO INJURY / DRIVE AWAY,,,Y,"OVER $1,500",03/17/2018 02:34:00 PM,UNABLE TO DETERMINE,UNABLE TO DETERMINE,3310,W,AINSLIE ST,1713,,,,,,,2,NO INDICATION OF INJURY,0,0,0,0,0,0,3,13,7,3,41.9703498529,-87.7114569254,POINT (-87.711456925444 41.970349852888)
ef7ec563c043750785e1afbae6e8e6983613a2176ba8014fcc098c2a9f56019109b4466102b004fdeab70040f75de27a2dc0b89ab2b7d3708ea9a843237b52b4,,03/13/2018 03:40:00 PM,25,NO CONTROLS,NO CONTROLS,SNOW,DAYLIGHT,PARKED MOTOR VEHICLE,ONE-WAY,,STRAIGHT AND LEVEL,SNOW OR SLUSH,NO DEFECTS,NOT ON SCENE (DESK REPORT),NO INJURY / DRIVE AWAY,,,,"$501 - $1,500",03/13/2018 05:40:00 PM,NOT APPLICABLE,NOT APPLICABLE,5109,W,ARGYLE ST,1623,,,,,,,2,NO INDICATION OF INJURY,0,0,0,0,0,0,1,15,3,3,41.9714760601,-87.7555830745,POINT (-87.755583074532 41.971476060129)
95b8dcc63485a075cc35a8040cfe7e62cd4826348d6c88d653b700949b198cb8d022473ac44ed889576a359ff46d01d4b517ef05cf3af78f6bd4069e9a9e3c12,Y,03/12/2018 08:00:00 AM,30,TRAFFIC SIGNAL,FUNCTIONING PROPERLY,CLEAR,DAYLIGHT,TURNING,NOT DIVIDED,2,STRAIGHT AND LEVEL,DRY,NO DEFECTS,,NO INJURY / DRIVE AWAY,Y,,,"OVER $1,500",03/12/2018 06:44:00 PM,FAILING TO YIELD RIGHT-OF-WAY,NOT APPLICABLE,2288,S,ARCHER AVE,914,,,,,,,2,NO INDICATION OF INJURY,0,0,0,0,0,0,2,8,2,3,41.8511978333,-87.6385403033,POINT (-87.638540303313 41.851197833308)
20343f1a697cbb1fdeac0d5e18d1f6971ee472fe9e907978bb6a64363771c07ce48d5bc2cacb29ab70005c19431764dbc690b52f285e302fa087b70e7a5afe87,,03/10/2018 10:15:00 AM,35,TRAFFIC SIGNAL,FUNCTIONING PROPERLY,CLEAR,DAYLIGHT,REAR END,DIVIDED - W/MEDIAN BARRIER,4,STRAIGHT AND LEVEL,DRY,NO DEFECTS,NOT ON SCENE (DESK REPORT),NO INJURY / DRIVE AWAY,,,,"OVER $1,500",03/10/2018 10:40:00 AM,FOLLOWING TOO CLOSELY,NOT APPLICABLE,6551,N,SHERIDAN RD,2432,,,,,,,2,NO INDICATION OF INJURY,0,0,0,0,0,0,2,10,7,3,42.0016340738,-87.6606014318,POINT (-87.660601431826 42.001634073815)
db96a1d71ef53b93d5ad9d641d816b7c53c1e012147f5fed369f34443664d40102da017743ee8a753a78504175afb700397b92b63a36b186f037a26b8f6c3fe6,,03/08/2018 01:00:00 PM,30,NO CONTROLS,NO CONTROLS,CLEAR,DAYLIGHT,PARKED MOTOR VEHICLE,ONE-WAY,1,STRAIGHT AND LEVEL,DRY,NO DEFECTS,NOT ON SCENE (DESK REPORT),NO INJURY / DRIVE AWAY,,,,$500 OR LESS,03/08/2018 01:10:00 PM,NOT APPLICABLE,NOT APPLICABLE,10400,S,PEORIA ST,2232,,,,,,,2,NO INDICATION OF INJURY,0,0,0,0,0,0,2,13,5,3,41.7049809128,-87.6453525497,POINT (-87.645352549738 41.704980912846)
43549ab200e47777d57625829277d5327cc9ccc486076e6564f00b98943e15d78794104e3cb91bb700b6de7e21ff8a2d099910e87530407518bb3c177955bdf4,,03/01/2018 12:00:00 PM,30,TRAFFIC SIGNAL,FUNCTIONING PROPERLY,CLEAR,DAYLIGHT,REAR END,ONE-WAY,2,STRAIGHT AND LEVEL,DRY,NO DEFECTS,NOT ON SCENE (DESK REPORT),NO INJURY / DRIVE AWAY,,,,"OVER $1,500",03/04/2018 10:08:00 AM,UNABLE TO DETERMINE,UNABLE TO DETERMINE,7810,S,STONY ISLAND AVE,411,,,,,,,2,NO INDICATION OF INJURY,0,0,0,0,0,0,3,12,5,3,41.7529635735,-87.586214777,POINT (-87.586214776967 41.752963573485)
c6676dc605720c77d41f3f9e968f99296e119e7348a4ee4060db755b1d0f9b700660edfc4ba5e8609f227a51caaf89ba5b90f2c1d1db8d4c6e08a29bea702eef,,02/26/2018 07:00:00 PM,30,NO CONTROLS,NO CONTROLS,CLEAR,DARKNESS,SIDESWIPE SAME DIRECTION,DIVIDED - W/MEDIAN (NOT RAISED),,STRAIGHT AND LEVEL,DRY,NO DEFECTS,NOT ON SCENE (DESK REPORT),NO INJURY / DRIVE AWAY,,,,"$501 - $1,500",02/26/2018 07:10:00 PM,UNABLE TO DETERMINE,NOT APPLICABLE,7130,S,COTTAGE GROVE AVE,323,,,,,,,2,NO INDICATION OF INJURY,0,0,0,0,0,0,4,19,2,2,41.7649620196,-87.6056928326,POINT (-87.605692832615 41.764962019616)
378b48b4e93597589693e6e5b612f4d46a70b7fac76f59425a01a881280d79bbc423e9a770b78cba6e2874056509ab700b9e5786438783cc2ad83931dee716f0,,02/26/2018 06:45:00 PM,30,NO CONTROLS,NO CONTROLS,CLEAR,DAYLIGHT,PARKED MOTOR VEHICLE,PARKING LOT,,STRAIGHT AND LEVEL,DRY,NO DEFECTS,NOT ON SCENE (DESK REPORT),NO INJURY / DRIVE AWAY,,,N,"OVER $1,500",02/27/2018 10:15:00 AM,UNABLE TO DETERMINE,NOT APPLICABLE,8300,S,STEWART AVE,622,,,,,,,2,NO INDICATION OF INJURY,0,0,0,0,0,0,1,18,2,2,41.7433981579,-87.6342517745,POINT (-87.634251774458 41.74339815788)
57c45cf3592783bf926098c0d7fbe0a75a5a406a6597b144b20655bb8f420e0198b07a2b11bc2ddfe9adf9fad4aeab368570bf8db700e0b2281592c5c6a5689a,,02/25/2018 11:00:00 AM,25,NO CONTROLS,UNKNOWN,UNKNOWN,UNKNOWN,PARKED MOTOR VEHICLE,ONE-WAY,,STRAIGHT AND LEVEL,UNKNOWN,UNKNOWN,NOT ON SCENE (DESK REPORT),NO INJURY / DRIVE AWAY,,,Y,"OVER $1,500",02/27/2018 11:26:00 AM,UNABLE TO DETERMINE,UNABLE TO DETERMINE,2200,N,CLARK ST,1812,,,,,,,2,NO INDICATION OF INJURY,0,0,0,0,0,0,1,11,1,2,41.921998432,-87.6384579419,POINT (-87.638457941942 41.921998431987)
b4d64bc11ea8f1533622dc20f0785ecc57d2955fcf237437c1282796d1959e780d104ea797854103ff485722f2a518ffdb7002a90bb1d5fc364bd1feace4b3f6,,02/24/2018 11:30:00 PM,35,TRAFFIC SIGNAL,UNKNOWN,RAIN,"DARKNESS, LIGHTED ROAD",TURNING,DIVIDED - W/MEDIAN BARRIER,4,STRAIGHT AND LEVEL,WET,NO DEFECTS,NOT ON SCENE (DESK REPORT),NO INJURY / DRIVE AWAY,Y,,,"OVER $1,500",02/24/2018 11:55:00 PM,FAILING TO YIELD RIGHT-OF-WAY,NOT APPLICABLE,149,N,WACKER DR,122,,,,,,,2,NO INDICATION OF INJURY,0,0,0,0,0,0,2,23,7,2,41.8844311103,-87.6366780052,POINT (-87.63667800524 41.884431110286)
46b700a455702ecf20bfa47328d97aafd15c1a2719654e7029e0733625441d1fd312dc3e84c40aacb77b68e6ee2b1457e6cc2fbdf7b6f7e3af59052a5978831f,,02/21/2018 07:49:00 PM,30,NO CONTROLS,NO CONTROLS,CLEAR,"DARKNESS, LIGHTED ROAD",FIXED OBJECT,NOT DIVIDED,2,STRAIGHT AND LEVEL,DRY,NO DEFECTS,NOT ON SCENE (DESK REPORT),INJURY AND / OR TOW DUE TO CRASH,,,,"OVER $1,500",02/21/2018 07:59:00 PM,NOT APPLICABLE,NOT APPLICABLE,338,E,63RD ST,311,,,,,,,1,NONINCAPACITATING INJURY,1,0,0,1,0,0,0,19,4,2,41.7803198844,-87.6172265634,POINT (-87.617226563408 41.780319884421)
dd307ab900108c0d6b1818365e257fd4b8ef7f74bf6a884f153076d4b9d2dc92d49e942c50b593f09a56cf0bb32b1131b700992cdad681c135f6e5030db636ff,,02/21/2018 01:45:00 PM,35,NO CONTROLS,NO CONTROLS,CLEAR,DAYLIGHT,REAR END,NOT DIVIDED,,STRAIGHT AND LEVEL,DRY,UNKNOWN,NOT ON SCENE (DESK REPORT),NO INJURY / DRIVE AWAY,,,,"$501 - $1,500",02/21/2018 04:13:00 PM,UNABLE TO DETERMINE,NOT APPLICABLE,8164,S,SOUTH CHICAGO AVE,414,,,,,,,2,NO INDICATION OF INJURY,0,0,0,0,0,0,3,13,4,2,41.7462901276,-87.5785494555,POINT (-87.578549455544 41.746290127623)
9ca4b950983aef63aada531182959d2c031f9d406263112b84d3569feb3ae9760605fbcc99b700cc13072f7441afbdee5afb0f4ed88f35b3e0a2545d62cd827e,,02/21/2018 10:15:00 AM,30,NO CONTROLS,NO CONTROLS,CLEAR,DAYLIGHT,ANGLE,ALLEY,,STRAIGHT AND LEVEL,DRY,NO DEFECTS,NOT ON SCENE (DESK REPORT),NO INJURY / DRIVE AWAY,,,,$500 OR LESS,02/21/2018 01:57:00 PM,IMPROPER BACKING,FAILING TO REDUCE SPEED TO AVOID CRASH,69,W,WASHINGTON ST,112,,,,,,,2,NO INDICATION OF INJURY,0,0,0,0,0,0,2,10,4,2,41.8831004792,-87.6301472293,POINT (-87.630147229272 41.883100479248)
2cbdda9b4ebf120450a28133d43ae4bbbf921e04446a534d2524855e6fce3fc5dcbeda7c87f26010189c6d29fc3cb7b6254af9b0ff7eb700de4c3a206f0f3d44,,02/21/2018 09:10:00 AM,30,TRAFFIC SIGNAL,FUNCTIONING IMPROPERLY,CLEAR,DAYLIGHT,SIDESWIPE SAME DIRECTION,DIVIDED - W/MEDIAN (NOT RAISED),,STRAIGHT AND LEVEL,DRY,NO DEFECTS,NOT ON SCENE (DESK REPORT),NO INJURY / DRIVE AWAY,,,Y,$500 OR LESS,02/21/2018 10:25:00 AM,UNABLE TO DETERMINE,UNABLE TO DETERMINE,207,W,95TH ST,511,,,,,,,2,NO INDICATION OF INJURY,0,0,0,0,0,0,2,9,4,2,41.7215463503,-87.6289778504,POINT (-87.628977850426 41.721546350344)
1a5b53f63f236899af376019e07d9b925eb7a10df3c30dcf70966e461e67915390bc305f9797c3176db2c2138d1e6b700f12d7b5c476f5062995bd013e8d4399,,02/20/2018 08:42:00 PM,30,TRAFFIC SIGNAL,FUNCTIONING PROPERLY,CLEAR,"DARKNESS, LIGHTED ROAD",REAR END,DIVIDED - W/MEDIAN BARRIER,4,STRAIGHT AND LEVEL,DRY,NO DEFECTS,ON SCENE,NO INJURY / DRIVE AWAY,,,,"OVER $1,500",02/20/2018 08:58:00 PM,FOLLOWING TOO CLOSELY,FAILING TO REDUCE SPEED TO AVOID CRASH,55,W,LOWER WACKER DR,111,,,,,,,2,NO INDICATION OF INJURY,0,0,0,0,0,0,2,20,3,2,41.8866795413,-87.6300159543,POINT (-87.630015954327 41.886679541267)
596fc53a417286ff6ee4ded378e533699994a2dc57d8d09c4f55982e4bd5708c836d1ff57c28672853c58048be552a6de2e5ded62731b70018a9a8a5ec4f4b16,,02/20/2018 04:55:00 PM,30,STOP SIGN/FLASHER,UNKNOWN,UNKNOWN,DAYLIGHT,TURNING,NOT DIVIDED,,STRAIGHT AND LEVEL,UNKNOWN,UNKNOWN,NOT ON SCENE (DESK REPORT),NO INJURY / DRIVE AWAY,,,,"$501 - $1,500",02/20/2018 09:40:00 PM,DISREGARDING STOP SIGN,UNABLE TO DETERMINE,1800,N,CENTRAL PARK AVE,2535,,,,,,,2,NO INDICATION OF INJURY,0,0,0,0,0,0,2,16,3,2,41.9137102531,-87.7168075764,POINT (-87.716807576405 41.913710253104)
aeea87b700bff37201cc3e146cee3c3d577c2307cf695252812ba9bb5d5eea25a5edae57d0c799349b2b9bd6f7808c118da3c5f7259e9a9bc04f5ebaa7591448,,02/18/2018 01:30:00 PM,30,STOP SIGN/FLASHER,FUNCTIONING PROPERLY,CLEAR,DAYLIGHT,REAR END,DIVIDED - W/MEDIAN (NOT RAISED),,STRAIGHT AND LEVEL,DRY,NO DEFECTS,NOT ON SCENE (DESK REPORT),NO INJURY / DRIVE AWAY,,,,"OVER $1,500",02/18/2018 03:40:00 PM,UNABLE TO DETERMINE,UNABLE TO DETERMINE,2899,W,PRATT BLVD,2412,,,,,,,2,NO INDICATION OF INJURY,0,0,0,0,0,0,2,13,1,2,42.0046945764,-87.7021510524,POINT (-87.702151052405 42.004694576418)
46851e5768ac14292460191e89bc60529c94ec0303a66297fa2ba1122cc7aac29381d08e15fe40befa11cd55cd32a87f792bffbc86b700ce6378c46a624672da,,02/15/2018 07:40:00 AM,30,NO CONTROLS,NO CONTROLS,CLEAR,DAYLIGHT,PEDESTRIAN,DIVIDED - W/MEDIAN BARRIER,,STRAIGHT AND LEVEL,WET,NO DEFECTS,ON SCENE,INJURY AND / OR TOW DUE TO CRASH,,,,$500 OR LESS,02/15/2018 07:44:00 AM,NOT APPLICABLE,NOT APPLICABLE,9825,S,HALSTED ST,2223,,,,,,,2,"REPORTED, NOT EVIDENT",1,0,0,0,1,0,1,7,5,2,41.7152115903,-87.642897335,POINT (-87.64289733499 41.715211590334)
b2586739773391e0f34b011c8f91e30fd58ee214984175728aecf8331f4f8e75689dd67952b4ab425b700e1a27e0c14e4efb15970bac28da2ce094bf872d4dbf,,02/11/2018 02:10:00 AM,30,NO CONTROLS,NO CONTROLS,SNOW,"DARKNESS, LIGHTED ROAD",PARKED MOTOR VEHICLE,DIVIDED - W/MEDIAN (NOT RAISED),2,STRAIGHT AND LEVEL,SNOW OR SLUSH,NO DEFECTS,ON SCENE,NO INJURY / DRIVE AWAY,,,,"$501 - $1,500",02/11/2018 02:14:00 AM,IMPROPER OVERTAKING/PASSING,IMPROPER LANE USAGE,2451,W,DIVERSEY AVE,1411,,,,,,,2,NO INDICATION OF INJURY,0,0,0,0,0,0,1,2,1,2,41.9320449289,-87.6899722645,POINT (-87.689972264458 41.932044928906)
cb0748456d12d35abc1ab2f3f2b9592b2145412e8318968e80b9aa3d8ff1c66ad37480f1ed3b5d997dbfda34d369b6900c14b7009673ba00f1f45097fd28d059,,02/08/2018 10:30:00 PM,35,STOP SIGN/FLASHER,FUNCTIONING PROPERLY,SNOW,"DARKNESS, LIGHTED ROAD",REAR END,NOT DIVIDED,2,STRAIGHT AND LEVEL,SNOW OR SLUSH,NO DEFECTS,ON SCENE,INJURY AND / OR TOW DUE TO CRASH,,,,"OVER $1,500",02/08/2018 10:38:00 PM,WEATHER,WEATHER,1847,W,WEBSTER AVE,1432,,,,,,,2,"REPORTED, NOT EVIDENT",1,0,0,0,1,0,1,22,5,2,41.9213362272,-87.6745905973,POINT (-87.674590597254 41.921336227155)
ddaff42d9b3f560c9e7b70027f71fa77599347a3380b0282ae2f423c96607c6c9221919268b221faebe3f5537d198169ccf450a8709882b9111875a6f29c2a3c,,02/06/2018 08:05:00 PM,30,NO CONTROLS,NO CONTROLS,SNOW,"DARKNESS, LIGHTED ROAD",SIDESWIPE OPPOSITE DIRECTION,PARKING LOT,,STRAIGHT AND LEVEL,SNOW OR SLUSH,NO DEFECTS,NOT ON SCENE (DESK REPORT),NO INJURY / DRIVE AWAY,,Y,,"OVER $1,500",02/13/2018 05:10:00 PM,IMPROPER BACKING,IMPROPER BACKING,3570,N,ELSTON AVE,1733,,,,,,,2,NO INDICATION OF INJURY,0,0,0,0,0,0,2,20,3,2,41.946057604,-87.7082301098,POINT (-87.708230109805 41.946057604016)