CRASH_RECORD_ID,CRASH_DATE_EST_I,CRASH_DATE,POSTED_SPEED_LIMIT,TRAFFIC_CONTROL_DEVICE,DEVICE_CONDITION,WEATHER_CONDITION,LIGHTING_CONDITION,FIRST_CRASH_TYPE,TRAFFICWAY_TYPE,LANE_CNT,ALIGNMENT,ROADWAY_SURFACE_COND,ROAD_DEFECT,REPORT_TYPE,CRASH_TYPE,INTERSECTION_RELATED_I,NOT_RIGHT_OF_WAY_I,HIT_AND_RUN_I,DAMAGE,DATE_POLICE_NOTIFIED,PRIM_CONTRIBUTORY_CAUSE,SEC_CONTRIBUTORY_CAUSE,STREET_NO,STREET_DIRECTION,STREET_NAME,BEAT_OF_OCCURRENCE,PHOTOS_TAKEN_I,STATEMENTS_TAKEN_I,DOORING_I,WORK_ZONE_I,WORK_ZONE_TYPE,WORKERS_PRESENT_I,NUM_UNITS,MOST_SEVERE_INJURY,INJURIES_TOTAL,INJURIES_FATAL,INJURIES_INCAPACITATING,INJURIES_NON_INCAPACITATING,INJURIES_REPORTED_NOT_EVIDENT,INJURIES_UNKNOWN,INJURIES_NO_INDICATION,CRASH_HOUR,CRASH_DAY_OF_WEEK,CRASH_MONTH,LATITUDE,LONGITUDE,LOCATION
0cce858a5a24360efc5797159210843de4070effd6898a751bf9d832709a8ffea2dd45d55b7b7000c24509f61c89d557149e4de81b43c3b16d53e59c440c4807,,02/02/2018 07:00:00 PM,30,NO CONTROLS,NO CONTROLS,CLEAR,"DARKNESS, LIGHTED ROAD",PARKED MOTOR VEHICLE,ONE-WAY,1,STRAIGHT AND LEVEL,DRY,NO DEFECTS,NOT ON SCENE (DESK REPORT),NO INJURY / DRIVE AWAY,,,,"$501 - $1,500",02/03/2018 05:55:00 PM,UNABLE TO DETERMINE,UNABLE TO DETERMINE,1518,E,73RD ST,324,,,,,,,2,NO INDICATION OF INJURY,0,0,0,0,0,0,2,19,6,2,41.762508812,-87.5877287386,POINT (-87.587728738564 41.762508812039)
30a475f39455e6fec3dbcccfeb700ea992528f9f6feb73bd7c1bdc67fb571114c1f92b89493397f7932d72711aa10e2b97c640143b5e77e289e1e24b0fccb2ca,Y,01/24/2018 06:00:00 AM,30,NO CONTROLS,NO CONTROLS,CLOUDY/OVERCAST,"DARKNESS, LIGHTED ROAD",PARKED MOTOR VEHICLE,PARKING LOT,,STRAIGHT AND LEVEL,OTHER,NO DEFECTS,ON SCENE,NO INJURY / DRIVE AWAY,,Y,Y,$500 OR LESS,01/24/2018 06:35:00 AM,IMPROPER BACKING,UNABLE TO DETERMINE,12300,S,BURLEY AVE,433,,,,,,,2,NO INDICATION OF INJURY,0,0,0,0,0,0,1,6,4,1,41.6711851099,-87.5441185952,POINT (-87.544118595185 41.671185109888)
51a561f69ada5b700be7e0c65059ffa5de893f0d695487ebaf7f7fef4bec12b542601fda3aecaf2c722a2c0a3257b42e654d1d7bc74c533cd2070db133ded414,,01/19/2018 03:30:00 PM,30,STOP SIGN/FLASHER,UNKNOWN,UNKNOWN,UNKNOWN,REAR END,DIVIDED - W/MEDIAN (NOT RAISED),,STRAIGHT AND LEVEL,UNKNOWN,UNKNOWN,NOT ON SCENE (DESK REPORT),NO INJURY / DRIVE AWAY,,,,"$501 - $1,500",01/19/2018 04:15:00 PM,UNABLE TO DETERMINE,UNABLE TO DETERMINE,1331,N,CENTRAL AVE,2532,,,,,,,2,NO INDICATION OF INJURY,0,0,0,0,0,0,3,15,6,1,41.9048103582,-87.7656035599,POINT (-87.765603559899 41.904810358202)
02819cc6552a80d13665a9cf577fb8b218ead3c33dd44c68906dcc887837c9c8bd222aa752a4d60933e8c630cab37cf92e9dbfe70b894aa4ad47b700026c0066,N,01/19/2018 06:00:00 AM,30,NO CONTROLS,NO CONTROLS,CLEAR,DAYLIGHT,PARKED MOTOR VEHICLE,NOT DIVIDED,2,STRAIGHT AND LEVEL,DRY,NO DEFECTS,ON SCENE,NO INJURY / DRIVE AWAY,,,Y,"OVER $1,500",01/19/2018 02:53:00 PM,NOT APPLICABLE,NOT APPLICABLE,1520,S,UNION AVE,1232,,,,,,,2,NO INDICATION OF INJURY,0,0,0,0,0,0,1,6,6,1,41.8611550692,-87.6450509854,POINT (-87.645050985356 41.861155069224)
e21ce97b45b30142ef63adb70080985345e3a18a946d0cef16583340ccc238ca679d1043b32d0bfb73f3a48d12bbdcc272997f5aca6c6349cfe8903dfe862329,,01/17/2018 01:37:00 PM,30,TRAFFIC SIGNAL,FUNCTIONING PROPERLY,CLEAR,DAYLIGHT,TURNING,DIVIDED - W/MEDIAN (NOT RAISED),4,STRAIGHT AND LEVEL,UNKNOWN,NO DEFECTS,NOT ON SCENE (DESK REPORT),NO INJURY / DRIVE AWAY,,,,"OVER $1,500",01/17/2018 01:52:00 PM,IMPROPER LANE USAGE,NOT APPLICABLE,3759,W,CHICAGO AVE,1112,,,,,,,2,NO INDICATION OF INJURY,0,0,0,0,0,0,2,13,4,1,41.8953038464,-87.7211291036,POINT (-87.721129103593 41.895303846381)
210db2f3ae39fb70090874136ec631983df4d84fae12ec3192e5bc59e5525422046f07a47688ca994599fdac06cf9578a8ff2d6ce44ef30545daca38d4fc12be,,01/17/2018 05:56:00 AM,30,NO CONTROLS,NO CONTROLS,CLEAR,DAWN,REAR END,DIVIDED - W/MEDIAN BARRIER,4,STRAIGHT AND LEVEL,DRY,NO DEFECTS,NOT ON SCENE (DESK REPORT),NO INJURY / DRIVE AWAY,,,,"OVER $1,500",01/17/2018 03:59:00 PM,FOLLOWING TOO CLOSELY,NOT APPLICABLE,5800,S,LAKE SHORE DR,331,,,,,,,2,NO INDICATION OF INJURY,0,0,0,0,0,0,2,5,4,1,41.7899789931,-87.5790202486,POINT (-87.579020248594 41.789978993058)
25679a78413d1120b8794113fd092a29b008f8a6c9d4e6ede6c6cef7f78fd4f35b8d7af372474f25f33499dc32e897db2fb700e8d9c827c8ebb8f275646e4c73,,01/16/2018 04:30:00 AM,30,NO CONTROLS,NO CONTROLS,CLEAR,DAWN,FIXED OBJECT,DRIVEWAY,,STRAIGHT AND LEVEL,WET,OTHER,NOT ON SCENE (DESK REPORT),NO INJURY / DRIVE AWAY,,N,,"OVER $1,500",01/20/2018 01:32:00 PM,WEATHER,WEATHER,9621,S,LONGWOOD DR,2213,,,,,,,2,NO INDICATION OF INJURY,0,0,0,0,0,0,1,4,3,1,41.718651952,-87.6689277809,POINT (-87.668927780884 41.718651952029)
12c526863e09fca7d4b4ab32e545c022627d43e19accfb4c11ae609623e007394cd94d79fbf6cee760dfbf90e7266f5652cf6f8445a0eab0d7ec2cb63a7b700d,,01/11/2018 05:25:00 PM,30,UNKNOWN,UNKNOWN,UNKNOWN,DUSK,TURNING,DIVIDED - W/MEDIAN (NOT RAISED),2,STRAIGHT AND LEVEL,UNKNOWN,UNKNOWN,NOT ON SCENE (DESK REPORT),NO INJURY / DRIVE AWAY,,,Y,"$501 - $1,500",01/16/2018 04:00:00 PM,UNABLE TO DETERMINE,UNABLE TO DETERMINE,9458,S,SOUTH CHICAGO AVE,424,,,,,,,2,NO INDICATION OF INJURY,0,0,0,0,0,0,3,17,5,1,41.723322122,-87.5465428539,POINT (-87.54654285392 41.723322121999)
8ccd341a94ac0abcda1bf9688552984770877b6b9ef04bdc5feb65f2b777b7298668fd9b58d73e13686fa65eabe4078cae5bdca365121b700d8f5eb92b9fb332,,01/10/2018 09:30:00 AM,25,STOP SIGN/FLASHER,FUNCTIONING PROPERLY,CLOUDY/OVERCAST,DAYLIGHT,PARKED MOTOR VEHICLE,DIVIDED - W/MEDIAN (NOT RAISED),2,STRAIGHT AND LEVEL,WET,NO DEFECTS,ON SCENE,INJURY AND / OR TOW DUE TO CRASH,,,,"OVER $1,500",01/10/2018 09:37:00 AM,WEATHER,NOT APPLICABLE,4211,W,FIFTH AVE,1132,,,,,,,2,NO INDICATION OF INJURY,0,0,0,0,0,0,1,9,4,1,41.8714400587,-87.730579842,POINT (-87.730579841967 41.871440058728)
b5549e979516357093f6b4b52270837c2d2806ddd12d051fd8e77c81dcf60e310faf962ef97ffc91474156f0017a3cb70008dde975b1eb8ad389ac4c9904e437,,01/09/2018 05:15:00 PM,15,STOP SIGN/FLASHER,FUNCTIONING PROPERLY,CLEAR,"DARKNESS, LIGHTED ROAD",TURNING,NOT DIVIDED,,STRAIGHT AND LEVEL,DRY,NO DEFECTS,NOT ON SCENE (DESK REPORT),NO INJURY / DRIVE AWAY,Y,,,"OVER $1,500",01/09/2018 07:15:00 PM,FAILING TO YIELD RIGHT-OF-WAY,UNABLE TO DETERMINE,6200,S,COTTAGE GROVE AVE,313,,,,,,,2,NO INDICATION OF INJURY,0,0,0,0,0,0,2,17,3,1,41.7821402603,-87.6061137012,POINT (-87.606113701174 41.782140260312)
e31df95c697c1cd3b700d66d0c1b8cfeb6caae0b8a75bc0536372e30a74d6614b66d9baa857bfd3564f650af532fa7a2617414bd642e67398e16ad19d79d2ae4,,01/09/2018 01:03:00 AM,30,NO CONTROLS,NO CONTROLS,OTHER,"DARKNESS, LIGHTED ROAD",PEDESTRIAN,NOT DIVIDED,4,STRAIGHT AND LEVEL,ICE,OTHER,ON SCENE,INJURY AND / OR TOW DUE TO CRASH,,,Y,"OVER $1,500",01/09/2018 01:03:00 AM,UNABLE TO DETERMINE,UNABLE TO DETERMINE,5000,S,KEDZIE AVE,821,,,,,,,2,INCAPACITATING INJURY,1,0,1,0,0,0,1,1,3,1,41.8024884297,-87.7039611613,POINT (-87.703961161269 41.802488429736)
98c77ef5dfd32db61aa69c04b9ae70b005d5fd04454e62afbc7d3e5312a1022dd3401b5178b0a3ba856228c273b700007d79f50d5b5fbf1a03e84bc6b3c103d7,,01/09/2018 01:00:00 AM,30,NO CONTROLS,NO CONTROLS,FOG/SMOKE/HAZE,DARKNESS,PARKED MOTOR VEHICLE,PARKING LOT,,STRAIGHT AND LEVEL,WET,NO DEFECTS,NOT ON SCENE (DESK REPORT),NO INJURY / DRIVE AWAY,,,Y,"OVER $1,500",01/09/2018 12:00:00 PM,UNABLE TO DETERMINE,UNABLE TO DETERMINE,10000,W,OHARE ST,1651,,,,,,,2,NO INDICATION OF INJURY,0,0,0,0,0,0,1,1,3,1,41.976201139,-87.9053091251,POINT (-87.905309125103 41.976201139024)
7f65e1a8b5c84c7a46d9d93571c133595d084e416121b309d3d24a3ea9ed1e1e3618a7b9b700720dd4b76d71973aa22934fc6ba231cbb3e03ef0dc3f5fd5e950,,01/07/2018 08:25:00 PM,30,TRAFFIC SIGNAL,FUNCTIONING PROPERLY,RAIN,"DARKNESS, LIGHTED ROAD",TURNING,OTHER,4,STRAIGHT AND LEVEL,SNOW OR SLUSH,NO DEFECTS,NOT ON SCENE (DESK REPORT),NO INJURY / DRIVE AWAY,Y,,,$500 OR LESS,01/07/2018 09:20:00 PM,FOLLOWING TOO CLOSELY,FOLLOWING TOO CLOSELY,628,N,CLARK ST,1832,,,,,,,2,NO INDICATION OF INJURY,0,0,0,0,0,0,2,20,1,1,41.8931876284,-87.6313147202,POINT (-87.631314720159 41.893187628353)
5dda31720987c8f6693dd221c5bade71bec41d058b8d526ede91014b47a623452fe2ebe2fd2950c4a9b82b700d30bd3731e1af3031fe6419e626da8d4eb50115,Y,01/07/2018 03:15:00 PM,30,TRAFFIC SIGNAL,FUNCTIONING PROPERLY,SNOW,DAYLIGHT,SIDESWIPE SAME DIRECTION,DIVIDED - W/MEDIAN (NOT RAISED),,STRAIGHT AND LEVEL,SNOW OR SLUSH,NO DEFECTS,NOT ON SCENE (DESK REPORT),NO INJURY / DRIVE AWAY,,,,"OVER $1,500",01/07/2018 05:35:00 PM,IMPROPER OVERTAKING/PASSING,IMPROPER OVERTAKING/PASSING,7545,N,CLARK ST,2422,,,,,,,2,NO INDICATION OF INJURY,0,0,0,0,0,0,2,15,1,1,42.0189942204,-87.675996065,POINT (-87.675996065019 42.018994220388)
b4a6e68fca746d11f326ed73995471a4f0417042ac60037b640c5c3d7fb3694c670eecebc949bf91669bd3d8317c3b700821ad3c0f6ecf33184b1da2121a42fb,,01/05/2018 05:50:00 PM,30,NO CONTROLS,NO CONTROLS,CLEAR,"DARKNESS, LIGHTED ROAD",REAR END,NOT DIVIDED,2,STRAIGHT AND LEVEL,DRY,NO DEFECTS,NOT ON SCENE (DESK REPORT),NO INJURY / DRIVE AWAY,,,,"OVER $1,500",01/05/2018 06:20:00 PM,FOLLOWING TOO CLOSELY,NOT APPLICABLE,7800,W,FOREST PRESERVE AVE,1631,,,,,,,2,NO INDICATION OF INJURY,0,0,0,0,0,0,5,17,6,1,41.9466287627,-87.822290411,POINT (-87.822290411039 41.946628762704)
822be1fbafe04041f05b700d9d0ab446f42a1e3ffe178124a2736fc1c784d966ba67e88e9357c640011dd91c46e500c7f7a54aecda1fb3311d396327c38706ae,,01/02/2018 03:55:00 PM,35,TRAFFIC SIGNAL,FUNCTIONING PROPERLY,CLEAR,DUSK,REAR END,NOT DIVIDED,,STRAIGHT AND LEVEL,UNKNOWN,NO DEFECTS,NOT ON SCENE (DESK REPORT),NO INJURY / DRIVE AWAY,Y,,,"OVER $1,500",01/02/2018 05:57:00 PM,UNABLE TO DETERMINE,NOT APPLICABLE,5450,S,COTTAGE GROVE AVE,233,,,,,,,2,NO INDICATION OF INJURY,0,0,0,0,0,0,2,15,3,1,41.7952725057,-87.6063877008,POINT (-87.606387700843 41.795272505653)
1986e09a26608a17f96895289d37ca85b46a220203a50792709fa8aa072c8fd1328b59df97de91a9b0429dac985bfbade42025942153f5873e3cb70016c6580b,,01/02/2018 12:30:00 PM,30,NO CONTROLS,NO CONTROLS,CLEAR,DAYLIGHT,PARKED MOTOR VEHICLE,OTHER,1,STRAIGHT AND LEVEL,OTHER,UNKNOWN,NOT ON SCENE (DESK REPORT),NO INJURY / DRIVE AWAY,,,Y,"$501 - $1,500",01/03/2018 03:55:00 PM,UNABLE TO DETERMINE,UNABLE TO DETERMINE,3745,N,LINCOLN AVE,1922,,,,,,,2,NO INDICATION OF INJURY,0,0,0,0,0,0,1,12,3,1,41.9499611711,-87.6756711293,POINT (-87.675671129255 41.949961171142)
1bb82ea2a0d8328e5c2a0f6423ad5c5a5ba22c0a59f759363ec2aa9ab56bfa178ebb30c0e156c27f3c941658acbc2e6b40db227edb6c599e52f82b5bb700daf5,,01/02/2018 08:00:00 AM,30,NO CONTROLS,NO CONTROLS,CLEAR,DAYLIGHT,PARKED MOTOR VEHICLE,DIVIDED - W/MEDIAN BARRIER,,STRAIGHT AND LEVEL,DRY,NO DEFECTS,ON SCENE,INJURY AND / OR TOW DUE TO CRASH,,,Y,"OVER $1,500",01/02/2018 08:04:00 AM,UNABLE TO DETERMINE,NOT APPLICABLE,5118,S,LAKE PARK AVE,234,,,,,,,2,"REPORTED, NOT EVIDENT",1,0,0,0,1,0,0,8,3,1,41.8018296312,-87.5878260477,POINT (-87.587826047696 41.801829631168)
a54a26a8db318915d972b1768c486f80cc4218c4abe319adab7b45e7568e699b62b5cca8d3db38e1b348015a9fda3719682826edd8c8b700036c28c17ad08681,,01/01/2018 02:27:00 AM,30,NO CONTROLS,NO CONTROLS,SNOW,"DARKNESS, LIGHTED ROAD",PARKED MOTOR VEHICLE,NOT DIVIDED,,STRAIGHT AND LEVEL,SNOW OR SLUSH,NO DEFECTS,ON SCENE,INJURY AND / OR TOW DUE TO CRASH,,,Y,"OVER $1,500",01/01/2018 03:03:00 AM,UNABLE TO DETERMINE,UNABLE TO DETERMINE,8511,S,JEFFERY BLVD,412,,,,,,,4,NO INDICATION OF INJURY,0,0,0,0,0,0,1,2,2,1,41.7403226357,-87.5756235536,POINT (-87.57562355364 41.740322635708)
50f5d58f163d53dbc71e3666136e1d0a5bdd2112446d895e7acc226b4cbb0042d74eb78b3272aa59b0819ea6dd6386dc5d469b21f3406f1d428c4a2b70002003,,12/26/2017 12:30:00 AM,30,NO CONTROLS,NO CONTROLS,SNOW,"DARKNESS, LIGHTED ROAD",PARKED MOTOR VEHICLE,OTHER,1,STRAIGHT AND LEVEL,SNOW OR SLUSH,UNKNOWN,NOT ON SCENE (DESK REPORT),NO INJURY / DRIVE AWAY,,,Y,"$501 - $1,500",12/26/2017 12:00:00 PM,WEATHER,UNABLE TO DETERMINE,11713,S,BISHOP ST,524,,,,,,,2,NO INDICATION OF INJURY,0,0,0,0,0,0,1,0,3,12,41.6808051039,-87.6576905371,POINT (-87.657690537074 41.680805103871)
7f3ea49655e023c88dcc94e8eebdda3e923782ef72dac82ab4b4f58fe0ba38e0d137e65c7c38e85a32aa9575ec8479762b8027591884b700cec5b8df9f95ecf1,,12/24/2017 12:45:00 PM,30,NO CONTROLS,NO CONTROLS,SNOW,DAYLIGHT,PARKED MOTOR VEHICLE,NOT DIVIDED,,STRAIGHT AND LEVEL,SNOW OR SLUSH,UNKNOWN,NOT ON SCENE (DESK REPORT),NO INJURY / DRIVE AWAY,,,Y,"$501 - $1,500",12/24/2017 01:45:00 PM,UNABLE TO DETERMINE,UNABLE TO DETERMINE,5641,W,DAKIN ST,1633,,,,,,,2,NO INDICATION OF INJURY,0,0,0,0,0,0,1,12,1,12,41.9521053044,-87.768603654,POINT (-87.768603653996 41.952105304417)
74e583155a3b700213bbb73bbd717de56a7b438f3197183bd0b4152b32c09fd0c00d03c0c2b898f4c110bbb0454c3add1feadb2935e90be823c890c6376e5a88,,12/24/2017 12:41:00 AM,30,NO CONTROLS,FUNCTIONING PROPERLY,CLEAR,"DARKNESS, LIGHTED ROAD",PARKED MOTOR VEHICLE,DIVIDED - W/MEDIAN (NOT RAISED),,STRAIGHT AND LEVEL,DRY,NO DEFECTS,ON SCENE,NO INJURY / DRIVE AWAY,,,Y,"OVER $1,500",12/24/2017 01:10:00 AM,UNABLE TO DETERMINE,UNABLE TO DETERMINE,2637,W,LUNT AVE,2411,,,,,,,3,NO INDICATION OF INJURY,0,0,0,0,0,0,1,0,1,12,42.0084188666,-87.6964261379,POINT (-87.696426137859 42.008418866584)
1fd6ed6f96255eeab4682be9209a24cce129b6d8505707165aef70827aa50581832ecf6072dcdadef70ecb7003ce093ee7aba5ec7eea3d372393a9f017a1bf41,,12/21/2017 09:02:00 AM,30,TRAFFIC SIGNAL,FUNCTIONING PROPERLY,CLEAR,DAYLIGHT,PEDESTRIAN,ONE-WAY,4,STRAIGHT AND LEVEL,DRY,NO DEFECTS,ON SCENE,NO INJURY / DRIVE AWAY,Y,,,$500 OR LESS,12/21/2017 09:02:00 AM,TURNING RIGHT ON RED,NOT APPLICABLE,299,S,JEFFERSON ST,121,,,,,,,2,NO INDICATION OF INJURY,0,0,0,0,0,0,2,9,5,12,41.8780356604,-87.6423899056,POINT (-87.642389905642 41.878035660406)
474c6536d9f96d97ec5cb835b700804bc8bb88abb05b735cf4dded3822e5d1bc7ac9ede74ef00546801ad69c47c661f04a48411d0fc515b8112da41776c637db,,12/17/2017 12:34:00 PM,35,NO CONTROLS,NO CONTROLS,CLEAR,DAYLIGHT,FIXED OBJECT,DIVIDED - W/MEDIAN BARRIER,,STRAIGHT AND LEVEL,DRY,NO DEFECTS,ON SCENE,INJURY AND / OR TOW DUE TO CRASH,,,,"$501 - $1,500",12/17/2017 01:14:00 PM,NOT APPLICABLE,NOT APPLICABLE,5640,W,MADISON ST,1513,,,,,,,1,NO INDICATION OF INJURY,0,0,0,0,0,0,1,12,1,12,41.8803317504,-87.7664172061,POINT (-87.766417206066 41.880331750418)
763da1b700c4e67fa09f90e62a3f58fc8ae1de4b659a906106f5761c8e17c87e20ce2f0fc19f91fb690f510892560cf820f2c12f281c0384db45ca61eab92c43,Y,12/16/2017 09:25:00 PM,30,TRAFFIC SIGNAL,FUNCTIONING PROPERLY,CLEAR,DAYLIGHT,TURNING,NOT DIVIDED,2,STRAIGHT AND LEVEL,DRY,NO DEFECTS,,NO INJURY / DRIVE AWAY,,,,"$501 - $1,500",12/17/2017 05:29:00 PM,IMPROPER TURNING/NO SIGNAL,NOT APPLICABLE,3300,S,DAMEN AVE,912,,,,,,,2,NO INDICATION OF INJURY,0,0,0,0,0,0,2,21,7,12,41.8339634962,-87.6755215865,POINT (-87.675521586541 41.833963496158)
468143b4a203df9ec32d618b0759d5cb31eefe519045e1ff4a5ee1420fa2b68590f0fd180051e072956a795a3079bc0664e2701fd523aab7007b8584d0714263,,12/16/2017 03:10:00 PM,45,NO CONTROLS,NO CONTROLS,CLEAR,DAYLIGHT,REAR END,DIVIDED - W/MEDIAN BARRIER,8,STRAIGHT AND LEVEL,DRY,NO DEFECTS,NOT ON SCENE (DESK REPORT),NO INJURY / DRIVE AWAY,,,,"OVER $1,500",12/16/2017 04:40:00 PM,FOLLOWING TOO CLOSELY,"VISION OBSCURED (SIGNS, TREE LIMBS, BUILDINGS, ETC.)",1530,N,LAKE SHORE DR,1824,,,,,,,2,NO INDICATION OF INJURY,0,0,0,0,0,0,2,15,7,12,41.9104103625,-87.6263677793,POINT (-87.626367779331 41.910410362549)
0ede56ef2f1a40123b7d09b55932679f4bb510b8292a2b700284caae844b91f31f0b3c74f6fb00fc902abb7d81ed4470769e3ad6f316ea3e0471408dd22c8f9b,,12/16/2017 10:40:00 AM,30,NO CONTROLS,NO CONTROLS,CLEAR,DAYLIGHT,REAR END,NOT DIVIDED,4,STRAIGHT AND LEVEL,DRY,NO DEFECTS,NOT ON SCENE (DESK REPORT),NO INJURY / DRIVE AWAY,,,,"OVER $1,500",12/16/2017 12:50:00 PM,FOLLOWING TOO CLOSELY,FAILING TO REDUCE SPEED TO AVOID CRASH,5874,S,ARCHER AVE,814,,,,,,,2,NO INDICATION OF INJURY,0,0,0,0,0,0,2,10,7,12,41.795918388,-87.7617807891,POINT (-87.761780789101 41.795918387995)
375cab700c825cc4c7174e7e26cccd5b4082951ad14487c4748a106f7a05f9e30c3e945a8c38769520e0859dbef90a5f9829671ca2ae9b6ee2958dd41f9178c7,,12/15/2017 01:30:00 PM,30,TRAFFIC SIGNAL,FUNCTIONING PROPERLY,CLEAR,DAYLIGHT,REAR END,DIVIDED - W/MEDIAN (NOT RAISED),4,STRAIGHT AND LEVEL,DRY,NO DEFECTS,NOT ON SCENE (DESK REPORT),NO INJURY / DRIVE AWAY,,,,"OVER $1,500",12/15/2017 02:10:00 PM,FOLLOWING TOO CLOSELY,NOT APPLICABLE,101,S,STATE ST,112,,,,,,,2,NO INDICATION OF INJURY,0,0,0,0,0,0,2,13,6,12,41.8807058074,-87.627582584,POINT (-87.627582584019 41.880705807355)
85317bc6dc0a36e10997fd5f038b33a5b0ed676c5253bbca4e8bd9b700130a65f7be9281990c0b84aae017c14c6ccf9d2c4d1c50e2b9e8db44b08f3d13e3a3c5,Y,12/09/2017 02:50:00 PM,30,TRAFFIC SIGNAL,UNKNOWN,CLEAR,DAYLIGHT,REAR END,DIVIDED - W/MEDIAN (NOT RAISED),4,STRAIGHT AND LEVEL,DRY,UNKNOWN,NOT ON SCENE (DESK REPORT),NO INJURY / DRIVE AWAY,,,,"$501 - $1,500",12/09/2017 03:22:00 PM,UNABLE TO DETERMINE,UNABLE TO DETERMINE,4136,S,CICERO AVE,814,,,,,,,2,NO INDICATION OF INJURY,0,0,0,0,0,0,2,14,7,12,41.8172374038,-87.7435625187,POINT (-87.743562518738 41.817237403837)
efc176b5f4ceff8b3356ca0599966340a704b4693eb38aa2e680cd060044b7abb7007c0538987003bbfcc85adbff8fbf4e5b163b0909a51062e200793501c4e2,,12/09/2017 02:15:00 AM,30,NO CONTROLS,NO CONTROLS,SNOW,"DARKNESS, LIGHTED ROAD",SIDESWIPE SAME DIRECTION,DIVIDED - W/MEDIAN BARRIER,4,STRAIGHT AND LEVEL,WET,NO DEFECTS,ON SCENE,NO INJURY / DRIVE AWAY,,,,"OVER $1,500",12/09/2017 02:23:00 AM,FOLLOWING TOO CLOSELY,UNABLE TO DETERMINE,301,W,ROOSEVELT RD,124,,,,,,,2,NO INDICATION OF INJURY,0,0,0,0,0,0,3,2,7,12,41.867204608,-87.6347608319,POINT (-87.634760831867 41.867204608049)
fbdd9b700bfb9de3b1a780d70582fc37d1a5064cfc7e1d2c81780762e70ba20f906eabd1304bc88978d7edfa30335da88a1346b96083d0139dbdeaae1a8387b0,,12/08/2017 12:31:00 PM,30,NO CONTROLS,NO CONTROLS,CLEAR,DAYLIGHT,REAR END,DIVIDED - W/MEDIAN BARRIER,,STRAIGHT AND LEVEL,DRY,NO DEFECTS,NOT ON SCENE (DESK REPORT),NO INJURY / DRIVE AWAY,,,Y,"OVER $1,500",12/08/2017 08:30:00 PM,UNABLE TO DETERMINE,NOT APPLICABLE,9450,S,STONY ISLAND AVE,413,,,,,,,2,NO INDICATION OF INJURY,0,0,0,0,0,0,2,12,6,12,41.7225941565,-87.5852911401,POINT (-87.585291140083 41.722594156536)
2540889eb5e5733296a4273e573abfff965181eccfb49cd80f18ffcdfb87c1308a866f17b1a78739aadb1dbbac54e85749812c032853214464b7003ddc92dcbd,,12/05/2017 08:15:00 PM,30,NO CONTROLS,NO CONTROLS,CLEAR,"DARKNESS, LIGHTED ROAD",TURNING,NOT DIVIDED,2,STRAIGHT AND LEVEL,DRY,NO DEFECTS,NOT ON SCENE (DESK REPORT),INJURY AND / OR TOW DUE TO CRASH,N,,Y,"OVER $1,500",12/05/2017 08:30:00 PM,"OPERATING VEHICLE IN ERRATIC, RECKLESS, CARELESS, NEGLIGENT OR AGGRESSIVE MANNER",IMPROPER OVERTAKING/PASSING,1499,N,CLYBOURN AVE,1822,,,,,,,2,"REPORTED, NOT EVIDENT",2,0,0,0,2,0,1,20,3,12,41.9086379823,-87.64613715,POINT (-87.646137149953 41.908637982328)
fb01065e78fb4919c6f4198c4da9fc965350016b9d486e2fab9cf2e8d5dd393efb700330cf56079a9fa1bfc18cf3391f861914eba9cb4e26ced225eb677cc07e,,12/01/2017 07:00:00 PM,30,NO CONTROLS,NO CONTROLS,CLEAR,DARKNESS,SIDESWIPE SAME DIRECTION,NOT DIVIDED,2,STRAIGHT AND LEVEL,UNKNOWN,UNKNOWN,NOT ON SCENE (DESK REPORT),NO INJURY / DRIVE AWAY,,,,$500 OR LESS,12/04/2017 01:48:00 PM,IMPROPER OVERTAKING/PASSING,IMPROPER OVERTAKING/PASSING,4225,N,SHERIDAN RD,1915,,,,,,,2,NO INDICATION OF INJURY,0,0,0,0,0,0,3,19,6,12,41.9591962522,-87.6545308998,POINT (-87.654530899813 41.959196252222)
66efb739d08e8e070b700e60c5a1b7cd83703860cb0e4e394ae654dc767c2658b7912c64c6d700d63e87371f70f8542a81a947ad7b4604712851e8409fe9a260,,11/29/2017 12:01:00 AM,30,NO CONTROLS,NO CONTROLS,UNKNOWN,UNKNOWN,PARKED MOTOR VEHICLE,NOT DIVIDED,,STRAIGHT AND LEVEL,UNKNOWN,UNKNOWN,ON SCENE,NO INJURY / DRIVE AWAY,,,Y,"$501 - $1,500",11/29/2017 11:04:00 AM,IMPROPER LANE USAGE,NOT APPLICABLE,3127,W,46TH ST,922,,,,,,,2,NO INDICATION OF INJURY,0,0,0,0,0,0,1,0,4,11,41.8098489708,-87.7027517341,POINT (-87.702751734076 41.809848970831)
f886399358ec06f67a4275eb7dcb482d640eb6513e7c7e20fe55cbfdf83ece7a4cfe61f1845db0c00f2301c21ce6bb1866805ed683af068e2b3d0c92b70082bc,,11/27/2017 11:10:00 AM,15,UNKNOWN,UNKNOWN,UNKNOWN,DAYLIGHT,FIXED OBJECT,ALLEY,,STRAIGHT AND LEVEL,DRY,UNKNOWN,ON SCENE,NO INJURY / DRIVE AWAY,,,,"OVER $1,500",11/27/2017 11:16:00 AM,UNABLE TO DETERMINE,NOT APPLICABLE,3421,W,ARMITAGE AVE,1422,,,,,,,1,NO INDICATION OF INJURY,0,0,0,0,0,0,1,11,2,11,41.9172221153,-87.7127917084,POINT (-87.712791708408 41.91722211534)