CRASH_RECORD_ID,CRASH_DATE_EST_I,CRASH_DATE,POSTED_SPEED_LIMIT,TRAFFIC_CONTROL_DEVICE,DEVICE_CONDITION,WEATHER_CONDITION,LIGHTING_CONDITION,FIRST_CRASH_TYPE,TRAFFICWAY_TYPE,LANE_CNT,ALIGNMENT,ROADWAY_SURFACE_COND,ROAD_DEFECT,REPORT_TYPE,CRASH_TYPE,INTERSECTION_RELATED_I,NOT_RIGHT_OF_WAY_I,HIT_AND_RUN_I,DAMAGE,DATE_POLICE_NOTIFIED,PRIM_CONTRIBUTORY_CAUSE,SEC_CONTRIBUTORY_CAUSE,STREET_NO,STREET_DIRECTION,STREET_NAME,BEAT_OF_OCCURRENCE,PHOTOS_TAKEN_I,STATEMENTS_TAKEN_I,DOORING_I,WORK_ZONE_I,WORK_ZONE_TYPE,WORKERS_PRESENT_I,NUM_UNITS,MOST_SEVERE_INJURY,INJURIES_TOTAL,INJURIES_FATAL,INJURIES_INCAPACITATING,INJURIES_NON_INCAPACITATING,INJURIES_REPORTED_NOT_EVIDENT,INJURIES_UNKNOWN,INJURIES_NO_INDICATION,CRASH_HOUR,CRASH_DAY_OF_WEEK,CRASH_MONTH,LATITUDE,LONGITUDE,LOCATION
96b3a856257e21f326e53f1535aad30a0d2baa4ac92333cb5b1717fa5e24c35483918059d3ec353afd451552b7000ec4f1f34ad09cf9169773bea984fd582a37,,11/24/2017 07:47:00 PM,30,TRAFFIC SIGNAL,FUNCTIONING PROPERLY,CLEAR,"DARKNESS, LIGHTED ROAD",TURNING,NOT DIVIDED,,STRAIGHT AND LEVEL,DRY,NO DEFECTS,ON SCENE,NO INJURY / DRIVE AWAY,Y,,,"OVER $1,500",11/24/2017 07:51:00 PM,FAILING TO REDUCE SPEED TO AVOID CRASH,FAILING TO YIELD RIGHT-OF-WAY,6699,S,CALIFORNIA AVE,831,,,,,,,2,NO INDICATION OF INJURY,0,0,0,0,0,0,3,19,6,11,41.7719167655,-87.6930619186,POINT (-87.693061918589 41.771916765496)
77d64807cc886da25a7052c5780924e02cd1342659061d7a5972423ba6d78ea2164083a75a3c2bcb90ac35ad6685f440bd75ea65e95de831b70059048d910cca,,11/23/2017 06:50:00 PM,30,TRAFFIC SIGNAL,FUNCTIONING PROPERLY,CLEAR,"DARKNESS, LIGHTED ROAD",TURNING,NOT DIVIDED,5,STRAIGHT AND LEVEL,DRY,NO DEFECTS,NOT ON SCENE (DESK REPORT),NO INJURY / DRIVE AWAY,Y,,,"$501 - $1,500",11/23/2017 07:15:00 PM,IMPROPER LANE USAGE,UNABLE TO DETERMINE,351,W,BELMONT AVE,1934,,,,,,,2,NO INDICATION OF INJURY,0,0,0,0,0,0,5,18,5,11,41.9400726314,-87.6390935079,POINT (-87.639093507898 41.940072631408)
84a9511077752f093a4d3f717dc84c02b1a08003d10ce159b6fd7b8b70064291cb74931ba36e8d911d09c998111279700b24f8e3a0749e954e0a9b1e40f13c41,,11/21/2017 03:45:00 PM,30,NO CONTROLS,NO CONTROLS,CLEAR,DAYLIGHT,SIDESWIPE SAME DIRECTION,NOT DIVIDED,,STRAIGHT AND LEVEL,DRY,NO DEFECTS,NOT ON SCENE (DESK REPORT),NO INJURY / DRIVE AWAY,,,,"OVER $1,500",11/21/2017 03:56:00 PM,NOT APPLICABLE,NOT APPLICABLE,5500,S,KILBOURN AVE,813,,,,,,,2,NO INDICATION OF INJURY,0,0,0,0,0,0,4,15,3,11,41.7930035679,-87.7355586069,POINT (-87.735558606914 41.793003567859)
d3b1e5ad80206e075b6ddc1e10951d6705b3354163323c2fcf2ec660275b7008beca037a7f44227dfc480f3a0885a0eb5057a37457b1b6ae3eda4a5f7c06fb07,,11/21/2017 08:30:00 AM,30,NO CONTROLS,NO CONTROLS,CLEAR,DAYLIGHT,REAR END,NOT DIVIDED,2,STRAIGHT AND LEVEL,DRY,NO DEFECTS,NOT ON SCENE (DESK REPORT),NO INJURY / DRIVE AWAY,,,,"OVER $1,500",11/21/2017 11:22:00 AM,FOLLOWING TOO CLOSELY,NOT APPLICABLE,4948,N,KIMBALL AVE,1712,,,,,,,2,NO INDICATION OF INJURY,0,0,0,0,0,0,2,8,3,11,41.9715407663,-87.7136002633,POINT (-87.713600263326 41.971540766291)
cc41b92342d911de60d54ebffb9a7e168f7d6e9ed833ed10bd14b82fb700899865a14f4865fe825cd7aa9d731ba708e341ca0fb28b83b5a9a4fdc049ceeb242b,,11/16/2017 11:30:00 AM,35,TRAFFIC SIGNAL,FUNCTIONING PROPERLY,CLEAR,DAYLIGHT,REAR END,NOT DIVIDED,2,STRAIGHT AND LEVEL,DRY,NO DEFECTS,NOT ON SCENE (DESK REPORT),NO INJURY / DRIVE AWAY,,,Y,"$501 - $1,500",11/16/2017 12:40:00 PM,FOLLOWING TOO CLOSELY,FOLLOWING TOO CLOSELY,1943,E,67TH ST,332,,,,,,,2,NO INDICATION OF INJURY,0,0,0,0,0,0,5,11,5,11,41.773335465,-87.5772296252,POINT (-87.577229625175 41.773335465027)
cb01e31b847479dff01c93d8c0d8971212b26a5630aa105a7caa9d1f4875b07e1f14ec8e05144ec4448c2898b7008c7588ac3229243ab06d7fe180354fafaf13,,11/14/2017 06:30:00 PM,30,NO CONTROLS,NO CONTROLS,UNKNOWN,UNKNOWN,PEDESTRIAN,PARKING LOT,1,STRAIGHT AND LEVEL,UNKNOWN,UNKNOWN,NOT ON SCENE (DESK REPORT),INJURY AND / OR TOW DUE TO CRASH,,,Y,"OVER $1,500",11/22/2017 06:00:00 PM,UNABLE TO DETERMINE,UNABLE TO DETERMINE,3958,W,HARRISON ST,1132,,,,,,,2,NONINCAPACITATING INJURY,1,0,0,1,0,0,1,18,3,11,41.8735532187,-87.7253299544,POINT (-87.725329954403 41.873553218661)
825bbfa1cbec0b30440f37bfcc4588e86a3ec93728947795eb70040d1c4db3ff9392ee0de4ce83e14109695acd906450d514b531e286404a5079d0037bfaef1b,,11/13/2017 10:30:00 AM,30,NO CONTROLS,NO CONTROLS,CLEAR,DAYLIGHT,FIXED OBJECT,NOT DIVIDED,,STRAIGHT AND LEVEL,DRY,NO DEFECTS,NOT ON SCENE (DESK REPORT),NO INJURY / DRIVE AWAY,,,,$500 OR LESS,11/15/2017 05:11:00 PM,"EVASIVE ACTION DUE TO ANIMAL, OBJECT, NONMOTORIST",UNABLE TO DETERMINE,1220,S,CLARK ST,131,,,,,,,1,NO INDICATION OF INJURY,0,0,0,0,0,0,1,10,2,11,41.8667463409,-87.6305680474,POINT (-87.630568047413 41.866746340863)
c9ac25962d34aeed737f3e9307a808bd0d85e3d54a6cc0b1966cffe66b700803a0d7c31948454e693fb056ea91660cc835efa092e9146a44d37e7390e75d8816,,11/13/2017 08:15:00 AM,30,NO CONTROLS,NO CONTROLS,CLEAR,DAYLIGHT,PARKED MOTOR VEHICLE,NOT DIVIDED,2,STRAIGHT AND LEVEL,DRY,NO DEFECTS,ON SCENE,INJURY AND / OR TOW DUE TO CRASH,,,,"OVER $1,500",11/13/2017 08:15:00 AM,UNABLE TO DETERMINE,UNABLE TO DETERMINE,6663,W,DEVON AVE,1611,,,,,,,2,INCAPACITATING INJURY,1,0,1,0,0,0,0,8,2,11,41.9972073732,-87.7948007295,POINT (-87.794800729524 41.997207373213)
a907db4e7463776fd6a45448f42db5ab86a7137f5fb7003b869ee7fd65912d339c24a2bd321138ce190b364585bfb3b10845ec47cfdb488bef4e344b1636f35f,,11/12/2017 09:40:00 AM,30,NO CONTROLS,NO CONTROLS,CLOUDY/OVERCAST,DAYLIGHT,ANGLE,NOT DIVIDED,2,STRAIGHT AND LEVEL,WET,NO DEFECTS,ON SCENE,NO INJURY / DRIVE AWAY,,,,"$501 - $1,500",11/12/2017 09:48:00 AM,FAILING TO YIELD RIGHT-OF-WAY,NOT APPLICABLE,2735,W,38TH ST,911,,N,,,,,2,NO INDICATION OF INJURY,0,0,0,0,0,0,2,9,1,11,41.8245246547,-87.6936222872,POINT (-87.693622287247 41.824524654676)
1832348eec5efc161d9f98ec7e362668809ecd6538cb44f2bff1349c8cacbc58805f10574647a68a0adb7008022d8cec41d311dfaa439050a12afa0cc8f4923a,,11/11/2017 06:00:00 AM,30,TRAFFIC SIGNAL,FUNCTIONING PROPERLY,CLEAR,DAYLIGHT,TURNING,NOT DIVIDED,4,STRAIGHT AND LEVEL,DRY,NO DEFECTS,NOT ON SCENE (DESK REPORT),NO INJURY / DRIVE AWAY,,,,"OVER $1,500",11/11/2017 07:19:00 AM,IMPROPER TURNING/NO SIGNAL,NOT APPLICABLE,1200,S,STATE ST,131,,,,,,,2,NO INDICATION OF INJURY,0,0,0,0,0,0,2,6,7,11,41.8673305109,-87.6275660197,POINT (-87.62756601972 41.867330510881)
ca2e8dd3ee8b5711483174398fb6356dbc7089df0ef1aca91a002ae90516eb8b86b6298976bb6b2352fef7247c7c059e3ce8e82327ddc3b70011a718da7b5113,,11/06/2017 09:55:00 PM,30,NO CONTROLS,NO CONTROLS,CLEAR,"DARKNESS, LIGHTED ROAD",SIDESWIPE SAME DIRECTION,NOT DIVIDED,,STRAIGHT AND LEVEL,DRY,NO DEFECTS,ON SCENE,NO INJURY / DRIVE AWAY,,,,"OVER $1,500",11/06/2017 09:56:00 PM,UNABLE TO DETERMINE,NOT APPLICABLE,1231,W,79TH ST,612,,,,,,,2,NO INDICATION OF INJURY,0,0,0,0,0,0,2,21,2,11,41.75037128,-87.6548889062,POINT (-87.654888906164 41.75037128002)
0b700594798951d5663767ae78bb213d1b22e27727ae7ed2237d9c379d20f49f126f940e268a686fa6cb5f29d551222b32bd02a8258121763fdf874ed738f2ad,,11/05/2017 02:50:00 PM,35,TRAFFIC SIGNAL,FUNCTIONING PROPERLY,CLOUDY/OVERCAST,DAYLIGHT,REAR END,NOT DIVIDED,4,STRAIGHT AND LEVEL,WET,NO DEFECTS,ON SCENE,INJURY AND / OR TOW DUE TO CRASH,Y,,,"$501 - $1,500",11/05/2017 03:00:00 PM,EXCEEDING SAFE SPEED FOR CONDITIONS,FAILING TO REDUCE SPEED TO AVOID CRASH,4900,S,PULASKI RD,815,,,,,,,2,NO INDICATION OF INJURY,0,0,0,0,0,0,3,14,1,11,41.8041103589,-87.7236234138,POINT (-87.723623413779 41.804110358929)
b700c7b8d7774ada93cdb1d906d2436dee3d577da6555146790c4857542f15b2e449c4a6e8466441f8eadf620bcb757acc0605c564849c954b37ca093312542b,,11/04/2017 09:30:00 AM,25,NO CONTROLS,NO CONTROLS,RAIN,DAYLIGHT,PARKED MOTOR VEHICLE,NOT DIVIDED,1,STRAIGHT AND LEVEL,WET,NO DEFECTS,ON SCENE,NO INJURY / DRIVE AWAY,,,Y,"OVER $1,500",11/04/2017 09:30:00 AM,"OPERATING VEHICLE IN ERRATIC, RECKLESS, CARELESS, NEGLIGENT OR AGGRESSIVE MANNER",UNABLE TO DETERMINE,458,N,AVERS AVE,1122,,,,,,,2,NO INDICATION OF INJURY,0,0,0,0,0,0,1,9,7,11,41.8896278869,-87.7223948842,POINT (-87.722394884219 41.889627886907)
ee66ff24abb72e56f1f10f7145795029b1099966d7cbfd33e7a30b61acfd1f13cc3f26345e879c52454347739302daea2d8b909d9c5bd8fab700b2bd6cd899c7,,11/01/2017 08:30:00 PM,30,NO CONTROLS,NO CONTROLS,RAIN,"DARKNESS, LIGHTED ROAD",TURNING,DIVIDED - W/MEDIAN (NOT RAISED),,STRAIGHT AND LEVEL,WET,NO DEFECTS,ON SCENE,NO INJURY / DRIVE AWAY,,,Y,"$501 - $1,500",11/01/2017 08:40:00 PM,IMPROPER TURNING/NO SIGNAL,NOT APPLICABLE,3610,W,47TH ST,821,,,,,,,2,NO INDICATION OF INJURY,0,0,0,0,0,0,4,20,4,11,41.8080977724,-87.7142913571,POINT (-87.714291357145 41.808097772378)
c570c03cd9cf452a3fa22576f0b67f31b700d5444d61e5b59dd93206c83cd8da0f74949e8cb511ac0feb54597d27c9fc68c7efe836727a41355fe9a23fcc6463,,10/31/2017 03:41:00 PM,30,STOP SIGN/FLASHER,FUNCTIONING PROPERLY,CLEAR,DAYLIGHT,ANGLE,DIVIDED - W/MEDIAN (NOT RAISED),5,STRAIGHT AND LEVEL,DRY,NO DEFECTS,ON SCENE,INJURY AND / OR TOW DUE TO CRASH,Y,,,"OVER $1,500",10/31/2017 04:10:00 PM,FAILING TO YIELD RIGHT-OF-WAY,NOT APPLICABLE,8400,S,PULASKI RD,834,,,,,,,2,INCAPACITATING INJURY,1,0,1,0,0,0,3,15,3,10,41.7402993849,-87.7217639242,POINT (-87.721763924152 41.740299384869)
d341387b5480f2abb5bd48721ae1a5a81dcfba89604778ede04f64a9a654b70034a84bdd7b9d8cd74107a7069ecf5837f872b9aa92b1d6aacdcd5b5d701e3292,,10/31/2017 03:30:00 PM,30,NO CONTROLS,NO CONTROLS,CLEAR,DAYLIGHT,REAR END,NOT DIVIDED,4,STRAIGHT AND LEVEL,DRY,NO DEFECTS,NOT ON SCENE (DESK REPORT),NO INJURY / DRIVE AWAY,,,,"OVER $1,500",10/31/2017 05:30:00 PM,FOLLOWING TOO CLOSELY,FOLLOWING TOO CLOSELY,3441,W,55TH ST,822,,,,,,,2,NO INDICATION OF INJURY,0,0,0,0,0,0,2,15,3,10,41.7933068269,-87.7100790409,POINT (-87.710079040904 41.79330682685)
61256505f28ddcd9340669517b7004bcde535ac30448d8066b0984248068e8e28e189b8a08e5b5e364bbddc7634ca7e0150473541064df2a1bff85d157543dd2,,10/31/2017 08:06:00 AM,30,NO CONTROLS,NO CONTROLS,CLEAR,DAYLIGHT,REAR END,DIVIDED - W/MEDIAN (NOT RAISED),,STRAIGHT AND LEVEL,DRY,NO DEFECTS,NOT ON SCENE (DESK REPORT),NO INJURY / DRIVE AWAY,,,,"OVER $1,500",10/31/2017 08:45:00 AM,FOLLOWING TOO CLOSELY,FAILING TO YIELD RIGHT-OF-WAY,2316,N,LARAMIE AVE,2515,,,,,,,2,NO INDICATION OF INJURY,0,0,0,0,0,0,2,8,3,10,41.9227647837,-87.7562510973,POINT (-87.756251097257 41.922764783744)
61956e1df81c3ad908909ebfa1757e07afa25c66a0095b700213fabd4846668889dbdba8235aeea6294c9033fbce6c38fa7d6f6a8bfc5cfee628d950a351c260,,10/30/2017 01:15:00 PM,30,UNKNOWN,UNKNOWN,CLEAR,DAYLIGHT,SIDESWIPE SAME DIRECTION,UNKNOWN,,STRAIGHT AND LEVEL,DRY,UNKNOWN,NOT ON SCENE (DESK REPORT),NO INJURY / DRIVE AWAY,,,,$500 OR LESS,10/31/2017 03:45:00 PM,FAILING TO YIELD RIGHT-OF-WAY,FAILING TO YIELD RIGHT-OF-WAY,1547,N,AUSTIN BLVD,2531,,,,,,,2,NO INDICATION OF INJURY,0,0,0,0,0,0,2,13,2,10,41.9088277659,-87.7754417241,POINT (-87.775441724051 41.908827765882)
df20ab1cda3a446c2ff5644b7009e3ef4e15a6cf571bcd4465ebd0254c353ccf96736283b5ba650eb6cb523fd6fe553b655d6c88da233f9d3d4af576af8007dd,Y,10/30/2017 06:30:00 AM,5,NO CONTROLS,NO CONTROLS,CLEAR,DAWN,PARKED MOTOR VEHICLE,PARKING LOT,2,STRAIGHT AND LEVEL,DRY,NO DEFECTS,NOT ON SCENE (DESK REPORT),NO INJURY / DRIVE AWAY,,,Y,"OVER $1,500",10/30/2017 11:00:00 AM,UNABLE TO DETERMINE,UNABLE TO DETERMINE,1037,E,87TH ST,412,,,,,,,2,NO INDICATION OF INJURY,0,0,0,0,0,0,1,6,2,10,41.7366278214,-87.5984641634,POINT (-87.598464163435 41.736627821354)
ec6fdd71930ef18d4b700af1e1cd568da2e90addaf5dc52b8520794a8e2eedb0f4e9cad2ffc00d73055975226d2d5ac9e2ef73835463d058f0e6113b6ade24c8,,10/27/2017 06:25:00 PM,30,NO CONTROLS,NO CONTROLS,CLEAR,DARKNESS,ANGLE,PARKING LOT,,STRAIGHT AND LEVEL,DRY,NO DEFECTS,ON SCENE,NO INJURY / DRIVE AWAY,,,,$500 OR LESS,10/27/2017 06:25:00 PM,IMPROPER BACKING,NOT APPLICABLE,11801,S,AVENUE O,433,,,,,,,2,NO INDICATION OF INJURY,0,0,0,0,0,0,5,18,6,10,41.6808561363,-87.5399565973,POINT (-87.539956597346 41.680856136277)
b700499ec38f6540ebdf5e8d30ff1c85a39c6dbe2b3f2ae99fc65b1fe46ccfeffbc15348145c3aab885c7fe819fe5c1470aacf83aea9dae74f51088116be9bcd,,10/27/2017 09:30:00 AM,30,NO CONTROLS,NO CONTROLS,CLOUDY/OVERCAST,UNKNOWN,PARKED MOTOR VEHICLE,PARKING LOT,,STRAIGHT AND LEVEL,DRY,NO DEFECTS,ON SCENE,NO INJURY / DRIVE AWAY,,,Y,"$501 - $1,500",10/27/2017 09:50:00 AM,UNABLE TO DETERMINE,NOT APPLICABLE,5230,N,LINCOLN AVE,2011,,,,,,,2,NO INDICATION OF INJURY,0,0,0,0,0,0,1,9,6,10,41.9768101994,-87.6925621011,POINT (-87.692562101121 41.976810199422)
1243cee9e251f1a4e55996b85e5b88001381bdbd00bbdb7006ce320335abb38ea1962f621521e3e42ff0f89e63c20bc222202c374dc9d728e0bc1578d8d54ae8,,10/20/2017 07:45:00 AM,30,TRAFFIC SIGNAL,FUNCTIONING PROPERLY,CLEAR,DAYLIGHT,TURNING,NOT DIVIDED,4,STRAIGHT AND LEVEL,DRY,NO DEFECTS,ON SCENE,NO INJURY / DRIVE AWAY,Y,,,"$501 - $1,500",10/20/2017 07:46:00 AM,IMPROPER TURNING/NO SIGNAL,FAILING TO YIELD RIGHT-OF-WAY,1600,W,51ST ST,931,,,,,,,2,NO INDICATION OF INJURY,0,0,0,0,0,0,2,7,6,10,41.8014270266,-87.6648407451,POINT (-87.664840745091 41.801427026617)
b88db0531856b2f405bbe166cb302dffd20a8e0d0c59b8c84e396b7008a4f3e213b71ef2ad030e9b18ff2f11907849def1736544436c87c7a6c7c54226265baa,Y,10/18/2017 08:30:00 AM,30,NO CONTROLS,NO CONTROLS,UNKNOWN,UNKNOWN,PARKED MOTOR VEHICLE,NOT DIVIDED,2,STRAIGHT AND LEVEL,DRY,NO DEFECTS,NOT ON SCENE (DESK REPORT),NO INJURY / DRIVE AWAY,,,Y,"$501 - $1,500",10/19/2017 12:23:00 PM,UNABLE TO DETERMINE,UNABLE TO DETERMINE,5838,N,WAYNE AVE,2013,,,,,,,2,NO INDICATION OF INJURY,0,0,0,0,0,0,1,8,4,10,41.9878127715,-87.6634222027,POINT (-87.663422202731 41.987812771545)
a8c4e08ca0e8679d26baa6910bcda6ed2401ebb00f7d04a8e95e066f4116e7798ac3705fdc1a7c458950779a252adee3508ed5c50e3b7003d405a19110510861,,10/14/2017 02:15:00 PM,30,STOP SIGN/FLASHER,NO CONTROLS,RAIN,DAYLIGHT,ANGLE,NOT DIVIDED,,STRAIGHT AND LEVEL,WET,NO DEFECTS,NOT ON SCENE (DESK REPORT),NO INJURY / DRIVE AWAY,Y,,Y,"OVER $1,500",10/14/2017 03:41:00 PM,UNABLE TO DETERMINE,UNABLE TO DETERMINE,1100,E,56TH ST,235,,,,,,,2,NO INDICATION OF INJURY,0,0,0,0,0,0,2,14,7,10,41.7933405849,-87.5996592394,POINT (-87.599659239382 41.793340584929)
481b700df842fa42be3dcd01cc3667ede5f3ac7e20393359defe567cd6851f687a5dccd0f244d1ea9918140d6af157d25423a4edd9847f109ef24be1f1152e76,,10/14/2017 12:00:00 AM,25,NO CONTROLS,NO CONTROLS,RAIN,"DARKNESS, LIGHTED ROAD",PARKED MOTOR VEHICLE,ONE-WAY,1,STRAIGHT AND LEVEL,WET,NO DEFECTS,NOT ON SCENE (DESK REPORT),NO INJURY / DRIVE AWAY,,,Y,"$501 - $1,500",10/15/2017 12:25:00 PM,UNABLE TO DETERMINE,BICYCLE ADVANCING LEGALLY ON RED LIGHT,5201,N,LORING AVE,1623,,,,,,,2,NO INDICATION OF INJURY,0,0,0,0,0,0,1,0,7,10,41.976021117,-87.7646575548,POINT (-87.764657554836 41.976021117031)
664e79eb1ba550212c9b0724ae5afdf27aa8f25a29e1d5b13053778e090e18a340b700e40ebd5c869c0f37163f497dfe7bca2e663e6ae9797262e94b2cf37620,,10/13/2017 06:05:00 AM,30,NO CONTROLS,NO CONTROLS,CLEAR,DAYLIGHT,SIDESWIPE SAME DIRECTION,NOT DIVIDED,4,STRAIGHT AND LEVEL,DRY,NO DEFECTS,NOT ON SCENE (DESK REPORT),NO INJURY / DRIVE AWAY,,,Y,"OVER $1,500",10/13/2017 07:00:00 AM,IMPROPER OVERTAKING/PASSING,NOT APPLICABLE,4630,W,63RD ST,813,,,,,,,2,NO INDICATION OF INJURY,0,0,0,0,0,0,2,6,6,10,41.7785815505,-87.7385581053,POINT (-87.738558105304 41.778581550491)
0d5f503887c93e7fa4effcf1fdcff3776f989cfbf129b024ba9f4b189d9d2e584b87db87d7b9d129d254a52a0fab582a52f08b70009a7e18458d6317a527b078,,10/11/2017 10:47:00 PM,30,STOP SIGN/FLASHER,FUNCTIONING PROPERLY,CLEAR,"DARKNESS, LIGHTED ROAD",SIDESWIPE SAME DIRECTION,NOT DIVIDED,,STRAIGHT AND LEVEL,DRY,NO DEFECTS,ON SCENE,NO INJURY / DRIVE AWAY,,,,"OVER $1,500",10/11/2017 10:50:00 PM,IMPROPER BACKING,NOT APPLICABLE,4005,N,KENMORE AVE,1915,,,,,,,2,NO INDICATION OF INJURY,0,0,0,0,0,0,2,22,4,10,41.9546812012,-87.6559938503,POINT (-87.655993850252 41.95468120119)
88a3776b98819b5fa5a44a411ef707d198504b255c99c19f1f66a8b2e10e6c0f67d99a16cc2dbf5919c4eb7007e6c8a398bbc6b00b38dfab6050f29443c18b7a,,10/10/2017 07:00:00 PM,30,NO CONTROLS,NO CONTROLS,RAIN,"DARKNESS, LIGHTED ROAD",FIXED OBJECT,NOT DIVIDED,2,STRAIGHT AND LEVEL,WET,NO DEFECTS,ON SCENE,NO INJURY / DRIVE AWAY,,Y,,"$501 - $1,500",10/10/2017 07:01:00 PM,UNDER THE INFLUENCE OF ALCOHOL/DRUGS (USE WHEN ARREST IS EFFECTED),PHYSICAL CONDITION OF DRIVER,3012,S,LOCK ST,913,,,,,,,1,NO INDICATION OF INJURY,0,0,0,0,0,0,1,19,3,10,41.839671038,-87.6610445158,POINT (-87.661044515776 41.83967103798)
25d4294303db9348849f969120b1fe0d9159303554ef3fa5a0474973c3eff44f577bad0ac5e69ac721c5884b80e990b700aeddd1e8f61745778c2c433a07cb13,,10/10/2017 12:05:00 AM,35,NO CONTROLS,NO CONTROLS,CLEAR,"DARKNESS, LIGHTED ROAD",REAR END,DIVIDED - W/MEDIAN BARRIER,1,STRAIGHT AND LEVEL,DRY,NO DEFECTS,,INJURY AND / OR TOW DUE TO CRASH,,,,"OVER $1,500",10/10/2017 12:13:00 AM,NOT APPLICABLE,NOT APPLICABLE,311,S,LOWER WACKER DR,122,,Y,,,,,2,NO INDICATION OF INJURY,0,0,0,0,0,0,2,0,3,10,41.8777901616,-87.6364875894,POINT (-87.636487589354 41.877790161619)
283e6feca7b9e586261a1a26894563d37b0c1cb69e9f6b5c33bc0620dc95701d8c2cf27152e96fecf9694a5bb1e223c51e2fd5d83b70039fbe999ac2e99d72f5,,10/06/2017 05:30:00 PM,30,NO CONTROLS,NO CONTROLS,RAIN,DAYLIGHT,REAR END,DIVIDED - W/MEDIAN (NOT RAISED),4,STRAIGHT AND LEVEL,WET,NO DEFECTS,NOT ON SCENE (DESK REPORT),NO INJURY / DRIVE AWAY,,,,"OVER $1,500",10/06/2017 06:02:00 PM,FAILING TO REDUCE SPEED TO AVOID CRASH,DRIVING SKILLS/KNOWLEDGE/EXPERIENCE,4300,S,WESTERN BLVD,922,,,,,,,3,NO INDICATION OF INJURY,0,0,0,0,0,0,3,17,6,10,41.8156049513,-87.6842159161,POINT (-87.684215916118 41.815604951255)
42b39e015e433d5db700027d9882bdf52269a214562e9a9921d4aa7628e25a37b7484cb617d9a10d3acc9bb16902c4199f06216050a3ab95df7bdfacb2484b09,,10/06/2017 02:37:00 PM,30,TRAFFIC SIGNAL,FUNCTIONING PROPERLY,CLOUDY/OVERCAST,DAYLIGHT,ANGLE,NOT DIVIDED,2,STRAIGHT AND LEVEL,WET,UNKNOWN,ON SCENE,NO INJURY / DRIVE AWAY,Y,,,"$501 - $1,500",10/06/2017 02:47:00 PM,UNABLE TO DETERMINE,FAILING TO REDUCE SPEED TO AVOID CRASH,5700,S,WELLS ST,711,,Y,,,,,2,NO INDICATION OF INJURY,0,0,0,0,0,0,2,14,6,10,41.7907846614,-87.6318886845,POINT (-87.631888684481 41.790784661368)
48cd9c40faa463feaf4dfe749f9a4a89d41db37b30f14c2ea68c75a83e05750b700b7dbd102f28431f225cad4cda8dd52497a7a52d773be0fce7b564cc931eb1,,09/27/2017 03:15:00 PM,30,TRAFFIC SIGNAL,FUNCTIONING PROPERLY,CLEAR,DAYLIGHT,REAR END,NOT DIVIDED,2,STRAIGHT AND LEVEL,DRY,NO DEFECTS,NOT ON SCENE (DESK REPORT),NO INJURY / DRIVE AWAY,,,Y,"$501 - $1,500",09/27/2017 03:44:00 PM,UNABLE TO DETERMINE,UNABLE TO DETERMINE,2505,S,PULASKI RD,1013,,,,,,,2,NO INDICATION OF INJURY,0,0,0,0,0,0,2,15,4,9,41.8459236667,-87.7244643301,POINT (-87.724464330124 41.84592366671)
a0773fb2e7523e9788d4e6eb4f18d80ec8bce1cb70012374d17bfcd143ae196955f7576e868e9dc4aa8d2903c05ede58d37c8855d3dc0a5d30be9a7a9abbfb44,,09/25/2017 06:00:00 PM,30,NO CONTROLS,NO CONTROLS,CLEAR,DAYLIGHT,REAR END,DIVIDED - W/MEDIAN (NOT RAISED),2,STRAIGHT AND LEVEL,DRY,NO DEFECTS,NOT ON SCENE (DESK REPORT),NO INJURY / DRIVE AWAY,,,,"OVER $1,500",09/25/2017 07:20:00 PM,UNABLE TO DETERMINE,UNABLE TO DETERMINE,1401,N,KOSTNER AVE,2534,,,,,,,2,NO INDICATION OF INJURY,0,0,0,0,0,0,2,18,2,9,41.9062108875,-87.7360951186,POINT (-87.736095118606 41.906210887539)
2cdd943ac4d184443b7d6dc65bffef0b99e9218c25c4dd1e546a44eda7c5a8c3ff585bcef4e4c9f589eb700d38e43b504e3f7546df5c26c9c6286f18b48a9e18,Y,09/24/2017 06:00:00 PM,25,NO CONTROLS,NO CONTROLS,CLEAR,DAYLIGHT,PARKED MOTOR VEHICLE,ONE-WAY,1,STRAIGHT AND LEVEL,DRY,UNKNOWN,ON SCENE,NO INJURY / DRIVE AWAY,,,Y,"OVER $1,500",09/24/2017 06:15:00 PM,UNABLE TO DETERMINE,UNABLE TO DETERMINE,2516,W,HOMER ST,1434,,,,,,,2,NO INDICATION OF INJURY,0,0,0,0,0,0,1,18,1,9,41.916751961,-87.6905635679,POINT (-87.690563567943 41.916751961042)
4d131c0c84b2f4decdc5e8c01f96723fa66dfa9f2e7d3efb6b701646294c8d704cb1290430ab501b700a870c2a9b5952d9bea6117e30476e75fb952b57910f8e,,09/19/2017 09:14:00 AM,45,NO CONTROLS,NO CONTROLS,RAIN,DAYLIGHT,SIDESWIPE SAME DIRECTION,NOT DIVIDED,4,STRAIGHT AND LEVEL,WET,NO DEFECTS,NOT ON SCENE (DESK REPORT),NO INJURY / DRIVE AWAY,,,,"$501 - $1,500",09/19/2017 12:00:00 PM,UNABLE TO DETERMINE,UNABLE TO DETERMINE,2300,N,LAKE SHORE DR SB,1814,,,,,,,2,NO INDICATION OF INJURY,0,0,0,0,0,0,2,9,3,9,41.9237977916,-87.6307772666,POINT (-87.630777266631 41.923797791573)