CRASH_RECORD_ID,CRASH_DATE_EST_I,CRASH_DATE,POSTED_SPEED_LIMIT,TRAFFIC_CONTROL_DEVICE,DEVICE_CONDITION,WEATHER_CONDITION,LIGHTING_CONDITION,FIRST_CRASH_TYPE,TRAFFICWAY_TYPE,LANE_CNT,ALIGNMENT,ROADWAY_SURFACE_COND,ROAD_DEFECT,REPORT_TYPE,CRASH_TYPE,INTERSECTION_RELATED_I,NOT_RIGHT_OF_WAY_I,HIT_AND_RUN_I,DAMAGE,DATE_POLICE_NOTIFIED,PRIM_CONTRIBUTORY_CAUSE,SEC_CONTRIBUTORY_CAUSE,STREET_NO,STREET_DIRECTION,STREET_NAME,BEAT_OF_OCCURRENCE,PHOTOS_TAKEN_I,STATEMENTS_TAKEN_I,DOORING_I,WORK_ZONE_I,WORK_ZONE_TYPE,WORKERS_PRESENT_I,NUM_UNITS,MOST_SEVERE_INJURY,INJURIES_TOTAL,INJURIES_FATAL,INJURIES_INCAPACITATING,INJURIES_NON_INCAPACITATING,INJURIES_REPORTED_NOT_EVIDENT,INJURIES_UNKNOWN,INJURIES_NO_INDICATION,CRASH_HOUR,CRASH_DAY_OF_WEEK,CRASH_MONTH,LATITUDE,LONGITUDE,LOCATION
e1f256b886c96bb32335e72afeffd250c37da9469e52a6879db24a247ad6f79d4c928c657903b13cb32779882b700925a09c337ce33a163bd9f4bc10e18a679c,,09/17/2017 11:15:00 AM,30,NO CONTROLS,NO CONTROLS,CLEAR,DAYLIGHT,ANGLE,NOT DIVIDED,4,STRAIGHT AND LEVEL,DRY,NO DEFECTS,ON SCENE,NO INJURY / DRIVE AWAY,,,,"$501 - $1,500",09/17/2017 11:17:00 AM,UNABLE TO DETERMINE,UNABLE TO DETERMINE,1701,W,NORTH AVE,1433,,,,,,,2,NO INDICATION OF INJURY,0,0,0,0,0,0,2,11,1,9,41.9104866152,-87.6701926811,POINT (-87.670192681108 41.91048661518)
d9be3f2e5d408e5266c1ce388a33fe43f05d784481bb70044a642b467132ed014c0b9b5cd4aa173f4b779ae315b81eacf23e5bdefb018102230340b191ff9ec6,,09/17/2017 02:15:00 AM,30,STOP SIGN/FLASHER,FUNCTIONING PROPERLY,CLEAR,"DARKNESS, LIGHTED ROAD",REAR END,NOT DIVIDED,4,STRAIGHT AND LEVEL,DRY,NO DEFECTS,ON SCENE,INJURY AND / OR TOW DUE TO CRASH,Y,,Y,"OVER $1,500",09/17/2017 02:20:00 AM,FOLLOWING TOO CLOSELY,UNABLE TO DETERMINE,200,W,118TH ST,522,,,,,,,2,NO INDICATION OF INJURY,0,0,0,0,0,0,2,2,1,9,41.6798993875,-87.6275812719,POINT (-87.627581271873 41.679899387527)
42f90ea9cf55aa0e980fb596084f733f80f9cf6fa750c39f9e76725f5c76aefb644c67ab78123b700646f523c496367aa361ab3f9c401741d8a7b24b2379e9fc,,09/14/2017 08:20:00 PM,20,STOP SIGN/FLASHER,FUNCTIONING PROPERLY,CLEAR,"DARKNESS, LIGHTED ROAD",TURNING,ONE-WAY,1,STRAIGHT AND LEVEL,DRY,NO DEFECTS,NOT ON SCENE (DESK REPORT),NO INJURY / DRIVE AWAY,,,,"$501 - $1,500",09/14/2017 08:40:00 PM,IMPROPER OVERTAKING/PASSING,UNABLE TO DETERMINE,4227,W,28TH ST,1031,,,,,,,2,NO INDICATION OF INJURY,0,0,0,0,0,0,2,20,5,9,41.8403813687,-87.7304662694,POINT (-87.730466269417 41.840381368682)
69aa3ddb2de4145bfdaa0b700370a0f9b963dea4c3f7829d4d94edb4939b9b6e707a97fb0bf3059181ff2c05b633d0ad20d56e76941f9e7dede3aaf157f63cc1,,09/14/2017 02:40:00 PM,30,NO CONTROLS,NO CONTROLS,CLEAR,DAYLIGHT,TURNING,DIVIDED - W/MEDIAN (NOT RAISED),2,STRAIGHT AND LEVEL,DRY,NO DEFECTS,ON SCENE,INJURY AND / OR TOW DUE TO CRASH,,,,"OVER $1,500",09/14/2017 02:42:00 PM,FAILING TO YIELD RIGHT-OF-WAY,NOT APPLICABLE,2350,W,107TH ST,2212,,,,,,,2,"REPORTED, NOT EVIDENT",2,0,0,0,2,0,2,14,5,9,41.6991793161,-87.6810489713,POINT (-87.681048971317 41.699179316108)
f2a02b2e1161a6b9dd1bf766d267e68d45079a6b35a6e6dbec128eb5fea67a0e053e2ed3700d71623db70044ca8eda224998468b131c7dc281fceae5077c3831,,09/13/2017 03:05:00 PM,30,NO CONTROLS,NO CONTROLS,CLEAR,DAYLIGHT,REAR END,NOT DIVIDED,2,STRAIGHT AND LEVEL,DRY,NO DEFECTS,NOT ON SCENE (DESK REPORT),NO INJURY / DRIVE AWAY,,,,"$501 - $1,500",09/13/2017 05:00:00 PM,UNABLE TO DETERMINE,UNABLE TO DETERMINE,6300,S,WENTWORTH AVE,312,,,,,,,3,NO INDICATION OF INJURY,0,0,0,0,0,0,3,15,4,9,41.7799026134,-87.6302938056,POINT (-87.630293805556 41.779902613439)
a9934cc97e1cc99aaccfc185c1128c9b0ee6867ac3de6f1fc59f500ab08e53ae7496cb6631a48532a1c6467dc7c3af0788a06b700f8ee6053e496aaaa9e0120c,,09/13/2017 08:20:00 AM,30,NO CONTROLS,NO CONTROLS,CLEAR,DAYLIGHT,REAR END,NOT DIVIDED,2,STRAIGHT AND LEVEL,DRY,NO DEFECTS,NOT ON SCENE (DESK REPORT),NO INJURY / DRIVE AWAY,,,,"OVER $1,500",09/13/2017 08:40:00 AM,FOLLOWING TOO CLOSELY,WEATHER,1201,W,FOSTER AVE,2033,,,,,,,2,NO INDICATION OF INJURY,0,0,0,0,0,0,3,8,4,9,41.9762124084,-87.6599281051,POINT (-87.659928105138 41.976212408391)
e6a96ec7e3769fe7a5ce75a2e04f43a991063b70098a66863146f79d52ae4b55a9a0bc1491d7efad8610bbe939c3843bff7498a9ee039a4327ef6dcd95f62813,,09/13/2017 07:07:00 AM,30,NO CONTROLS,NO CONTROLS,RAIN,DAYLIGHT,SIDESWIPE SAME DIRECTION,NOT DIVIDED,2,STRAIGHT AND LEVEL,WET,NO DEFECTS,ON SCENE,INJURY AND / OR TOW DUE TO CRASH,,,,"OVER $1,500",09/13/2017 07:10:00 AM,UNABLE TO DETERMINE,UNABLE TO DETERMINE,6301,S,LARAMIE AVE,813,,,,,,,2,"REPORTED, NOT EVIDENT",1,0,0,0,1,0,1,7,4,9,41.778219604,-87.7518588025,POINT (-87.751858802525 41.778219603959)
dbe84f32792ebeae323543e4bd9891135e00de861890ddefbdd038088199e06fcb700bce5aee993d029288a84337f7670f2f141db63bdbf048fa46cbc6b3e297,N,09/11/2017 09:20:00 PM,30,TRAFFIC SIGNAL,FUNCTIONING PROPERLY,CLEAR,"DARKNESS, LIGHTED ROAD",TURNING,NOT DIVIDED,2,STRAIGHT AND LEVEL,DRY,NO DEFECTS,NOT ON SCENE (DESK REPORT),NO INJURY / DRIVE AWAY,Y,,,$500 OR LESS,09/11/2017 10:20:00 PM,FOLLOWING TOO CLOSELY,UNABLE TO DETERMINE,800,W,MADISON ST,1224,,,,,,,2,NO INDICATION OF INJURY,0,0,0,0,0,0,2,21,2,9,41.8818870569,-87.6473928339,POINT (-87.647392833853 41.881887056886)
fee527032692d4c15aeb05821676eb4f56408f854e72a55bfbe0eacd5b040d6ddb690dcba4ba30df1d3b5eb700381a20c4b222be3b6d63818e35b24a0864994f,,09/11/2017 03:05:00 PM,30,STOP SIGN/FLASHER,FUNCTIONING PROPERLY,CLEAR,DAYLIGHT,REAR END,DIVIDED - W/MEDIAN (NOT RAISED),4,STRAIGHT AND LEVEL,DRY,NO DEFECTS,NOT ON SCENE (DESK REPORT),INJURY AND / OR TOW DUE TO CRASH,Y,,,"OVER $1,500",09/11/2017 03:20:00 PM,FOLLOWING TOO CLOSELY,NOT APPLICABLE,2457,E,103RD ST,434,,,,,,,2,"REPORTED, NOT EVIDENT",1,0,0,0,1,0,1,15,2,9,41.7080087273,-87.563444568,POINT (-87.563444568045 41.708008727287)
e2a5e853644c2a523b7bf960335b7003a746b28ab9e5115b6d1764af43e40049474a21c53041b190928a9530fe7c78d750116832c2e2939cff53c0a4bfe40177,,09/06/2017 04:16:00 PM,30,STOP SIGN/FLASHER,NO CONTROLS,CLEAR,DAYLIGHT,REAR END,NOT DIVIDED,2,STRAIGHT AND LEVEL,DRY,NO DEFECTS,NOT ON SCENE (DESK REPORT),NO INJURY / DRIVE AWAY,,,,"OVER $1,500",09/06/2017 04:45:00 PM,IMPROPER BACKING,UNABLE TO DETERMINE,8300,S,SAGINAW AVE,423,,,,,,,2,NO INDICATION OF INJURY,0,0,0,0,0,0,2,16,4,9,41.7444494859,-87.5601930149,POINT (-87.560193014874 41.744449485918)
056b5ab1e42de5f4dd8cd46a63759afd44a888a295adfdefa6db581f2b70068d9cd2ea935bbccaf1489fd8375d0a0364a34803fb08461d0966aaef9365422353,,09/06/2017 03:46:00 PM,30,NO CONTROLS,NO CONTROLS,CLEAR,DAYLIGHT,REAR END,DIVIDED - W/MEDIAN (NOT RAISED),2,STRAIGHT AND LEVEL,DRY,NO DEFECTS,NOT ON SCENE (DESK REPORT),NO INJURY / DRIVE AWAY,,,Y,"$501 - $1,500",09/06/2017 04:55:00 PM,UNABLE TO DETERMINE,NOT APPLICABLE,2804,W,DIVISION ST,1423,,,,,,,2,NO INDICATION OF INJURY,0,0,0,0,0,0,6,15,4,9,41.9030328567,-87.6971309825,POINT (-87.697130982548 41.903032856672)
c57aeb700130c16592a45cf4c1442f9949654c853f886c93fdba66ed245feb4b91d5f18d4d6fe562001d7d1ccf724794c31c172304443f7e27bce2cd5bcf820d,,09/05/2017 04:00:00 PM,15,NO CONTROLS,NO CONTROLS,CLEAR,DAYLIGHT,TURNING,PARKING LOT,0,STRAIGHT AND LEVEL,DRY,NO DEFECTS,NOT ON SCENE (DESK REPORT),NO INJURY / DRIVE AWAY,,,,"$501 - $1,500",09/05/2017 05:52:00 PM,FAILING TO YIELD RIGHT-OF-WAY,FAILING TO REDUCE SPEED TO AVOID CRASH,4701,W,DIVERSEY AVE,2521,Y,,,,,,2,NO INDICATION OF INJURY,0,0,0,0,0,0,4,16,3,9,41.9314550116,-87.7442034053,POINT (-87.744203405322 41.931455011644)
66ba6b79fc99810ae486b9787b102c32e2829017f20a9dca99ea29fb1b12d6daf3a5bd0bbc5ff091cfa5d9aafc3326d35248c869c81f6b353470091bcb700056,,09/05/2017 08:35:00 AM,30,NO CONTROLS,NO CONTROLS,CLEAR,DAYLIGHT,TURNING,NOT DIVIDED,2,STRAIGHT AND LEVEL,DRY,NO DEFECTS,NOT ON SCENE (DESK REPORT),NO INJURY / DRIVE AWAY,,,Y,"OVER $1,500",09/05/2017 10:00:00 AM,UNABLE TO DETERMINE,UNABLE TO DETERMINE,832,E,76TH ST,624,,,,,,,2,NO INDICATION OF INJURY,0,0,0,0,0,0,2,8,3,9,41.7568835343,-87.6040423861,POINT (-87.604042386137 41.756883534308)
92b4873788aed4cc9d071881d806a81a2a6391697dc55d28410b98b266a083dbb7370ecdf7da142e2949b15a3a6cf0d2d2a6ef2b16715fc65b700560dc8b3814,,09/03/2017 09:40:00 PM,30,NO CONTROLS,NO CONTROLS,CLEAR,"DARKNESS, LIGHTED ROAD",PARKED MOTOR VEHICLE,NOT DIVIDED,2,STRAIGHT AND LEVEL,DRY,NO DEFECTS,ON SCENE,INJURY AND / OR TOW DUE TO CRASH,,,,"OVER $1,500",09/03/2017 09:45:00 PM,FAILING TO REDUCE SPEED TO AVOID CRASH,NOT APPLICABLE,1637,W,63RD ST,725,,,,,,,2,NO INDICATION OF INJURY,0,0,0,0,0,0,1,21,1,9,41.7793220921,-87.6656847183,POINT (-87.66568471833 41.779322092123)
e0d9b134e9ff8fd78b700fd8ceccd0605be2a454f4c7aeff0a222e690e33ca88f793010dbfd3055a121a755b43317a75362106c070d1bc61118af3a98714e280,,08/31/2017 09:30:00 AM,30,NO CONTROLS,NO CONTROLS,CLEAR,DAYLIGHT,REAR END,NOT DIVIDED,2,STRAIGHT AND LEVEL,DRY,NO DEFECTS,NOT ON SCENE (DESK REPORT),NO INJURY / DRIVE AWAY,,,N,"OVER $1,500",08/31/2017 09:56:00 AM,FOLLOWING TOO CLOSELY,UNABLE TO DETERMINE,2799,W,24TH ST,1034,,,,,,,2,NO INDICATION OF INJURY,0,0,0,0,0,0,2,9,5,8,41.8481558688,-87.6952196504,POINT (-87.695219650374 41.848155868827)
3b6c2de6cf1c008f3d756749648318baa07d4d2a446594ca6964406f0c5c432208d6be8d3423684fcd7b4ce55aca10b700c4fcddbdaa86bad4d0f67b91f720d1,,08/30/2017 11:23:00 PM,30,NO CONTROLS,NO CONTROLS,CLEAR,DARKNESS,FIXED OBJECT,PARKING LOT,,STRAIGHT ON GRADE,DRY,NO DEFECTS,ON SCENE,NO INJURY / DRIVE AWAY,,,,$500 OR LESS,08/30/2017 11:30:00 PM,"VISION OBSCURED (SIGNS, TREE LIMBS, BUILDINGS, ETC.)",NOT APPLICABLE,5101,S,WENTWORTH AVE,225,,,,,,,1,NO INDICATION OF INJURY,0,0,0,0,0,0,2,23,4,8,41.8018110912,-87.6305601801,POINT (-87.630560180083 41.801811091232)
8cd36883cd2fef8a906bc732cb91cb700cbcb266791582ab70085bfdec4e601922fe4eded4877089f91ae6c43b3ca28a92c71ba3f1b66d2444cdc3b6e3fb8b65,,08/30/2017 10:10:00 AM,30,NO CONTROLS,NO CONTROLS,CLEAR,DAYLIGHT,SIDESWIPE SAME DIRECTION,NOT DIVIDED,1,STRAIGHT AND LEVEL,DRY,NO DEFECTS,NOT ON SCENE (DESK REPORT),NO INJURY / DRIVE AWAY,,,,"OVER $1,500",08/30/2017 11:15:00 AM,FAILING TO YIELD RIGHT-OF-WAY,FAILING TO YIELD RIGHT-OF-WAY,506,N,MAY ST,1214,,,,,,,2,NO INDICATION OF INJURY,0,0,0,0,0,0,2,10,4,8,41.8913470124,-87.655942735,POINT (-87.655942735049 41.891347012393)
4c7175fb536487d1e765262a3b6a89fb7e60a730afbe05c4927e5826f43b700dd62069a986022060dca3def8cfc0ce445afcd4e995204625f2eacfdfdd3d3d2b,,08/30/2017 08:40:00 AM,25,TRAFFIC SIGNAL,FUNCTIONING PROPERLY,CLEAR,DAYLIGHT,REAR END,NOT DIVIDED,,STRAIGHT AND LEVEL,DRY,NO DEFECTS,NOT ON SCENE (DESK REPORT),NO INJURY / DRIVE AWAY,,,Y,"$501 - $1,500",08/30/2017 09:30:00 AM,UNABLE TO DETERMINE,UNABLE TO DETERMINE,6300,S,STATE ST,312,,,,,,,2,NO INDICATION OF INJURY,0,0,0,0,0,0,2,8,4,8,41.7800082774,-87.6255225119,POINT (-87.625522511916 41.780008277408)
bd3cdf0ff9b14453cfdb48bf67ed2e23004d750b700774f97437842a906a5e29cba3d40046d77ef67e4d277a6677306256f9db9e2711cf54d74dcf61bf9cadc2,,08/25/2017 05:05:00 PM,30,NO CONTROLS,NO CONTROLS,CLEAR,DAYLIGHT,SIDESWIPE SAME DIRECTION,ONE-WAY,,STRAIGHT AND LEVEL,DRY,NO DEFECTS,NOT ON SCENE (DESK REPORT),NO INJURY / DRIVE AWAY,,,,"OVER $1,500",08/25/2017 06:20:00 PM,FAILING TO YIELD RIGHT-OF-WAY,FAILING TO YIELD RIGHT-OF-WAY,225,W,RANDOLPH ST,122,,,,,,,2,NO INDICATION OF INJURY,0,0,0,0,0,0,2,17,6,8,41.8843555796,-87.6346365499,POINT (-87.634636549891 41.884355579622)
c8149e439e12a9a29a80369edfe456d7a8b40fea2fb07bd1c0de0346bf2af44d1f397616a5e003a2b6b700ead17dfedd86fb214abf5a6c5ceadd5ec4e5001bfe,,08/23/2017 05:30:00 AM,30,TRAFFIC SIGNAL,FUNCTIONING PROPERLY,CLEAR,"DARKNESS, LIGHTED ROAD",REAR END,NOT DIVIDED,,STRAIGHT AND LEVEL,DRY,NO DEFECTS,NOT ON SCENE (DESK REPORT),NO INJURY / DRIVE AWAY,Y,,,"OVER $1,500",08/23/2017 02:25:00 PM,FOLLOWING TOO CLOSELY,NOT APPLICABLE,6200,N,CALIFORNIA AVE,2413,,,,,,,2,NO INDICATION OF INJURY,0,0,0,0,0,0,2,5,4,8,41.9940646891,-87.6996662094,POINT (-87.699666209442 41.994064689074)
d59ab700412fee08b2e59302873fb5d4e7c4c4fef5efe28f72828eed6f183d486a270dd3f95c6a32bd0a3ff6b10d6c9edb9da996f8e948ffbf9b605af6065571,,08/22/2017 03:45:00 AM,25,STOP SIGN/FLASHER,FUNCTIONING PROPERLY,CLEAR,"DARKNESS, LIGHTED ROAD",SIDESWIPE SAME DIRECTION,DIVIDED - W/MEDIAN (NOT RAISED),2,STRAIGHT AND LEVEL,DRY,NO DEFECTS,NOT ON SCENE (DESK REPORT),INJURY AND / OR TOW DUE TO CRASH,,,,"$501 - $1,500",09/02/2017 02:11:00 PM,UNABLE TO DETERMINE,DRIVING SKILLS/KNOWLEDGE/EXPERIENCE,900,W,111TH ST,2234,Y,,,,,,2,"REPORTED, NOT EVIDENT",1,0,0,0,1,0,2,3,3,8,41.692436189,-87.6448778144,POINT (-87.644877814431 41.692436188996)
021d01a89d1e738882b9b700c26aacf4ca9b3654d8a106f79e105ffa720587f04d2b5f480e39c55341fda71509d33ea5b502aea5c4d37c28eb51b6799a9d450a,,08/21/2017 01:04:00 AM,30,STOP SIGN/FLASHER,FUNCTIONING PROPERLY,RAIN,"DARKNESS, LIGHTED ROAD",PARKED MOTOR VEHICLE,NOT DIVIDED,2,STRAIGHT AND LEVEL,WET,NO DEFECTS,ON SCENE,INJURY AND / OR TOW DUE TO CRASH,,,Y,$500 OR LESS,08/21/2017 01:05:00 AM,NOT APPLICABLE,NOT APPLICABLE,3001,E,90TH ST,424,,,,,,,2,NO INDICATION OF INJURY,0,0,0,0,0,0,1,1,2,8,41.7317932256,-87.5512250704,POINT (-87.551225070449 41.731793225579)
61a666d1c6f96ad78d6f44bd010f15e1f3da8ee310aefa03dbb24bd02fc95eb700afbf45ded34052a05e423a8aee1550df6c99d1c228e8802e40fb328cc99b3c,,08/17/2017 08:30:00 AM,35,TRAFFIC SIGNAL,FUNCTIONING PROPERLY,RAIN,DAYLIGHT,REAR END,DIVIDED - W/MEDIAN BARRIER,4,STRAIGHT AND LEVEL,WET,NO DEFECTS,ON SCENE,INJURY AND / OR TOW DUE TO CRASH,,,,"$501 - $1,500",08/17/2017 08:41:00 AM,FOLLOWING TOO CLOSELY,WEATHER,2437,W,COLUMBUS AVE,835,,,,,,,2,NO INDICATION OF INJURY,0,0,0,0,0,0,3,8,5,8,41.7584073888,-87.6843456524,POINT (-87.684345652444 41.758407388791)
7410b8d4029e43642d8b632d72fae959a0b99c339d05490f96e080de77fe9ff0ed61e3d648840a0949e147bb700f4ea91cc784a31076196f740baf7fe3332c89,,08/15/2017 09:45:00 AM,30,NO CONTROLS,NO CONTROLS,CLEAR,DAYLIGHT,TURNING,NOT DIVIDED,2,STRAIGHT AND LEVEL,DRY,NO DEFECTS,NOT ON SCENE (DESK REPORT),NO INJURY / DRIVE AWAY,,,,"$501 - $1,500",08/15/2017 11:10:00 AM,FOLLOWING TOO CLOSELY,UNABLE TO DETERMINE,950,W,BRYN MAWR AVE,2022,,,,,,,2,NO INDICATION OF INJURY,0,0,0,0,0,0,2,9,3,8,41.9839467296,-87.6547895803,POINT (-87.654789580285 41.983946729597)
23955a07faafecd0bf8971d86b0c8b7000b19d4e3953d59bc67b9645c36b66a350f6b2dceb401325512a433b50357abd7515c8e97ba1d1bb93487202bca9d3aa,,08/13/2017 02:15:00 PM,25,STOP SIGN/FLASHER,FUNCTIONING PROPERLY,CLEAR,DAYLIGHT,PEDESTRIAN,NOT DIVIDED,2,STRAIGHT AND LEVEL,DRY,NO DEFECTS,ON SCENE,INJURY AND / OR TOW DUE TO CRASH,,,,$500 OR LESS,08/13/2017 02:20:00 PM,FAILING TO YIELD RIGHT-OF-WAY,TEXTING,3158,W,GRANVILLE AVE,2413,,,,,,,2,NONINCAPACITATING INJURY,1,0,0,1,0,0,1,14,1,8,41.9939593442,-87.709180456,POINT (-87.70918045601 41.993959344166)
95e6939b67cac615e8ec73cccdfd2b70046816b2131c24d608960988ea2b2eb2d784561a0bcface95dc75e2cabc0473db5eaea46637534be01e74f6ed1e7bcdf,,08/10/2017 10:54:00 AM,30,NO CONTROLS,NO CONTROLS,CLEAR,DAYLIGHT,PARKED MOTOR VEHICLE,NOT DIVIDED,2,STRAIGHT AND LEVEL,DRY,NO DEFECTS,NOT ON SCENE (DESK REPORT),NO INJURY / DRIVE AWAY,,,Y,$500 OR LESS,08/10/2017 11:25:00 AM,UNABLE TO DETERMINE,NOT APPLICABLE,1,E,45TH ST,215,,,,,,,2,NO INDICATION OF INJURY,0,0,0,0,0,0,2,10,5,8,41.8129505749,-87.6260992315,POINT (-87.626099231493 41.812950574864)
0d69c4f9294ebb700a84d342a653230db6aeac29b58c904ca129e3be3f2d2b67e1a26bb143af313cc473ec1d0c4f4dc7e8ade6f08a4e963f6bce3a2ce702c324,,08/10/2017 03:10:00 AM,30,NO CONTROLS,NO CONTROLS,CLEAR,DARKNESS,ANIMAL,DIVIDED - W/MEDIAN (NOT RAISED),4,STRAIGHT AND LEVEL,DRY,NO DEFECTS,NOT ON SCENE (DESK REPORT),NO INJURY / DRIVE AWAY,,,,"OVER $1,500",08/14/2017 11:15:00 AM,ANIMAL,UNABLE TO DETERMINE,8900,W,LAWRENCE AVE,1614,,,,,,,1,NO INDICATION OF INJURY,0,0,0,0,0,0,1,3,5,8,41.9664344316,-87.8490939046,POINT (-87.849093904563 41.966434431591)
dbc6ac592e6eec3d985103565bdb644e8d3fc5a12728ac7f83d6c93fe6e7832f62a666c9cf6126d72be04a48a35d267b1b7003132497c42a33fccdc111f775dc,,08/06/2017 02:00:00 PM,30,NO CONTROLS,NO CONTROLS,CLEAR,DAYLIGHT,PARKED MOTOR VEHICLE,PARKING LOT,1,STRAIGHT AND LEVEL,DRY,NO DEFECTS,NOT ON SCENE (DESK REPORT),NO INJURY / DRIVE AWAY,,,Y,"$501 - $1,500",08/06/2017 06:39:00 PM,IMPROPER BACKING,IMPROPER BACKING,3835,W,ROOSEVELT RD,1011,,,,,,,2,NO INDICATION OF INJURY,0,0,0,0,0,0,1,14,1,8,41.8661127734,-87.721443681,POINT (-87.72144368095 41.866112773353)
e0b357efd43e431ca9bf8b266a83b30f629253a4c7ac1307b7007297069d36af59541b4a5ce24fe3e6eaaae77975db7af63287518ef9de3bdb0ca5845415aeb7,,08/01/2017 02:25:00 PM,30,TRAFFIC SIGNAL,FUNCTIONING PROPERLY,CLEAR,DAYLIGHT,TURNING,DIVIDED - W/MEDIAN BARRIER,4,STRAIGHT AND LEVEL,DRY,NO DEFECTS,NOT ON SCENE (DESK REPORT),NO INJURY / DRIVE AWAY,,,,"$501 - $1,500",08/01/2017 02:50:00 PM,UNABLE TO DETERMINE,NOT APPLICABLE,1600,W,ROOSEVELT RD,1231,,,,,,,2,NO INDICATION OF INJURY,0,0,0,0,0,0,2,14,3,8,41.8669711164,-87.6665097438,POINT (-87.666509743796 41.86697111645)
233b96552766952e1969cc5373bd81f7c25a0b616aedd972c9f29f382ee72a545aa37d0e382010cf1af2db7003c61f4631a80733d21ce15b07e83bad9d6decfc,,08/01/2017 10:00:00 AM,30,NO CONTROLS,NO CONTROLS,CLEAR,DAYLIGHT,FIXED OBJECT,DRIVEWAY,1,STRAIGHT ON HILLCREST,DRY,NO DEFECTS,ON SCENE,NO INJURY / DRIVE AWAY,,,,"$501 - $1,500",08/01/2017 11:20:00 AM,NOT APPLICABLE,NOT APPLICABLE,7251,S,SOUTH SHORE DR,334,,,,,,,2,NO INDICATION OF INJURY,0,0,0,0,0,0,1,10,3,8,41.7646147089,-87.5609753232,POINT (-87.560975323163 41.764614708883)
8de4b5a5c3fbc90df404ea04efe0dbd3e470a7cc48035751efa8c59baaa399e841eb70090887ce8931b8b314a7362340e80240fe7e609dac8352bbba5597c2d6,,07/28/2017 03:30:00 PM,30,STOP SIGN/FLASHER,FUNCTIONING PROPERLY,CLEAR,DAYLIGHT,ANGLE,NOT DIVIDED,4,STRAIGHT AND LEVEL,DRY,NO DEFECTS,NOT ON SCENE (DESK REPORT),NO INJURY / DRIVE AWAY,Y,,,"$501 - $1,500",07/28/2017 04:28:00 PM,UNABLE TO DETERMINE,NOT APPLICABLE,1919,S,ASHLAND AVE,1235,,,,,,,2,NO INDICATION OF INJURY,0,0,0,0,0,0,2,15,6,7,41.8553638854,-87.6659331916,POINT (-87.665933191572 41.855363885442)
42fb8894124c831220433d4437cbc06668f40041cec8cc101f652d54765b7006848d105d78591cb46c7eae8269661425a6b1843a52e896b28732039da3c0e9db,,07/24/2017 01:30:00 PM,30,NO CONTROLS,NO CONTROLS,CLEAR,DAYLIGHT,TURNING,NOT DIVIDED,2,STRAIGHT AND LEVEL,DRY,NO DEFECTS,NOT ON SCENE (DESK REPORT),NO INJURY / DRIVE AWAY,,,Y,"OVER $1,500",07/24/2017 08:18:00 PM,UNABLE TO DETERMINE,UNABLE TO DETERMINE,2400,W,32ND PL,911,,,,,,,2,NO INDICATION OF INJURY,0,0,0,0,0,0,2,13,2,7,41.8350115013,-87.6853808091,POINT (-87.685380809093 41.835011501315)
9307adfa6d7bf7d3fce215ecf2c4ee7886ee00d1bc312603e749ee8cb383afeb700898048797125dc3a90f78fbfae355cadb6d0c323f3a5bed2d83d98fd84c9f,,07/24/2017 12:01:00 AM,30,NO CONTROLS,NO CONTROLS,CLEAR,"DARKNESS, LIGHTED ROAD",PARKED MOTOR VEHICLE,NOT DIVIDED,2,STRAIGHT AND LEVEL,DRY,NO DEFECTS,NOT ON SCENE (DESK REPORT),NO INJURY / DRIVE AWAY,,,Y,"OVER $1,500",07/24/2017 11:45:00 AM,NOT APPLICABLE,NOT APPLICABLE,3553,W,78TH PL,835,,,,,,,2,NO INDICATION OF INJURY,0,0,0,0,0,0,1,0,2,7,41.7504603145,-87.7118029281,POINT (-87.711802928099 41.750460314488)
d84f56ed1cab5597b2f2ef7ecce63b5e05fc48d941345ffb0e0175a95dc37e060cbfbde226c816b39ecac5d515636bd2c4053569d8cb3ebb07596928bba6b700,,07/20/2017 10:00:00 AM,30,TRAFFIC SIGNAL,FUNCTIONING PROPERLY,CLEAR,DAYLIGHT,REAR END,DIVIDED - W/MEDIAN (NOT RAISED),4,STRAIGHT AND LEVEL,WET,NO DEFECTS,NOT ON SCENE (DESK REPORT),NO INJURY / DRIVE AWAY,Y,,,"OVER $1,500",07/20/2017 11:10:00 AM,DRIVING SKILLS/KNOWLEDGE/EXPERIENCE,UNABLE TO DETERMINE,1800,S,BLUE ISLAND AVE,1233,,,,,,,2,NO INDICATION OF INJURY,0,0,0,0,0,0,2,10,5,7,41.8576650964,-87.6615076578,POINT (-87.661507657816 41.857665096354)
7733cdb4290bab39db700eb553a1fb63327bb0c3c798f4c2a951b98aabea3fc25257756c8c3ea33974434abd98db991b69f299bcee14df8681e75e2d23842e99,,07/19/2017 09:25:00 AM,5,NO CONTROLS,NO CONTROLS,CLEAR,"DARKNESS, LIGHTED ROAD",PARKED MOTOR VEHICLE,PARKING LOT,1,STRAIGHT AND LEVEL,DRY,NO DEFECTS,ON SCENE,NO INJURY / DRIVE AWAY,,,Y,"OVER $1,500",07/19/2017 09:10:00 PM,EXCEEDING AUTHORIZED SPEED LIMIT,DRIVING SKILLS/KNOWLEDGE/EXPERIENCE,320,N,DEARBORN ST,1831,,,,,,,2,NO INDICATION OF INJURY,0,0,0,0,0,0,1,9,4,7,41.8880703776,-87.6296922567,POINT (-87.629692256722 41.888070377638)