CRASH_RECORD_ID,CRASH_DATE_EST_I,CRASH_DATE,POSTED_SPEED_LIMIT,TRAFFIC_CONTROL_DEVICE,DEVICE_CONDITION,WEATHER_CONDITION,LIGHTING_CONDITION,FIRST_CRASH_TYPE,TRAFFICWAY_TYPE,LANE_CNT,ALIGNMENT,ROADWAY_SURFACE_COND,ROAD_DEFECT,REPORT_TYPE,CRASH_TYPE,INTERSECTION_RELATED_I,NOT_RIGHT_OF_WAY_I,HIT_AND_RUN_I,DAMAGE,DATE_POLICE_NOTIFIED,PRIM_CONTRIBUTORY_CAUSE,SEC_CONTRIBUTORY_CAUSE,STREET_NO,STREET_DIRECTION,STREET_NAME,BEAT_OF_OCCURRENCE,PHOTOS_TAKEN_I,STATEMENTS_TAKEN_I,DOORING_I,WORK_ZONE_I,WORK_ZONE_TYPE,WORKERS_PRESENT_I,NUM_UNITS,MOST_SEVERE_INJURY,INJURIES_TOTAL,INJURIES_FATAL,INJURIES_INCAPACITATING,INJURIES_NON_INCAPACITATING,INJURIES_REPORTED_NOT_EVIDENT,INJURIES_UNKNOWN,INJURIES_NO_INDICATION,CRASH_HOUR,CRASH_DAY_OF_WEEK,CRASH_MONTH,LATITUDE,LONGITUDE,LOCATION
896c4a57569d4d35fabe8fdf5deccad204b694e483054ef6c8fcd162bbcd1e7ade791e056f2a209219354d135a328b121fd705585ac3c628ff5069b7002ad6d9,,12/14/2016 06:30:00 AM,5,NO CONTROLS,NO CONTROLS,CLEAR,DAYLIGHT,PARKED MOTOR VEHICLE,PARKING LOT,0,STRAIGHT AND LEVEL,DRY,NO DEFECTS,NOT ON SCENE (DESK REPORT),NO INJURY / DRIVE AWAY,,Y,,"OVER $1,500",12/14/2016 07:10:00 AM,IMPROPER BACKING,NOT APPLICABLE,2310,S,PULASKI RD,1013,,,,,,,2,NO INDICATION OF INJURY,0,0,0,0,0,0,1,6,4,12,41.8493535742,-87.7248478277,POINT (-87.724847827735 41.849353574246)
f33c8c926296b7008dd2d02870d787be140c40dda5cead71750a99836532a00a4dc2b21a494fe1bb777870c6c2763dca1c3c117bdef87d514ba7a9555608adc5,,12/13/2016 10:30:00 PM,30,TRAFFIC SIGNAL,FUNCTIONING PROPERLY,SNOW,"DARKNESS, LIGHTED ROAD",TURNING,NOT DIVIDED,4,STRAIGHT AND LEVEL,SNOW OR SLUSH,NO DEFECTS,NOT ON SCENE (DESK REPORT),INJURY AND / OR TOW DUE TO CRASH,,,Y,"OVER $1,500",12/13/2016 11:30:00 PM,DRIVING SKILLS/KNOWLEDGE/EXPERIENCE,IMPROPER TURNING/NO SIGNAL,4731,N,BROADWAY,1914,,Y,,N,,,2,"REPORTED, NOT EVIDENT",1,0,0,0,1,0,1,22,3,12,41.9680163803,-87.6589862052,POINT (-87.658986205165 41.968016380299)
7998cb5eabed87f98f01c67d1613184479d63355686118427e089adb4e60b99d2b7e6a840675479019475c0dfd4b1b9069c0148a2b7000e9faa3377b8ef86462,Y,12/10/2016 03:30:00 PM,30,NO CONTROLS,NO CONTROLS,SNOW,DAYLIGHT,PARKED MOTOR VEHICLE,NOT DIVIDED,4,STRAIGHT AND LEVEL,SNOW OR SLUSH,NO DEFECTS,NOT ON SCENE (DESK REPORT),NO INJURY / DRIVE AWAY,,,Y,"OVER $1,500",12/10/2016 07:30:00 PM,NOT APPLICABLE,NOT APPLICABLE,6734,S,MORGAN ST,724,,,,,,,2,NO INDICATION OF INJURY,0,0,0,0,0,0,1,15,7,12,41.771350121,-87.6495734766,POINT (-87.649573476577 41.771350120976)
90688287a759f5fba1adf8fb70067d1b10a8be760dbe8f761c72ee18a078646ab0c23b37b314351191cff632afd2da63746758f99299a16ac6f7cc95dc5f377e,,12/08/2016 08:25:00 AM,30,NO CONTROLS,NO CONTROLS,CLEAR,DAYLIGHT,SIDESWIPE SAME DIRECTION,ONE-WAY,3,STRAIGHT AND LEVEL,DRY,NO DEFECTS,NOT ON SCENE (DESK REPORT),INJURY AND / OR TOW DUE TO CRASH,,,N,"OVER $1,500",12/08/2016 09:30:00 AM,FAILING TO YIELD RIGHT-OF-WAY,PASSING STOPPED SCHOOL BUS,3901,W,OGDEN AVE,1014,,,,,,,3,"REPORTED, NOT EVIDENT",1,0,0,0,1,0,4,8,5,12,41.8517756733,-87.7222749684,POINT (-87.722274968419 41.851775673307)
efae9466b700bf15566d4d63862bf71c1e24b4cd14b5ef097232c799659b770cceb8dcb49eb75dba53ad8f7240238fac7fea49e8bf9a19727ba3f4acf3c452fd,Y,12/06/2016 01:10:00 PM,30,NO CONTROLS,NO CONTROLS,CLEAR,DAYLIGHT,SIDESWIPE SAME DIRECTION,DIVIDED - W/MEDIAN (NOT RAISED),,STRAIGHT AND LEVEL,DRY,NO DEFECTS,NOT ON SCENE (DESK REPORT),NO INJURY / DRIVE AWAY,N,,Y,"$501 - $1,500",12/06/2016 03:00:00 PM,UNABLE TO DETERMINE,UNABLE TO DETERMINE,5199,N,BROADWAY,2033,,,,,,,2,NO INDICATION OF INJURY,0,0,0,0,0,0,2,13,3,12,41.9762797539,-87.659718128,POINT (-87.659718128027 41.976279753891)
d3df569bfc6f3f39eddd20d84dcf73dbe325719f4236a7b220c2aa682d28cc9335a89d2bab700216055a2fbb57257ec0ba1a62b89122306c942d4ac850415db5,,12/05/2016 03:29:00 PM,25,NO CONTROLS,NO CONTROLS,CLEAR,DAYLIGHT,REAR END,NOT DIVIDED,2,STRAIGHT AND LEVEL,DRY,NO DEFECTS,,NO INJURY / DRIVE AWAY,,,,"OVER $1,500",12/06/2016 04:56:00 PM,UNABLE TO DETERMINE,UNABLE TO DETERMINE,3800,S,CALIFORNIA AVE,911,,,,,,,2,NO INDICATION OF INJURY,0,0,0,0,0,0,2,15,2,12,41.8245662277,-87.6948073756,POINT (-87.69480737563 41.824566227681)
910a66f9f5f23bf8531eda3fb1b70061e06e2ca703be922a77352349428ede7b20f05dbf76999d88a9f1357967c0019fe5f31b81dfe89f7b7f183bfe906b66f3,,11/26/2016 02:30:00 PM,30,TRAFFIC SIGNAL,FUNCTIONING PROPERLY,CLEAR,DAYLIGHT,REAR END,NOT DIVIDED,2,STRAIGHT AND LEVEL,DRY,NO DEFECTS,NOT ON SCENE (DESK REPORT),NO INJURY / DRIVE AWAY,,,,"OVER $1,500",11/26/2016 03:30:00 PM,UNABLE TO DETERMINE,DRIVING SKILLS/KNOWLEDGE/EXPERIENCE,7100,S,WESTERN AVE,832,,,,,,,2,NO INDICATION OF INJURY,0,0,0,0,0,0,2,14,7,11,41.7646089122,-87.6833870533,POINT (-87.683387053281 41.764608912236)
e5a3a1f310456bfc67238b105f7532a3db846ed68b700fbebdbd9986d445854c816291ba0bada3ff2373921900c0dc3daa741c995f347d518bc02ad66bfa2558,,11/22/2016 08:30:00 AM,15,STOP SIGN/FLASHER,NO CONTROLS,CLEAR,DAYLIGHT,ANGLE,ALLEY,,STRAIGHT AND LEVEL,DRY,NO DEFECTS,NOT ON SCENE (DESK REPORT),NO INJURY / DRIVE AWAY,,,,"$501 - $1,500",11/22/2016 09:55:00 AM,HAD BEEN DRINKING (USE WHEN ARREST IS NOT MADE),NOT APPLICABLE,10437,S,WESTERN AVE,2212,,,,,,,2,NO INDICATION OF INJURY,0,0,0,0,0,0,2,8,3,11,41.7034485439,-87.6813819118,POINT (-87.681381911763 41.703448543865)
33951750692608da144cb8150238b0803ae4ed7cdb19070477fd2f9c29f208d6ed566b1f5bbf7bec8be52385905efb700f8729744e400de4c9e49795d7258278,,11/19/2016 05:15:00 PM,30,STOP SIGN/FLASHER,NO CONTROLS,CLEAR,DAYLIGHT,SIDESWIPE SAME DIRECTION,NOT DIVIDED,1,STRAIGHT AND LEVEL,DRY,UNKNOWN,NOT ON SCENE (DESK REPORT),NO INJURY / DRIVE AWAY,,,,"$501 - $1,500",11/19/2016 05:39:00 PM,UNABLE TO DETERMINE,UNABLE TO DETERMINE,11150,S,LOOMIS ST,2234,,,,,,,2,NO INDICATION OF INJURY,0,0,0,0,0,0,3,17,7,11,41.6906552954,-87.6570696529,POINT (-87.657069652856 41.690655295375)
c6ff7efb5d981edc6d025b58e7ba9363a6b7708561979b66754689ad65b4a8fee20c260bcff76e1ca73a7737b7008e1730ea3612585ad67e66c6b6a9cd23f799,,11/17/2016 05:30:00 PM,30,STOP SIGN/FLASHER,FUNCTIONING PROPERLY,CLEAR,DAWN,TURNING,NOT DIVIDED,2,STRAIGHT AND LEVEL,DRY,NO DEFECTS,NOT ON SCENE (DESK REPORT),INJURY AND / OR TOW DUE TO CRASH,,,,"OVER $1,500",11/17/2016 05:33:00 PM,FAILING TO YIELD RIGHT-OF-WAY,NOT APPLICABLE,620,W,63RD ST,711,,,,,,,2,NO INDICATION OF INJURY,0,0,0,0,0,0,6,17,5,11,41.7799200473,-87.6409255107,POINT (-87.640925510749 41.779920047341)
8e5ddc1e38c80492f98287c4960166acfc3b20040b652301275b700f24e9b7691976833eb30c3e42595e542c664e90ed2b08af364b158f76ff71dd3749b07eef,,11/14/2016 03:00:00 PM,35,NO CONTROLS,NO CONTROLS,CLEAR,DAYLIGHT,REAR END,NOT DIVIDED,2,STRAIGHT AND LEVEL,DRY,NO DEFECTS,NOT ON SCENE (DESK REPORT),NO INJURY / DRIVE AWAY,,,,"OVER $1,500",11/15/2016 08:55:00 PM,UNABLE TO DETERMINE,UNABLE TO DETERMINE,11110,S,PULASKI RD,2211,,,,,,,2,NO INDICATION OF INJURY,0,0,0,0,0,0,2,15,2,11,41.6908828664,-87.7204466151,POINT (-87.720446615112 41.690882866423)
032019dce319f0902862eac7c84463fdecb1b7001b92d0a3439f3420077c4603daeb4b9784c8ae896a9ae8f4e423ec9a378166c78d4f1a60c0016c86689f37f6,,11/04/2016 11:00:00 AM,15,NO CONTROLS,NO CONTROLS,UNKNOWN,DAYLIGHT,PARKED MOTOR VEHICLE,PARKING LOT,1,STRAIGHT AND LEVEL,UNKNOWN,UNKNOWN,NOT ON SCENE (DESK REPORT),NO INJURY / DRIVE AWAY,,Y,,"$501 - $1,500",11/04/2016 02:30:00 PM,IMPROPER BACKING,UNABLE TO DETERMINE,820,W,OAKDALE AVE,1933,,,,,,,2,NO INDICATION OF INJURY,0,0,0,0,0,0,2,11,6,11,41.9355505732,-87.6499846367,POINT (-87.649984636712 41.93555057323)
c997a0ed0e69bf741598fbf8d80a30ae550ebc1343ef7ceb22b81ea6022ea7fac2da6b7e2c8f29040405b6844772b218a07add56b700694ae73c41a3475bf0fd,,11/03/2016 02:35:00 PM,30,NO CONTROLS,NO CONTROLS,CLEAR,DAYLIGHT,REAR END,ALLEY,1,STRAIGHT AND LEVEL,DRY,NO DEFECTS,NOT ON SCENE (DESK REPORT),NO INJURY / DRIVE AWAY,,,Y,$500 OR LESS,11/04/2016 03:20:00 PM,NOT APPLICABLE,NOT APPLICABLE,5158,W,THOMAS ST,1531,,,,,,,2,NO INDICATION OF INJURY,0,0,0,0,0,0,2,14,5,11,41.9005274654,-87.7556732854,POINT (-87.75567328542 41.900527465449)
edb7c516c16137a6685af5f4888ace903f0f3092897c7e93943107a7dfa3dceccf8fb494e6fdcc5f778e56d4e2730139eb18d68cb242cd6dd0fbfa2ea4b70045,,10/31/2016 07:15:00 PM,30,NO CONTROLS,NO CONTROLS,CLEAR,DUSK,PARKED MOTOR VEHICLE,NOT DIVIDED,4,STRAIGHT AND LEVEL,DRY,NO DEFECTS,NOT ON SCENE (DESK REPORT),NO INJURY / DRIVE AWAY,,,,"OVER $1,500",11/01/2016 10:03:00 AM,UNABLE TO DETERMINE,UNABLE TO DETERMINE,1321,E,57TH ST,235,,,,,,,2,NO INDICATION OF INJURY,0,0,0,0,0,0,1,19,2,10,41.7913623233,-87.5939437568,POINT (-87.593943756774 41.791362323332)
b479d8ce9471bc35f3ca214d3d0a4ae47ce3990768c0150a37934a2f9b0b950ee3e364189679f259a8cbc97ccaa5938d2adb65a1814f249a4f909c5b70092511,,10/31/2016 07:09:00 AM,30,TRAFFIC SIGNAL,FUNCTIONING PROPERLY,CLEAR,DAYLIGHT,PEDESTRIAN,NOT DIVIDED,2,STRAIGHT AND LEVEL,DRY,NO DEFECTS,ON SCENE,NO INJURY / DRIVE AWAY,Y,,,$500 OR LESS,10/31/2016 07:11:00 AM,FAILING TO YIELD RIGHT-OF-WAY,UNABLE TO DETERMINE,400,E,79TH ST,624,,,,,,,2,NO INDICATION OF INJURY,0,0,0,0,0,0,2,7,2,10,41.7512240943,-87.6148969613,POINT (-87.614896961253 41.751224094299)
afdb4b128ed4db0b700e8124a74b476a6e5794e7faf058f6ad800345080ed5135aa8f80bb249c9da056dde785cbeddf4758b7ef03b9b6ce9796ce9e103376e9e,,10/27/2016 09:45:00 AM,30,TRAFFIC SIGNAL,FUNCTIONING PROPERLY,CLOUDY/OVERCAST,DAYLIGHT,SIDESWIPE SAME DIRECTION,NOT DIVIDED,4,STRAIGHT AND LEVEL,DRY,NO DEFECTS,NOT ON SCENE (DESK REPORT),NO INJURY / DRIVE AWAY,,,Y,$500 OR LESS,10/27/2016 10:30:00 AM,IMPROPER LANE USAGE,UNABLE TO DETERMINE,4000,W,CHICAGO AVE,1111,,,,,,,2,NO INDICATION OF INJURY,0,0,0,0,0,0,2,9,5,10,41.8954767516,-87.7261443599,POINT (-87.726144359916 41.895476751637)
bc0b700e9088db7ecdf84731b25affe815f9d3f6fdfc0feb2d87087ff6830f1b60186aab864c8582aeb913d55a94fbc4a2f95e0b1696d5c242f613d085004d5a,Y,10/24/2016 03:30:00 PM,30,NO CONTROLS,NO CONTROLS,CLEAR,DAYLIGHT,REAR END,DIVIDED - W/MEDIAN (NOT RAISED),4,STRAIGHT AND LEVEL,DRY,NO DEFECTS,NOT ON SCENE (DESK REPORT),NO INJURY / DRIVE AWAY,,,,"OVER $1,500",10/24/2016 04:10:00 PM,UNABLE TO DETERMINE,UNABLE TO DETERMINE,4131,W,CERMAK RD,1013,,,,,,,3,NO INDICATION OF INJURY,0,0,0,0,0,0,4,15,2,10,41.8513816742,-87.7283900938,POINT (-87.728390093792 41.851381674187)
f43c596b3979e0fcab7d424f03708a776a12a84c67a7e096f0316e500fd2b0b7966a0242068680e5e0739ae5fb55bdb700d3c6e04baa8d283d97d82e8a888903,,10/23/2016 07:10:00 PM,30,NO CONTROLS,NO CONTROLS,CLEAR,"DARKNESS, LIGHTED ROAD",SIDESWIPE SAME DIRECTION,NOT DIVIDED,2,STRAIGHT AND LEVEL,DRY,NO DEFECTS,NOT ON SCENE (DESK REPORT),NO INJURY / DRIVE AWAY,,,,"$501 - $1,500",10/23/2016 07:40:00 PM,IMPROPER BACKING,UNABLE TO DETERMINE,550,W,WRIGHTWOOD AVE,1935,,,,,,,2,NO INDICATION OF INJURY,0,0,0,0,0,0,2,19,1,10,41.9302062566,-87.6432245959,POINT (-87.643224595938 41.930206256623)
a146e6523b2f2274d9c8b32daf9e8c182063e664e79fcf7ff821873742e90b4e83d5d32b5436d08a8cec568befcfbb700bd986f50d54320293b0f918c8ddc022,,10/22/2016 07:45:00 PM,30,TRAFFIC SIGNAL,FUNCTIONING PROPERLY,CLEAR,DUSK,SIDESWIPE SAME DIRECTION,DIVIDED - W/MEDIAN BARRIER,3,STRAIGHT AND LEVEL,DRY,NO DEFECTS,NOT ON SCENE (DESK REPORT),NO INJURY / DRIVE AWAY,,,,"$501 - $1,500",10/22/2016 08:04:00 PM,IMPROPER OVERTAKING/PASSING,NOT APPLICABLE,200,S,MICHIGAN AVE,113,,,,,,,2,NO INDICATION OF INJURY,0,0,0,0,0,0,2,19,7,10,41.8794893287,-87.6244981249,POINT (-87.624498124934 41.879489328698)
8ce2897c7df558e32ccf220ee9ed40d78d7bace1084adff9113defe9d98902d4ba107f3478ffd6be8ef881da5a22de8773555ce9828f78525b70040d8e33c4fb,,10/21/2016 03:15:00 PM,30,STOP SIGN/FLASHER,FUNCTIONING PROPERLY,CLEAR,DAYLIGHT,TURNING,ONE-WAY,1,STRAIGHT AND LEVEL,DRY,UNKNOWN,NOT ON SCENE (DESK REPORT),NO INJURY / DRIVE AWAY,,,,"OVER $1,500",10/21/2016 03:30:00 PM,UNABLE TO DETERMINE,UNABLE TO DETERMINE,5499,N,LINCOLN AVE,2011,,,,,,,2,NO INDICATION OF INJURY,0,0,0,0,0,0,2,15,6,10,41.9812713898,-87.6926772888,POINT (-87.69267728882 41.981271389839)
e6c3df285f5c3b700651e6d7127e3a5b302bf42c17d53c614463889bd0eff52c9ba6a9927a474cecd8525efe45639a0310d430af581e8584962798fff519c620,,10/18/2016 03:00:00 PM,35,TRAFFIC SIGNAL,FUNCTIONING PROPERLY,CLEAR,DAYLIGHT,REAR END,NOT DIVIDED,2,STRAIGHT AND LEVEL,DRY,UNKNOWN,NOT ON SCENE (DESK REPORT),NO INJURY / DRIVE AWAY,Y,,,"$501 - $1,500",10/18/2016 07:35:00 PM,FOLLOWING TOO CLOSELY,FAILING TO REDUCE SPEED TO AVOID CRASH,5414,W,DEVON AVE,1621,,,,,,,2,NO INDICATION OF INJURY,0,0,0,0,0,0,2,15,3,10,41.9974382861,-87.7643991187,POINT (-87.76439911874 41.997438286068)
8b8b0a0f36717dc73336a9aff32d4377cca721724497bc4b3d53cca2761c2a60be5dc253e8a5e600db700fe4555c38fb40923cd8667bbe6b16e4a10edf131943,,10/17/2016 11:45:00 AM,30,NO CONTROLS,NO CONTROLS,UNKNOWN,UNKNOWN,SIDESWIPE SAME DIRECTION,NOT DIVIDED,2,STRAIGHT AND LEVEL,UNKNOWN,UNKNOWN,NOT ON SCENE (DESK REPORT),NO INJURY / DRIVE AWAY,,,,"$501 - $1,500",10/19/2016 09:19:00 PM,FAILING TO YIELD RIGHT-OF-WAY,NOT APPLICABLE,2007,N,DAMEN AVE,1432,,,,,,,2,NO INDICATION OF INJURY,0,0,0,0,0,0,4,11,2,10,41.9179859657,-87.6774825261,POINT (-87.677482526147 41.917985965703)
53a24415ece5dd11f827863831f61f8061fe4444d45f6b7005f233ffb52739ebadf42a7295db8089dce8365858f7222ce959ffe3c26d7db2140f9d54d2998c9e,,10/16/2016 02:22:00 AM,30,NO CONTROLS,NO CONTROLS,CLEAR,"DARKNESS, LIGHTED ROAD",PEDALCYCLIST,ONE-WAY,1,STRAIGHT AND LEVEL,DRY,SHOULDER DEFECT,ON SCENE,INJURY AND / OR TOW DUE TO CRASH,,,,"$501 - $1,500",10/16/2016 02:23:00 AM,FAILING TO REDUCE SPEED TO AVOID CRASH,EXCEEDING SAFE SPEED FOR CONDITIONS,6133,W,WRIGHTWOOD AVE,2512,,,,,,,2,NONINCAPACITATING INJURY,1,0,0,1,0,0,0,2,1,10,41.9273171185,-87.7796245948,POINT (-87.7796245948 41.927317118518)
d0280fe96f64a93ab3f62a96b60bf374d4c995a957054664d05630e6d980cd99fcf3fe551c9d442f8521c3435e1530e478bfdc5e9ea60a2ce3c84bb20c3db700,,10/14/2016 07:30:00 PM,30,TRAFFIC SIGNAL,FUNCTIONING PROPERLY,CLEAR,DUSK,SIDESWIPE SAME DIRECTION,ONE-WAY,4,STRAIGHT AND LEVEL,DRY,NO DEFECTS,NOT ON SCENE (DESK REPORT),NO INJURY / DRIVE AWAY,,,,"OVER $1,500",10/14/2016 07:51:00 PM,FOLLOWING TOO CLOSELY,NOT APPLICABLE,55,W,MONROE ST,112,,,,,,,2,NO INDICATION OF INJURY,0,0,0,0,0,0,2,19,6,10,41.880598955,-87.6299073905,POINT (-87.629907390518 41.880598955013)
77c1a3b65b482312380b1ecc1ff950ade0119864c7d907cc9ccb04038a97e4b7637b700435ba6d4a96caca5d39f57c04dc8a4164a0399a5b8271df545f95b38a,,10/13/2016 04:00:00 PM,30,NO CONTROLS,NO CONTROLS,CLEAR,DAYLIGHT,SIDESWIPE SAME DIRECTION,NOT DIVIDED,2,STRAIGHT AND LEVEL,DRY,NO DEFECTS,NOT ON SCENE (DESK REPORT),NO INJURY / DRIVE AWAY,,,,"$501 - $1,500",10/13/2016 06:30:00 PM,IMPROPER OVERTAKING/PASSING,IMPROPER OVERTAKING/PASSING,5600,W,FULLERTON AVE,2515,,,,,,,2,NO INDICATION OF INJURY,0,0,0,0,0,0,2,16,5,10,41.9240901988,-87.7660535302,POINT (-87.766053530161 41.924090198835)
4b700d0c21347185dcff1e8c7f6211beddffade4c2489d6c940c8321d86a22cf173a427563fb4eb416d2a65578889b4bff99d4231a1afc2c043eb424b547eea9,,10/13/2016 09:25:00 AM,30,TRAFFIC SIGNAL,FUNCTIONING PROPERLY,CLEAR,DAYLIGHT,SIDESWIPE SAME DIRECTION,NOT DIVIDED,,STRAIGHT AND LEVEL,DRY,NO DEFECTS,NOT ON SCENE (DESK REPORT),NO INJURY / DRIVE AWAY,,,,"$501 - $1,500",10/17/2016 01:07:00 PM,UNABLE TO DETERMINE,UNABLE TO DETERMINE,5500,S,COTTAGE GROVE AVE,233,,,,,,,2,NO INDICATION OF INJURY,0,0,0,0,0,0,2,9,5,10,41.7948782216,-87.6063658143,POINT (-87.606365814304 41.794878221574)
daec5f673eb700756288216b3410368b09290ded0a211f18b21385c12c5fe37aa761e9db84f73d421ed55c80829486508df9e0fab0cff8eb95d60538f2853ab7,,10/12/2016 08:52:00 AM,0,NO CONTROLS,NO CONTROLS,CLEAR,DAYLIGHT,PARKED MOTOR VEHICLE,NOT DIVIDED,2,STRAIGHT AND LEVEL,DRY,NO DEFECTS,NOT ON SCENE (DESK REPORT),NO INJURY / DRIVE AWAY,,,Y,"OVER $1,500",10/12/2016 09:15:00 AM,UNABLE TO DETERMINE,NOT APPLICABLE,430,W,ERIE ST,1831,,,,,,,2,NO INDICATION OF INJURY,0,0,0,0,0,0,2,8,4,10,41.8940286693,-87.6398369166,POINT (-87.639836916608 41.89402866925)
33bcfadc0530513f64a452242495f401ddf8c6efdc5b700c127a5564564ed66fd2d2adc38da58ca8581e7d95eaca46d46f8d2f90708702b5816ca81d9cd598ce,,10/10/2016 05:00:00 PM,35,TRAFFIC SIGNAL,FUNCTIONING PROPERLY,CLEAR,DAYLIGHT,REAR END,DIVIDED - W/MEDIAN BARRIER,4,STRAIGHT AND LEVEL,DRY,NO DEFECTS,NOT ON SCENE (DESK REPORT),NO INJURY / DRIVE AWAY,,,,"OVER $1,500",10/10/2016 05:25:00 PM,FOLLOWING TOO CLOSELY,FAILING TO REDUCE SPEED TO AVOID CRASH,8401,W,HIGGINS RD,1614,,,,,,,2,NO INDICATION OF INJURY,0,0,0,0,0,0,2,17,2,10,41.9863426288,-87.8371039498,POINT (-87.837103949785 41.986342628794)
efcea054b7004b62536030ac1b58e3d4fda90a707850dd79604f54497c2625c8d9ab489cad8843442cba049d4a787aa74821ed2574916603a2d060d5168cc3f2,,10/09/2016 05:58:00 PM,30,NO CONTROLS,NO CONTROLS,CLEAR,DAYLIGHT,SIDESWIPE SAME DIRECTION,DIVIDED - W/MEDIAN (NOT RAISED),4,STRAIGHT AND LEVEL,DRY,NO DEFECTS,NOT ON SCENE (DESK REPORT),NO INJURY / DRIVE AWAY,,,Y,"OVER $1,500",10/09/2016 07:00:00 PM,FAILING TO YIELD RIGHT-OF-WAY,IMPROPER OVERTAKING/PASSING,7043,S,GREEN ST,733,,,,,,,2,NO INDICATION OF INJURY,0,0,0,0,0,0,2,17,1,10,41.7657278426,-87.645503905,POINT (-87.645503905033 41.765727842608)
51d55dc1ba1236fe7796a677f586fb1c7de6b70090dfad9cbfa3f291143ff8ccd761dd397eb27cd20b9c0d02f49cc38cdb1cb9e7bb0a6fb008992f5bf773d326,N,10/03/2016 05:30:00 PM,30,TRAFFIC SIGNAL,FUNCTIONING PROPERLY,CLEAR,DAYLIGHT,REAR END,ONE-WAY,2,STRAIGHT AND LEVEL,DRY,NO DEFECTS,NOT ON SCENE (DESK REPORT),NO INJURY / DRIVE AWAY,,,,$500 OR LESS,10/18/2016 07:00:00 PM,FOLLOWING TOO CLOSELY,NOT APPLICABLE,500,W,RANDOLPH ST,121,,,,,,,2,NO INDICATION OF INJURY,0,0,0,0,0,0,2,17,2,10,41.8845516127,-87.6398742409,POINT (-87.639874240945 41.884551612703)
2c71698b3085c1622e15eb8079664fcbc384a5be6843731ed121a54a432157b70002f43aa1c35ac6fc3ec4e3c9020b4285aeb90d1bd4ee4e5533a76abed89dcc,,09/30/2016 06:15:00 AM,30,NO CONTROLS,NO CONTROLS,RAIN,"DARKNESS, LIGHTED ROAD",TURNING,NOT DIVIDED,2,STRAIGHT AND LEVEL,WET,NO DEFECTS,NOT ON SCENE (DESK REPORT),NO INJURY / DRIVE AWAY,,,,"OVER $1,500",09/30/2016 06:50:00 AM,NOT APPLICABLE,NOT APPLICABLE,5600,S,KEDZIE AVE,822,,,,,,,2,NO INDICATION OF INJURY,0,0,0,0,0,0,3,6,6,9,41.7916050351,-87.7036488822,POINT (-87.703648882176 41.791605035051)
514533eb433e340d1b3ecfb7b40d04416e2839a8c3f1737521ea6206d12e54038927a16b700b01042f1ff42b522657e7c61a66919853cf4221527ee511eac7b7,,09/26/2016 10:45:00 PM,30,TRAFFIC SIGNAL,FUNCTIONING PROPERLY,CLEAR,"DARKNESS, LIGHTED ROAD",REAR END,NOT DIVIDED,2,STRAIGHT AND LEVEL,DRY,NO DEFECTS,NOT ON SCENE (DESK REPORT),NO INJURY / DRIVE AWAY,,,,"OVER $1,500",09/26/2016 11:00:00 PM,FOLLOWING TOO CLOSELY,NOT APPLICABLE,4500,S,MICHIGAN AVE,215,,,,,,,2,NO INDICATION OF INJURY,0,0,0,0,0,0,2,22,2,9,41.8130060657,-87.6230808152,POINT (-87.623080815229 41.813006065749)
8c33c8d65d94ac481657eae788569244d0dbd3fba940723f0010018d7d341ccb70093b487e884ed7438ebeeea013fedafdc8ede24f19d42d04223b56daf013ce,,09/21/2016 02:30:00 PM,30,TRAFFIC SIGNAL,FUNCTIONING PROPERLY,RAIN,DAYLIGHT,ANGLE,NOT DIVIDED,4,STRAIGHT AND LEVEL,WET,NO DEFECTS,NOT ON SCENE (DESK REPORT),NO INJURY / DRIVE AWAY,Y,,Y,"$501 - $1,500",09/21/2016 02:45:00 PM,UNABLE TO DETERMINE,NOT APPLICABLE,5000,W,FULLERTON AVE,2521,,,,,,,2,NO INDICATION OF INJURY,0,0,0,0,0,0,3,14,4,9,41.9242835038,-87.7513519637,POINT (-87.751351963724 41.92428350376)
d1d9eb70096286fd255f4776f2389e7388a68fb1fbf753fc35eec8c6dc76d4e713674f87cc15764d6c0a0022a6f086fd3480b42fdf109a59a3156edf937f7f8b,,09/17/2016 03:50:00 PM,0,NO CONTROLS,NO CONTROLS,CLEAR,DAYLIGHT,PARKED MOTOR VEHICLE,NOT DIVIDED,0,STRAIGHT AND LEVEL,DRY,NO DEFECTS,ON SCENE,INJURY AND / OR TOW DUE TO CRASH,,,Y,"OVER $1,500",09/17/2016 03:52:00 PM,FAILING TO REDUCE SPEED TO AVOID CRASH,IMPROPER TURNING/NO SIGNAL,7200,S,LAFAYETTE AVE,731,,Y,,,,,3,NO INDICATION OF INJURY,0,0,0,0,0,0,3,15,7,9,41.7635742885,-87.6266694037,POINT (-87.626669403655 41.763574288497)