CRASH_RECORD_ID,CRASH_DATE_EST_I,CRASH_DATE,POSTED_SPEED_LIMIT,TRAFFIC_CONTROL_DEVICE,DEVICE_CONDITION,WEATHER_CONDITION,LIGHTING_CONDITION,FIRST_CRASH_TYPE,TRAFFICWAY_TYPE,LANE_CNT,ALIGNMENT,ROADWAY_SURFACE_COND,ROAD_DEFECT,REPORT_TYPE,CRASH_TYPE,INTERSECTION_RELATED_I,NOT_RIGHT_OF_WAY_I,HIT_AND_RUN_I,DAMAGE,DATE_POLICE_NOTIFIED,PRIM_CONTRIBUTORY_CAUSE,SEC_CONTRIBUTORY_CAUSE,STREET_NO,STREET_DIRECTION,STREET_NAME,BEAT_OF_OCCURRENCE,PHOTOS_TAKEN_I,STATEMENTS_TAKEN_I,DOORING_I,WORK_ZONE_I,WORK_ZONE_TYPE,WORKERS_PRESENT_I,NUM_UNITS,MOST_SEVERE_INJURY,INJURIES_TOTAL,INJURIES_FATAL,INJURIES_INCAPACITATING,INJURIES_NON_INCAPACITATING,INJURIES_REPORTED_NOT_EVIDENT,INJURIES_UNKNOWN,INJURIES_NO_INDICATION,CRASH_HOUR,CRASH_DAY_OF_WEEK,CRASH_MONTH,LATITUDE,LONGITUDE,LOCATION
e92542c990454721d5c2914d7603bf3647a9156eb3423453890495283ef43066f2d990386a17c760427ac6497ed03540b7004917143987282bc779c78c8d1da2,,09/09/2016 11:50:00 AM,15,NO CONTROLS,NO CONTROLS,CLEAR,DAYLIGHT,ANGLE,PARKING LOT,0,STRAIGHT AND LEVEL,DRY,NO DEFECTS,NOT ON SCENE (DESK REPORT),NO INJURY / DRIVE AWAY,,,,"$501 - $1,500",09/09/2016 12:00:00 PM,IMPROPER BACKING,NOT APPLICABLE,1934,S,STATE ST,131,,,,,,,2,NO INDICATION OF INJURY,0,0,0,0,0,0,2,11,6,9,41.855555054,-87.6272954993,POINT (-87.627295499348 41.855555053988)
410946b20f3281c1766eb7006e79d051ce03eaad2c2c4ad5ca0ce360fa97b7b7086c1c0792f7ec3388e2b1376b9f5cdf17d6bcd92a1b7b59879950fcac2c9a02,Y,09/02/2016 05:55:00 PM,30,STOP SIGN/FLASHER,FUNCTIONING PROPERLY,CLEAR,DAYLIGHT,ANGLE,DIVIDED - W/MEDIAN (NOT RAISED),4,STRAIGHT AND LEVEL,DRY,NO DEFECTS,NOT ON SCENE (DESK REPORT),NO INJURY / DRIVE AWAY,,,,"OVER $1,500",09/02/2016 07:20:00 PM,UNABLE TO DETERMINE,UNABLE TO DETERMINE,3500,N,LINCOLN AVE,1922,,,,,,,2,NO INDICATION OF INJURY,0,0,0,0,0,0,2,17,6,9,41.9451524031,-87.6726503545,POINT (-87.672650354463 41.9451524031)
94ef9be9208d5fdc7fde3cc125fd253fb63a4caab7005e7781ed2653ab25a3147e10573876f6e32b3dce2aac3c44df089aab7012985a8a1e75f6988ee2ff71d5,,08/31/2016 07:40:00 AM,35,UNKNOWN,UNKNOWN,CLEAR,DAYLIGHT,REAR END,NOT DIVIDED,4,STRAIGHT AND LEVEL,DRY,NO DEFECTS,NOT ON SCENE (DESK REPORT),NO INJURY / DRIVE AWAY,,,,"$501 - $1,500",08/31/2016 02:00:00 PM,FOLLOWING TOO CLOSELY,FOLLOWING TOO CLOSELY,1920,W,FOSTER AVE,2012,,,,,,,3,NO INDICATION OF INJURY,0,0,0,0,0,0,3,7,4,8,41.9761717056,-87.6773150768,POINT (-87.67731507684 41.976171705587)
ab700ede3853b38d09a5ebf87091cfd51e03f64e2558e8c8f8a1dc279515d200ddf3628ce242405a7b54624ff6f3b013c8d8732b2bc0db78affd148756dd34fe,Y,08/28/2016 02:00:00 PM,30,STOP SIGN/FLASHER,FUNCTIONING PROPERLY,CLEAR,DAYLIGHT,REAR END,NOT DIVIDED,2,STRAIGHT AND LEVEL,DRY,NO DEFECTS,NOT ON SCENE (DESK REPORT),NO INJURY / DRIVE AWAY,,,,"$501 - $1,500",09/01/2016 03:30:00 PM,FOLLOWING TOO CLOSELY,FOLLOWING TOO CLOSELY,1500,S,KOSTNER AVE,1012,,,,,,,2,NO INDICATION OF INJURY,0,0,0,0,0,0,2,14,1,8,41.8604629684,-87.734935207,POINT (-87.734935207048 41.860462968352)
d067e336f414b230b7000b3bb7f0cf8b7e9dff018b3143232409af980445fcb776a3bffcd397bde0a7521c2418f645c84cc1307f70e2534a227be405ad154da4,Y,08/26/2016 12:20:00 PM,15,NO CONTROLS,NO CONTROLS,CLEAR,DAYLIGHT,HEAD ON,PARKING LOT,,STRAIGHT AND LEVEL,DRY,NO DEFECTS,NOT ON SCENE (DESK REPORT),NO INJURY / DRIVE AWAY,,Y,,$500 OR LESS,08/26/2016 04:00:00 PM,IMPROPER BACKING,IMPROPER BACKING,7003,N,CLARK ST,2423,,,,,,,2,NO INDICATION OF INJURY,0,0,0,0,0,0,2,12,6,8,42.0091330244,-87.6738463825,POINT (-87.673846382471 42.009133024415)
64dcb1a67d729bb5c8ab700ef894ddccb5e538f8820b158a1e0991c603ce318c6a8122ec1d1668a6144e1dc51aaee49754f09b57c9e1477d35b1c277e6a15b5b,,08/13/2016 05:45:00 PM,30,UNKNOWN,UNKNOWN,CLEAR,DAYLIGHT,SIDESWIPE SAME DIRECTION,DIVIDED - W/MEDIAN (NOT RAISED),2,STRAIGHT AND LEVEL,DRY,UNKNOWN,NOT ON SCENE (DESK REPORT),NO INJURY / DRIVE AWAY,,,Y,"$501 - $1,500",08/13/2016 07:00:00 PM,"OPERATING VEHICLE IN ERRATIC, RECKLESS, CARELESS, NEGLIGENT OR AGGRESSIVE MANNER",NOT APPLICABLE,200,W,63RD ST,311,,,,,,,2,NO INDICATION OF INJURY,0,0,0,0,0,0,4,17,7,8,41.7800965005,-87.6301721989,POINT (-87.630172198939 41.780096500488)
b3932950c847b8363afb11868fe52b5ea6d52717cff74bb9c8db1459a96b25329b92a95e75c42749fea165dfd9fc735f5f1b7007915dbe1b2041bc5fd73dee1d,,08/13/2016 03:15:00 PM,30,NO CONTROLS,NO CONTROLS,CLEAR,DAYLIGHT,SIDESWIPE SAME DIRECTION,OTHER,3,STRAIGHT AND LEVEL,DRY,NO DEFECTS,NOT ON SCENE (DESK REPORT),NO INJURY / DRIVE AWAY,,,,$500 OR LESS,08/13/2016 03:40:00 PM,FAILING TO REDUCE SPEED TO AVOID CRASH,FOLLOWING TOO CLOSELY,1700,S,LAKE SHORE DR W,132,,,,,,,2,NO INDICATION OF INJURY,0,0,0,0,0,0,3,15,7,8,41.8589989084,-87.6173989906,POINT (-87.617398990618 41.858998908395)
201c3bbc171258250ba9e00b7001a79f521c04b5a4093e7eed0eb16574b83752fa166fc1f62768062ba78aab84fa74126e2779bda60723a46f58ec560be9f607,Y,08/05/2016 01:10:00 PM,20,UNKNOWN,UNKNOWN,CLEAR,DAYLIGHT,PARKED MOTOR VEHICLE,NOT DIVIDED,2,STRAIGHT AND LEVEL,DRY,UNKNOWN,NOT ON SCENE (DESK REPORT),NO INJURY / DRIVE AWAY,Y,,,"$501 - $1,500",08/05/2016 02:00:00 PM,NOT APPLICABLE,NOT APPLICABLE,1556,E,65TH PL,321,,,,,,,2,NO INDICATION OF INJURY,0,0,0,0,0,0,1,13,6,8,41.7761929824,-87.5866515047,POINT (-87.586651504714 41.776192982405)
5c4da63a263db700d33581f9368aa374138c9f78becca0eb1ae9a207064b80488f087e9cc2330f6c1fe2c896e7bcecfa1f7dad6bf9e7bbdc20d5a7d8f9033172,,08/04/2016 09:14:00 AM,15,NO CONTROLS,NO CONTROLS,CLEAR,DAYLIGHT,PARKED MOTOR VEHICLE,PARKING LOT,0,STRAIGHT AND LEVEL,DRY,NO DEFECTS,NOT ON SCENE (DESK REPORT),NO INJURY / DRIVE AWAY,,,Y,"OVER $1,500",08/07/2016 04:11:00 PM,UNABLE TO DETERMINE,NOT APPLICABLE,2510,S,PRAIRIE AVE,133,,,,,,,2,NO INDICATION OF INJURY,0,0,0,0,0,0,1,9,5,8,41.8471274442,-87.6206883003,POINT (-87.620688300331 41.847127444157)
ae8bef7d38f8498802f589e466d573b700511038d28b47f86abd0943acaf603b05d41ddc4724b9064763d1db14244e04940181c215b5ffdfcde0f375b4e7a259,,08/01/2016 03:40:00 PM,30,TRAFFIC SIGNAL,FUNCTIONING PROPERLY,CLEAR,DAYLIGHT,REAR END,NOT DIVIDED,4,STRAIGHT ON HILLCREST,DRY,NO DEFECTS,NOT ON SCENE (DESK REPORT),NO INJURY / DRIVE AWAY,Y,,,"OVER $1,500",08/02/2016 11:00:00 AM,FOLLOWING TOO CLOSELY,UNABLE TO DETERMINE,2358,S,HALSTED ST,1235,,,,,,,2,NO INDICATION OF INJURY,0,0,0,0,0,0,2,15,2,8,41.8493215701,-87.6466210429,POINT (-87.646621042908 41.849321570065)
3d19b84c80b700e1ed299fe27d2be3bd4fc02d5f77e63ddab3273e0587bb60bd16041c6c4d2d50c954621c970f0d62877131ac9f388172ea37f2eed53356ce13,,07/28/2016 05:00:00 PM,30,NO CONTROLS,NO CONTROLS,RAIN,DAYLIGHT,REAR END,NOT DIVIDED,,STRAIGHT AND LEVEL,WET,NO DEFECTS,NOT ON SCENE (DESK REPORT),NO INJURY / DRIVE AWAY,,,Y,"$501 - $1,500",07/28/2016 06:09:00 PM,FOLLOWING TOO CLOSELY,NOT APPLICABLE,5942,N,CLARK ST,2012,,,,,,,2,NO INDICATION OF INJURY,0,0,0,0,0,0,2,17,5,7,41.9896310367,-87.6701280702,POINT (-87.670128070235 41.989631036683)
9193f6afb70051fd77c03b617aed6407d18a1f4af5980c809888789045bb320ca9a58de56a6713c02fd53c4b0d6f28dc524b064f10603ea7cb5f734d2bc19eab,,07/25/2016 05:00:00 PM,30,TRAFFIC SIGNAL,FUNCTIONING PROPERLY,CLEAR,DAYLIGHT,REAR END,NOT DIVIDED,2,STRAIGHT AND LEVEL,DRY,NO DEFECTS,NOT ON SCENE (DESK REPORT),NO INJURY / DRIVE AWAY,,N,,"OVER $1,500",07/25/2016 05:44:00 PM,NOT APPLICABLE,NOT APPLICABLE,225,E,CHICAGO AVE,1833,,,,,,,2,NO INDICATION OF INJURY,0,0,0,0,0,0,2,17,2,7,41.8966598813,-87.6217552353,POINT (-87.621755235273 41.896659881319)
a7b5c9993a2b7399d54da45e7b7de1165209b4a432016355d25f700a4c5e21bafb243a81c9bcefbb6e74b17d5fb32599e24e14cb12afd1efcb286485ffb7006a,,07/19/2016 01:30:00 PM,15,NO CONTROLS,NO CONTROLS,CLEAR,DAYLIGHT,SIDESWIPE SAME DIRECTION,ONE-WAY,2,STRAIGHT AND LEVEL,DRY,NO DEFECTS,NOT ON SCENE (DESK REPORT),NO INJURY / DRIVE AWAY,,,,"$501 - $1,500",07/20/2016 11:45:00 AM,UNABLE TO DETERMINE,NOT APPLICABLE,318,E,86TH ST,632,,,,,,,2,NO INDICATION OF INJURY,0,0,0,0,0,0,2,13,3,7,41.7384043953,-87.6169113951,POINT (-87.616911395078 41.738404395251)
57c4e130fe5b31f2db91c86cb43a7a72cdf40f62469f7bd4e9158ad3436182bcc5bc422004339e5c55818d665b1a041ec9f800f5e8b7004148a0ec0e032bfab2,,07/17/2016 02:30:00 PM,30,UNKNOWN,UNKNOWN,UNKNOWN,UNKNOWN,REAR END,NOT DIVIDED,4,STRAIGHT AND LEVEL,UNKNOWN,UNKNOWN,NOT ON SCENE (DESK REPORT),NO INJURY / DRIVE AWAY,,,,"OVER $1,500",07/17/2016 03:00:00 PM,UNABLE TO DETERMINE,NOT APPLICABLE,5410,W,IRVING PARK RD,1624,,,,,,,3,NO INDICATION OF INJURY,0,0,0,0,0,0,4,14,1,7,41.9533450497,-87.7625830041,POINT (-87.762583004093 41.953345049669)
f38aa17802309806b9285a7d5eef36e1206e5589ab94de4004050a8ea0ab9866ce91e63f5f72f35914c0ae825b700dc578a4e0d4187bde77146cf6baee5b6c0e,,07/07/2016 07:25:00 PM,20,NO CONTROLS,NO CONTROLS,RAIN,DUSK,PARKED MOTOR VEHICLE,ONE-WAY,1,STRAIGHT AND LEVEL,WET,NO DEFECTS,ON SCENE,NO INJURY / DRIVE AWAY,,,Y,$500 OR LESS,07/07/2016 07:32:00 PM,UNABLE TO DETERMINE,UNABLE TO DETERMINE,7041,S,OGLESBY AVE,331,,,,,,,2,NO INDICATION OF INJURY,0,0,0,0,0,0,1,19,5,7,41.7668753712,-87.5680189425,POINT (-87.568018942491 41.76687537116)
7608fe13eb0e7f2e3126d06aca5155d4e6b8a596cbdbd6697fbd0f8d3bae7dae030a21e273d63ece255a7bf3d8f8ba00ef4c570c1caf61b7004a5493a27e5f91,N,07/07/2016 01:50:00 PM,30,NO CONTROLS,NO CONTROLS,CLEAR,DAYLIGHT,SIDESWIPE SAME DIRECTION,NOT DIVIDED,3,STRAIGHT AND LEVEL,DRY,NO DEFECTS,NOT ON SCENE (DESK REPORT),INJURY AND / OR TOW DUE TO CRASH,,,,"OVER $1,500",07/07/2016 02:00:00 PM,UNABLE TO DETERMINE,UNABLE TO DETERMINE,1001,W,NORTH AVE,1822,,,,,,,2,"REPORTED, NOT EVIDENT",1,0,0,0,1,0,2,13,5,7,41.9107292921,-87.6531526219,POINT (-87.653152621895 41.910729292099)
3e4863171e6faecea56aa944f2eac2200d16693f2280d11c101744478e64ec43391ca8beede3489c6151065e823c22f6e833c37b7007a9213dd6d4cc6a29e415,,06/22/2016 06:30:00 AM,20,NO CONTROLS,NO CONTROLS,CLEAR,DAYLIGHT,PARKED MOTOR VEHICLE,ONE-WAY,1,STRAIGHT AND LEVEL,DRY,NO DEFECTS,NOT ON SCENE (DESK REPORT),NO INJURY / DRIVE AWAY,,,,"$501 - $1,500",06/22/2016 01:53:00 PM,NOT APPLICABLE,NOT APPLICABLE,7207,S,OGLESBY AVE,334,,,,,,,2,NO INDICATION OF INJURY,0,0,0,0,0,0,1,6,4,6,41.7641643754,-87.5675479764,POINT (-87.567547976396 41.764164375383)
6fab3b0736ab9103876955314f9da230db3472d322ff392e107c6c84f08ac26eddfa35765ed091eba826089c3351bb513b700b49c423467a2ca1c6099d992005,,06/20/2016 08:29:00 AM,40,NO CONTROLS,NO CONTROLS,CLEAR,DAYLIGHT,REAR END,NOT DIVIDED,4,STRAIGHT AND LEVEL,DRY,NO DEFECTS,NOT ON SCENE (DESK REPORT),INJURY AND / OR TOW DUE TO CRASH,,,,"$501 - $1,500",06/20/2016 09:15:00 AM,UNABLE TO DETERMINE,UNABLE TO DETERMINE,1734,E,MARQUETTE DR,331,,,,,,,2,"REPORTED, NOT EVIDENT",1,0,0,0,1,0,1,8,2,6,41.7757907252,-87.5824163031,POINT (-87.582416303128 41.77579072524)
cc9bad2a4d32762430d3e3c2b8dd210d1f99b70094685862b9d519f5cd73162c47740d833b9e343777f4fe6c7f20af6ffe920c149543a4e83d6c79c7a3069329,,06/19/2016 08:55:00 AM,30,NO CONTROLS,NO CONTROLS,CLEAR,DAYLIGHT,PARKED MOTOR VEHICLE,NOT DIVIDED,,STRAIGHT AND LEVEL,DRY,UNKNOWN,NOT ON SCENE (DESK REPORT),NO INJURY / DRIVE AWAY,,,Y,$500 OR LESS,06/19/2016 03:07:00 PM,DRIVING SKILLS/KNOWLEDGE/EXPERIENCE,NOT APPLICABLE,7100,S,EBERHART AVE,323,,,,,,,2,NO INDICATION OF INJURY,0,0,0,0,0,0,1,8,1,6,41.7656590861,-87.6129894508,POINT (-87.612989450807 41.765659086146)
4e0b52afb700848152345696240b70c9bdbd14590fa5103f7a07c98ec1f3790b84d16957ebd430c1866df2df878d62bdd8fe25f4c4895bbf38a38e3febd58fd6,,06/15/2016 06:30:00 PM,30,NO CONTROLS,NO CONTROLS,CLEAR,DAYLIGHT,FIXED OBJECT,DIVIDED - W/MEDIAN (NOT RAISED),1,STRAIGHT AND LEVEL,DRY,NO DEFECTS,NOT ON SCENE (DESK REPORT),NO INJURY / DRIVE AWAY,,,,"OVER $1,500",06/16/2016 09:55:00 AM,NOT APPLICABLE,NOT APPLICABLE,2308,N,PARKSIDE AVE,2515,,,,,,,1,,,,,,,,,18,4,6,41.9224519876,-87.7672970093,POINT (-87.767297009272 41.922451987573)
7dc15183e5ee7cece84dafb70089298e42e9f135446f14a7d1ddf46e531c1e6118dc60185d60c6f6787d077b58c25ccad2cd60b41ea6f6857b08f593c8c4fb5a,,06/12/2016 01:00:00 AM,30,NO CONTROLS,NO CONTROLS,CLEAR,"DARKNESS, LIGHTED ROAD",PARKED MOTOR VEHICLE,ONE-WAY,1,STRAIGHT AND LEVEL,DRY,NO DEFECTS,NOT ON SCENE (DESK REPORT),NO INJURY / DRIVE AWAY,,,Y,"$501 - $1,500",06/13/2016 08:20:00 AM,UNABLE TO DETERMINE,UNABLE TO DETERMINE,6605,S,ELLIS AVE,321,,,,,,,2,NO INDICATION OF INJURY,0,0,0,0,0,0,1,1,1,6,41.7748093654,-87.6007889545,POINT (-87.60078895448 41.774809365413)
298c57be1192529f9a2e4cca11b700c3cc59ff8496fe5b2d9b63a230bffc4faa848c516dee56e31ce4daffabbed93573f280d1b5dc54492951d96f18a47764df,,06/08/2016 05:15:00 PM,35,NO CONTROLS,NO CONTROLS,CLEAR,DAYLIGHT,SIDESWIPE SAME DIRECTION,NOT DIVIDED,6,STRAIGHT AND LEVEL,DRY,NO DEFECTS,NOT ON SCENE (DESK REPORT),NO INJURY / DRIVE AWAY,,,,"$501 - $1,500",06/08/2016 06:15:00 PM,FOLLOWING TOO CLOSELY,FOLLOWING TOO CLOSELY,200,W,ROOSEVELT RD,123,,,,,,,3,NO INDICATION OF INJURY,0,0,0,0,0,0,4,17,4,6,41.8674414705,-87.6331110615,POINT (-87.633111061471 41.867441470525)
e89e4a06ab2bf182617c02012dbb6b8010854bdede78112e5e643cfd6c7885a03b70061d43b7cfe270c549a6bc01252e6e1d2dd35bae9105d62fe31c79b99d75,,06/06/2016 02:45:00 PM,30,NO CONTROLS,NO CONTROLS,CLEAR,DAYLIGHT,ANGLE,ONE-WAY,1,STRAIGHT AND LEVEL,DRY,NO DEFECTS,NOT ON SCENE (DESK REPORT),NO INJURY / DRIVE AWAY,,,,"$501 - $1,500",06/06/2016 04:34:00 PM,UNABLE TO DETERMINE,UNABLE TO DETERMINE,11306,S,FORRESTVILLE AVE,531,,,,,,,2,NO INDICATION OF INJURY,0,0,0,0,0,0,2,14,2,6,41.6889006848,-87.6096890622,POINT (-87.609689062177 41.688900684796)
8c86567a8b5b024dd0a12d6fdba9bd721a9df865061fa3436926fa84e21754e80e2d738cebc88f1701d565db71b4628922b6d2d64e72900154acbbdb70087b9d,,05/29/2016 06:35:00 AM,30,TRAFFIC SIGNAL,FUNCTIONING PROPERLY,CLEAR,DAYLIGHT,REAR END,NOT DIVIDED,4,STRAIGHT AND LEVEL,DRY,NO DEFECTS,NOT ON SCENE (DESK REPORT),NO INJURY / DRIVE AWAY,,,,"$501 - $1,500",05/29/2016 07:00:00 AM,FOLLOWING TOO CLOSELY,NOT APPLICABLE,2356,W,107TH ST,2212,,,,,,,2,NO INDICATION OF INJURY,0,0,0,0,0,0,2,6,1,5,41.6991849111,-87.6813152845,POINT (-87.681315284502 41.699184911129)
93b70eb04305245104b0ec6ba28069f0178ca9d88f2cb4adbba23402b70032b586a479f4db569bbb6db9997bbc13623b90bfa91468c6663648f9f1b4df1842dc,,05/28/2016 09:15:00 PM,20,NO CONTROLS,NO CONTROLS,CLEAR,DARKNESS,PARKED MOTOR VEHICLE,NOT DIVIDED,2,STRAIGHT AND LEVEL,DRY,UNKNOWN,NOT ON SCENE (DESK REPORT),NO INJURY / DRIVE AWAY,,,Y,"OVER $1,500",05/29/2016 06:10:00 PM,UNABLE TO DETERMINE,NOT APPLICABLE,3007,W,77TH ST,835,,,,,,,2,NO INDICATION OF INJURY,0,0,0,0,0,0,1,21,7,5,41.7534132185,-87.6978179309,POINT (-87.697817930926 41.753413218486)
7bb628fefa8ab0e302be489bcb9b21ef7934796d339ec4c8f524377e40919226cdddbb70007d0ce642caf8cce7f5ca7576bc5605045c45ada491d9145f5e508a,,05/27/2016 05:15:00 AM,30,TRAFFIC SIGNAL,FUNCTIONING PROPERLY,RAIN,DAYLIGHT,SIDESWIPE SAME DIRECTION,NOT DIVIDED,3,STRAIGHT AND LEVEL,WET,NO DEFECTS,NOT ON SCENE (DESK REPORT),NO INJURY / DRIVE AWAY,,,,$500 OR LESS,05/27/2016 07:25:00 PM,IMPROPER LANE USAGE,UNABLE TO DETERMINE,540,W,MONROE ST,121,,,,,,,2,NO INDICATION OF INJURY,0,0,0,0,0,0,2,5,6,5,41.8806764652,-87.6412295826,POINT (-87.641229582552 41.880676465158)
a8331a3fb7003c8cba136b75c13cde0361051940b889fc7bc32b9e3e7ccba185c578564f98776b8edf2367ac349576c1fa7c826b5088828120177dcb7ceffc6d,Y,05/25/2016 06:50:00 AM,30,TRAFFIC SIGNAL,FUNCTIONING PROPERLY,RAIN,DARKNESS,REAR END,NOT DIVIDED,4,STRAIGHT AND LEVEL,WET,NO DEFECTS,NOT ON SCENE (DESK REPORT),NO INJURY / DRIVE AWAY,,,,"$501 - $1,500",05/26/2016 08:10:00 AM,FOLLOWING TOO CLOSELY,NOT APPLICABLE,6932,W,GRAND AVE,2512,,,,,,,2,NO INDICATION OF INJURY,0,0,0,0,0,0,2,6,4,5,41.923677952,-87.7989994505,POINT (-87.798999450465 41.923677951984)
600e0592ae54e649997578ccbdb099b8fe872927530d4244ae60cf8c4669d2b04a246e680350fe9c000f52f3d472a27b066f7057da8ffda171894802b7007f7c,,05/23/2016 08:15:00 AM,30,NO CONTROLS,NO CONTROLS,CLEAR,DAYLIGHT,SIDESWIPE SAME DIRECTION,NOT DIVIDED,1,STRAIGHT AND LEVEL,DRY,NO DEFECTS,NOT ON SCENE (DESK REPORT),NO INJURY / DRIVE AWAY,,,,"OVER $1,500",05/23/2016 08:45:00 AM,UNABLE TO DETERMINE,NOT APPLICABLE,5551,W,KAMERLING AVE,2532,,,,,,,2,NO INDICATION OF INJURY,0,0,0,0,0,0,2,8,2,5,41.904744314,-87.7656580938,POINT (-87.765658093836 41.904744314008)
803d82e963bd9408fb700445376e79d95a08771a5a6c3588827d8ec775cb2f6684a86f23102acdfd10ece27ea2364445480e207b49f4888374c92266984128c5,,05/20/2016 08:00:00 AM,25,NO CONTROLS,NO CONTROLS,CLEAR,DAYLIGHT,PARKED MOTOR VEHICLE,NOT DIVIDED,2,STRAIGHT AND LEVEL,DRY,NO DEFECTS,NOT ON SCENE (DESK REPORT),NO INJURY / DRIVE AWAY,,,,"OVER $1,500",05/20/2016 05:10:00 PM,FOLLOWING TOO CLOSELY,IMPROPER BACKING,3803,S,MAPLEWOOD AVE,911,,,,,,,2,NO INDICATION OF INJURY,0,0,0,0,0,0,1,8,6,5,41.8245612774,-87.6889019008,POINT (-87.68890190083 41.824561277379)
bdb171f2a74ef859319d4b6b24a929a635f25d612b6e2fa0427ca72c9bd43b700ec77d64712e0cda45b18eaaf14bffc3f71dfe25e140e4d7b9104cf6405912e9,,05/13/2016 06:40:00 AM,30,TRAFFIC SIGNAL,FUNCTIONING PROPERLY,CLEAR,DUSK,REAR END,NOT DIVIDED,4,STRAIGHT AND LEVEL,DRY,NO DEFECTS,NOT ON SCENE (DESK REPORT),NO INJURY / DRIVE AWAY,Y,,,"$501 - $1,500",05/13/2016 07:45:00 AM,FOLLOWING TOO CLOSELY,NOT APPLICABLE,5600,W,DIVISION ST,2531,,,,,,,2,NO INDICATION OF INJURY,0,0,0,0,0,0,2,6,6,5,41.9022535342,-87.7657168889,POINT (-87.765716888859 41.902253534164)
0d82b5c4db7005ac39b97f00774ecbaa6e1f48d97504cdbb3078e3862cbaa4814b890caeeef17501adfdd77965dea9e9b38633a4c82c56f09e382067abdcc38d,,05/05/2016 02:45:00 PM,30,TRAFFIC SIGNAL,FUNCTIONING PROPERLY,CLEAR,DAYLIGHT,REAR END,DIVIDED - W/MEDIAN (NOT RAISED),4,STRAIGHT AND LEVEL,DRY,NO DEFECTS,NOT ON SCENE (DESK REPORT),NO INJURY / DRIVE AWAY,,,,"OVER $1,500",05/05/2016 03:45:00 PM,FAILING TO REDUCE SPEED TO AVOID CRASH,DRIVING SKILLS/KNOWLEDGE/EXPERIENCE,7800,S,KEDZIE AVE,835,,,,,,,2,NO INDICATION OF INJURY,0,0,0,0,0,0,2,14,5,5,41.7515707515,-87.7025928627,POINT (-87.702592862696 41.751570751478)
55a5217e8e7d4a7da807432f50531f029864cae531b7007ba4b2017c15aa93ce65450ac8034ce5657402ecf74a6cfb0ab960f0b82ebf8ae135c4eb179cb4c76f,Y,05/02/2016 10:30:00 AM,30,NO CONTROLS,NO CONTROLS,CLEAR,"DARKNESS, LIGHTED ROAD",PARKED MOTOR VEHICLE,ONE-WAY,4,STRAIGHT AND LEVEL,DRY,NO DEFECTS,NOT ON SCENE (DESK REPORT),NO INJURY / DRIVE AWAY,,,Y,"OVER $1,500",05/02/2016 10:55:00 AM,UNABLE TO DETERMINE,NOT APPLICABLE,1934,S,TRUMBULL AVE,1024,,,,,,,2,NO INDICATION OF INJURY,0,0,0,0,0,0,1,10,2,5,41.8546146806,-87.711378349,POINT (-87.711378349029 41.854614680576)
6d35aca44467f2660a1831ca6c0020c94eccaf0dd1e37bba3712c6a238feb7ca4c3e7e7ae9326d7a04dccbb700be4f504d6c904ed74f34f2f6adbd5673a2c675,,05/01/2016 01:00:00 AM,30,NO CONTROLS,NO CONTROLS,CLEAR,DARKNESS,PARKED MOTOR VEHICLE,ONE-WAY,1,STRAIGHT AND LEVEL,DRY,NO DEFECTS,ON SCENE,NO INJURY / DRIVE AWAY,,,Y,"OVER $1,500",05/03/2016 03:22:00 PM,UNABLE TO DETERMINE,UNABLE TO DETERMINE,613,E,50TH PL,223,,,,,,,2,NO INDICATION OF INJURY,0,0,0,0,0,0,1,1,1,5,41.8029924317,-87.6107247352,POINT (-87.610724735211 41.802992431729)
b700a0c7b8e20f047eec6586f80a34944f59a8d70498b73cec7da5ae26ab6354f1531d36c2ce5db924809f63162d928685ade09eeeddfb0fecd75a096b7b03eb,,04/18/2016 08:20:00 PM,30,TRAFFIC SIGNAL,FUNCTIONING PROPERLY,CLEAR,"DARKNESS, LIGHTED ROAD",REAR END,DIVIDED - W/MEDIAN (NOT RAISED),4,STRAIGHT AND LEVEL,DRY,NO DEFECTS,AMENDED,NO INJURY / DRIVE AWAY,Y,,Y,"OVER $1,500",04/18/2016 09:50:00 PM,IMPROPER BACKING,NOT APPLICABLE,1619,W,MONTEREY AVE,2234,,,,,,,2,NO INDICATION OF INJURY,0,0,0,0,0,0,5,20,2,4,41.6892737955,-87.6624946398,POINT (-87.662494639784 41.689273795462)
07c9cf790fe472823ae57fe0cf64acf53bfd79bb2adbe3969224b491be30dda154612c3f6db0335608763a771aaf515b7004996a316cbcfc2bd67e4452890fac,,04/15/2016 04:45:00 PM,30,TRAFFIC SIGNAL,FUNCTIONING PROPERLY,CLEAR,DAYLIGHT,REAR END,DIVIDED - W/MEDIAN BARRIER,2,STRAIGHT AND LEVEL,DRY,NO DEFECTS,NOT ON SCENE (DESK REPORT),INJURY AND / OR TOW DUE TO CRASH,Y,,,"OVER $1,500",04/15/2016 05:25:00 PM,FAILING TO YIELD RIGHT-OF-WAY,UNABLE TO DETERMINE,1440,N,HUMBOLDT DR,1423,,,,,,,2,"REPORTED, NOT EVIDENT",1,0,0,0,1,0,2,16,6,4,41.9077397333,-87.7014119111,POINT (-87.701411911119 41.907739733306)