CRASH_RECORD_ID,CRASH_DATE_EST_I,CRASH_DATE,POSTED_SPEED_LIMIT,TRAFFIC_CONTROL_DEVICE,DEVICE_CONDITION,WEATHER_CONDITION,LIGHTING_CONDITION,FIRST_CRASH_TYPE,TRAFFICWAY_TYPE,LANE_CNT,ALIGNMENT,ROADWAY_SURFACE_COND,ROAD_DEFECT,REPORT_TYPE,CRASH_TYPE,INTERSECTION_RELATED_I,NOT_RIGHT_OF_WAY_I,HIT_AND_RUN_I,DAMAGE,DATE_POLICE_NOTIFIED,PRIM_CONTRIBUTORY_CAUSE,SEC_CONTRIBUTORY_CAUSE,STREET_NO,STREET_DIRECTION,STREET_NAME,BEAT_OF_OCCURRENCE,PHOTOS_TAKEN_I,STATEMENTS_TAKEN_I,DOORING_I,WORK_ZONE_I,WORK_ZONE_TYPE,WORKERS_PRESENT_I,NUM_UNITS,MOST_SEVERE_INJURY,INJURIES_TOTAL,INJURIES_FATAL,INJURIES_INCAPACITATING,INJURIES_NON_INCAPACITATING,INJURIES_REPORTED_NOT_EVIDENT,INJURIES_UNKNOWN,INJURIES_NO_INDICATION,CRASH_HOUR,CRASH_DAY_OF_WEEK,CRASH_MONTH,LATITUDE,LONGITUDE,LOCATION
68c8b700d8a0899c8b07d66bc8a052386dbe86126cc15e0b12b2e70d945ef1577bcfb5fe8b4a6b9bb1090ee40c6d3e87b0a913a6d291c3786caee93b2c4dae2d,,04/11/2016 04:29:00 PM,15,NO CONTROLS,NO CONTROLS,CLEAR,DAYLIGHT,TURNING,ALLEY,,STRAIGHT AND LEVEL,DRY,NO DEFECTS,NOT ON SCENE (DESK REPORT),NO INJURY / DRIVE AWAY,,,,"OVER $1,500",04/11/2016 06:30:00 PM,EXCEEDING AUTHORIZED SPEED LIMIT,EXCEEDING AUTHORIZED SPEED LIMIT,2524,S,CENTRAL PARK AVE,1013,,,,,,,2,NO INDICATION OF INJURY,0,0,0,0,0,0,2,16,2,4,41.8454429599,-87.7149635189,POINT (-87.714963518882 41.84544295986)
aa124867e35505441e3b7008f81e6391ce0fb42b84fda4f2045bf789acbf1e19572f7c5e1976a203492f877d5907e45c746ed2f34111eb96a2c8bb1faefca7a4,,04/02/2016 03:30:00 PM,0,NO CONTROLS,NO CONTROLS,CLEAR,DAYLIGHT,PARKED MOTOR VEHICLE,PARKING LOT,0,STRAIGHT AND LEVEL,DRY,NO DEFECTS,NOT ON SCENE (DESK REPORT),NO INJURY / DRIVE AWAY,,Y,Y,"OVER $1,500",04/02/2016 06:30:00 PM,DRIVING SKILLS/KNOWLEDGE/EXPERIENCE,UNABLE TO DETERMINE,5050,S,PULASKI RD,815,,,,,,,2,NO INDICATION OF INJURY,0,0,0,0,0,0,1,15,7,4,41.8008514441,-87.7235275505,POINT (-87.723527550533 41.800851444068)
825a5f05b83904f129216b8944f775c9ce4dadbeb5a180fb76dd369dc70e3dc16d1cc5dee4369b9b700d6218ff8dfb4d35954649b047ee1337bbc232c249da5a,,03/24/2016 08:00:00 PM,30,TRAFFIC SIGNAL,FUNCTIONING PROPERLY,CLEAR,DAYLIGHT,REAR END,DIVIDED - W/MEDIAN (NOT RAISED),4,STRAIGHT AND LEVEL,DRY,NO DEFECTS,NOT ON SCENE (DESK REPORT),NO INJURY / DRIVE AWAY,,,,"OVER $1,500",03/24/2016 08:25:00 PM,FAILING TO REDUCE SPEED TO AVOID CRASH,DRIVING SKILLS/KNOWLEDGE/EXPERIENCE,5501,S,PULASKI RD,822,,,,,,,2,NO INDICATION OF INJURY,0,0,0,0,0,0,2,20,5,3,41.7931614864,-87.7230105275,POINT (-87.723010527492 41.793161486356)
334cde7ac9152a984238db7be2181b42dd707a4299d5a1973bb9e90a6cac5e1b24a7ab9108e12f279241b7002ac1d7f77c170b513fd86bf6146d0d84e489be7e,,03/24/2016 01:15:00 PM,30,TRAFFIC SIGNAL,FUNCTIONING PROPERLY,RAIN,DAYLIGHT,TURNING,NOT DIVIDED,2,STRAIGHT AND LEVEL,WET,NO DEFECTS,NOT ON SCENE (DESK REPORT),NO INJURY / DRIVE AWAY,,,Y,"$501 - $1,500",03/25/2016 01:05:00 PM,EXCEEDING AUTHORIZED SPEED LIMIT,IMPROPER LANE USAGE,1800,S,RACINE AVE,1233,,,,,,,2,NO INDICATION OF INJURY,0,0,0,0,0,0,4,13,5,3,41.8578823933,-87.6565738568,POINT (-87.656573856846 41.857882393311)
0d2556f8784a794ec1e427b4d8d4b7009298fc6b61f595ac454f7d92260cdd6134c582f2b27f71304b8d59501822bb10b6e7029769252580894e1aefed230267,,03/23/2016 02:23:00 PM,30,TRAFFIC SIGNAL,FUNCTIONING PROPERLY,CLEAR,DAYLIGHT,TURNING,NOT DIVIDED,2,STRAIGHT AND LEVEL,DRY,NO DEFECTS,NOT ON SCENE (DESK REPORT),NO INJURY / DRIVE AWAY,Y,,Y,"OVER $1,500",03/31/2016 03:45:00 PM,IMPROPER TURNING/NO SIGNAL,UNABLE TO DETERMINE,1800,S,WABASH AVE,131,,,,,,,2,NO INDICATION OF INJURY,0,0,0,0,0,0,2,14,4,3,41.8577891552,-87.6257559805,POINT (-87.625755980472 41.857789155165)
a9c44857c967c25a0e715604699f6ff4c2308923d5726aa1837bef2d1824dcdd46f5db90df9a8cdedbb1d3361cf5678d4d52670f2b551e0633968a3b7007938f,,03/20/2016 01:30:00 PM,30,TRAFFIC SIGNAL,FUNCTIONING PROPERLY,CLEAR,DAYLIGHT,TURNING,OTHER,,STRAIGHT AND LEVEL,DRY,NO DEFECTS,NOT ON SCENE (DESK REPORT),NO INJURY / DRIVE AWAY,Y,,,"$501 - $1,500",03/20/2016 02:30:00 PM,FAILING TO YIELD RIGHT-OF-WAY,UNABLE TO DETERMINE,1600,S,LAKE SHORE DR E,132,,,,,,,2,NO INDICATION OF INJURY,0,0,0,0,0,0,2,13,1,3,41.8602572412,-87.6177106332,POINT (-87.617710633167 41.860257241153)
10c5e8a6a426af4a6241dcd59de0bd537172c1e32f755442305b13d6a261a3778dc6d30d87a86fa4f68f50037bfa7196fbde006e6ca35aa0cb605cebfb700037,,03/15/2016 04:00:00 PM,30,NO CONTROLS,NO CONTROLS,CLEAR,DAYLIGHT,SIDESWIPE SAME DIRECTION,NOT DIVIDED,4,STRAIGHT AND LEVEL,DRY,NO DEFECTS,NOT ON SCENE (DESK REPORT),NO INJURY / DRIVE AWAY,,,,$500 OR LESS,03/15/2016 04:22:00 PM,IMPROPER OVERTAKING/PASSING,NOT APPLICABLE,5400,S,ASHLAND AVE,932,,Y,,,,,2,NO INDICATION OF INJURY,0,0,0,0,0,0,2,16,3,3,41.7957571649,-87.664781391,POINT (-87.664781390978 41.795757164868)
1555259730120e10f7ecaf7efb25eb3fc2ca250faeec02028523ae5ff2b5952405c0745eab7a1f32159ac99ad5591f996539678f2095cc84b700a5cc0d13eac0,,03/02/2016 05:10:00 PM,30,TRAFFIC SIGNAL,FUNCTIONING PROPERLY,CLEAR,DAYLIGHT,TURNING,NOT DIVIDED,2,STRAIGHT AND LEVEL,DRY,NO DEFECTS,NOT ON SCENE (DESK REPORT),NO INJURY / DRIVE AWAY,Y,,,"OVER $1,500",03/02/2016 07:15:00 PM,UNABLE TO DETERMINE,UNABLE TO DETERMINE,1100,W,NORTH AVE,1811,,,,,,,2,NO INDICATION OF INJURY,0,0,0,0,0,0,2,17,4,3,41.910902757,-87.6561969282,POINT (-87.656196928174 41.910902757043)
8d73ce4bf5ad1dfdacb8ad2219fdda77803d0a017d1726177ca72a5c1e1c4a8dce6b6985edb7001bd61e4f184bee3e8c03ecd9bc6ce59a7bcd9be2e4d2aab7b9,,02/29/2016 04:55:00 PM,30,NO CONTROLS,NO CONTROLS,CLEAR,DAYLIGHT,REAR END,NOT DIVIDED,1,STRAIGHT AND LEVEL,DRY,NO DEFECTS,NOT ON SCENE (DESK REPORT),NO INJURY / DRIVE AWAY,,,,"OVER $1,500",03/01/2016 07:25:00 PM,FOLLOWING TOO CLOSELY,NOT APPLICABLE,3900,W,JACKSON BLVD,1122,,,,,,,2,NO INDICATION OF INJURY,0,0,0,0,0,0,2,16,2,2,41.8772264074,-87.7232306793,POINT (-87.723230679316 41.877226407364)
14ff6e392a38662a0008cf75eb7007463bcf586f8f947289cd0030b5899b2ddd9d329fa07d22931e0d246a51fed652f447b9ac900163b167a292293c95d5cfdc,,02/19/2016 03:50:00 PM,30,NO CONTROLS,NO CONTROLS,SEVERE CROSS WIND GATE,DAYLIGHT,OTHER NONCOLLISION,DIVIDED - W/MEDIAN (NOT RAISED),4,STRAIGHT AND LEVEL,DRY,NO DEFECTS,NOT ON SCENE (DESK REPORT),NO INJURY / DRIVE AWAY,,,,"OVER $1,500",02/19/2016 06:30:00 PM,NOT APPLICABLE,NOT APPLICABLE,334,W,35TH ST,915,,,,,,,1,NO INDICATION OF INJURY,0,0,0,0,0,0,1,15,6,2,41.8310043604,-87.635211342,POINT (-87.635211342005 41.831004360424)
7384e3de94c8eaea770557ec01b7000746b870ffd42bbceacdd968105c824e82b65e4f6aebb31089bc18d42728f64efd3a84d6965c8515c6af496bea759428f3,Y,02/13/2016 04:15:00 AM,30,STOP SIGN/FLASHER,FUNCTIONING PROPERLY,CLEAR,"DARKNESS, LIGHTED ROAD",REAR END,NOT DIVIDED,2,STRAIGHT AND LEVEL,DRY,NO DEFECTS,NOT ON SCENE (DESK REPORT),NO INJURY / DRIVE AWAY,,,,"OVER $1,500",02/22/2016 04:10:00 PM,FOLLOWING TOO CLOSELY,NOT APPLICABLE,2658,S,KEDZIE AVE,1032,,,,,,,3,NO INDICATION OF INJURY,0,0,0,0,0,0,3,4,7,2,41.8427845479,-87.7051345742,POINT (-87.705134574246 41.84278454789)
828d2b7997ab92b4050450812b700b93d69620f2143cba92cd6faa41c2407084ce81e950ec84a7f81a7b5be05ca122c376f792031259bbfbe4f8c34f6a2d9a5e,,02/10/2016 09:00:00 PM,30,TRAFFIC SIGNAL,FUNCTIONING PROPERLY,CLEAR,"DARKNESS, LIGHTED ROAD",REAR END,DIVIDED - W/MEDIAN (NOT RAISED),6,STRAIGHT AND LEVEL,DRY,NO DEFECTS,NOT ON SCENE (DESK REPORT),INJURY AND / OR TOW DUE TO CRASH,Y,,,"$501 - $1,500",02/11/2016 04:00:00 PM,FOLLOWING TOO CLOSELY,NOT APPLICABLE,5500,S,PULASKI RD,813,,,,,,,2,"REPORTED, NOT EVIDENT",1,0,0,0,1,0,1,21,4,2,41.7931550607,-87.7233037646,POINT (-87.723303764642 41.793155060731)
64cea45099962938e4ce8cbf66a55949aae6b1eeb6481df463f2a8fda0b5e087b8cf42b7000bf0113f483ad75a7bd4e7ebf3ec6bb8f60d8de4d3e0c263cafdfc,,02/08/2016 06:30:00 PM,15,NO CONTROLS,NO CONTROLS,CLEAR,DAYLIGHT,PARKED MOTOR VEHICLE,PARKING LOT,,STRAIGHT AND LEVEL,DRY,NO DEFECTS,NOT ON SCENE (DESK REPORT),NO INJURY / DRIVE AWAY,,Y,Y,"OVER $1,500",02/09/2016 05:40:00 PM,UNABLE TO DETERMINE,NOT APPLICABLE,441,E,ONTARIO ST,1834,,,,,,,2,NO INDICATION OF INJURY,0,0,0,0,0,0,1,18,2,2,41.8933500212,-87.6161592993,POINT (-87.616159299254 41.893350021207)
0ce1953bcc3c899ed5519a314735160dec3232348895c35962de82bfc31c991ebd62e5b700adc0b5eeb408d562d18b53f27cba7a1ab3f3a3fcaa2697dcff62dc,,02/02/2016 01:29:00 PM,35,NO CONTROLS,NO CONTROLS,RAIN,DAYLIGHT,REAR END,ONE-WAY,2,STRAIGHT AND LEVEL,WET,NO DEFECTS,NOT ON SCENE (DESK REPORT),NO INJURY / DRIVE AWAY,,,,"OVER $1,500",02/02/2016 01:56:00 PM,NOT APPLICABLE,NOT APPLICABLE,538,S,DEARBORN ST,123,,,,,,,2,NO INDICATION OF INJURY,0,0,0,0,0,0,2,13,3,2,41.8749294659,-87.6293643968,POINT (-87.62936439681 41.874929465917)
cca3e60ad92b18e174dda71fb7008edeb375ea463ad5c7b175cc2e3557ce173c4bf6881f009d690896384d1661e8e2d89f7e00bace33a3b69253593609ea64ea,,01/24/2016 03:00:00 AM,30,UNKNOWN,UNKNOWN,UNKNOWN,UNKNOWN,PARKED MOTOR VEHICLE,ONE-WAY,1,STRAIGHT AND LEVEL,UNKNOWN,UNKNOWN,NOT ON SCENE (DESK REPORT),NO INJURY / DRIVE AWAY,,,Y,"OVER $1,500",01/25/2016 04:25:00 PM,UNABLE TO DETERMINE,NOT APPLICABLE,5000,N,MONITOR AVE,1622,,,,,,,2,NO INDICATION OF INJURY,0,0,0,0,0,0,1,3,1,1,41.9722931127,-87.7747591644,POINT (-87.774759164386 41.972293112707)
c0c57080db7005f0a11d1e43ccd43709d871e3c56adba0c6489376847386162b89a8827bf23a4f7b1b9ef39a513398a0051081d7224e48585919a573c2d14c3c,,01/20/2016 01:45:00 PM,35,NO CONTROLS,NO CONTROLS,CLEAR,DAYLIGHT,REAR END,ONE-WAY,3,STRAIGHT AND LEVEL,DRY,NO DEFECTS,NOT ON SCENE (DESK REPORT),NO INJURY / DRIVE AWAY,,,,"OVER $1,500",01/20/2016 02:19:00 PM,NOT APPLICABLE,BICYCLE ADVANCING LEGALLY ON RED LIGHT,111,N,DEARBORN ST,111,,,,,,,2,NO INDICATION OF INJURY,0,0,0,0,0,0,2,13,4,1,41.8834700627,-87.6292808522,POINT (-87.629280852229 41.883470062657)
78e5ca53822e22db717eab71168395aa94002bb700e8187e6009055ec442bed0232f017c11acb91baadbfc37c1755802cbad97fcc80e85457476c45ad61ea68b,,01/16/2016 04:06:00 PM,25,TRAFFIC SIGNAL,FUNCTIONING PROPERLY,CLEAR,DAYLIGHT,ANGLE,NOT DIVIDED,3,STRAIGHT AND LEVEL,UNKNOWN,UNKNOWN,ON SCENE,NO INJURY / DRIVE AWAY,Y,,,"$501 - $1,500",01/16/2016 04:37:00 PM,DISREGARDING TRAFFIC SIGNALS,NOT APPLICABLE,6100,S,INDIANA AVE,311,,,,,,,2,NO INDICATION OF INJURY,0,0,0,0,0,0,2,16,7,1,41.7837350801,-87.6207073732,POINT (-87.620707373155 41.783735080115)
346893da67a4586f3c6f0e42d1a2034af1f23de278000cfbafe6c83d0b3f5abdb88bf4eadaae0e1cc3f2cbd7022b9246f7eb4dab4ea5843f97e08b700ccf328e,,01/16/2016 03:30:00 PM,35,TRAFFIC SIGNAL,FUNCTIONING PROPERLY,CLEAR,DAYLIGHT,REAR END,NOT DIVIDED,4,STRAIGHT AND LEVEL,DRY,NO DEFECTS,NOT ON SCENE (DESK REPORT),NO INJURY / DRIVE AWAY,,,,$500 OR LESS,01/16/2016 03:48:00 PM,FOLLOWING TOO CLOSELY,NOT APPLICABLE,7600,S,STONY ISLAND AVE,411,,,,,,,2,NO INDICATION OF INJURY,0,0,0,0,0,0,2,15,7,1,41.7568971726,-87.5862342851,POINT (-87.58623428507 41.756897172602)
b3787fba209280b4ed29e4fbe23035cd5b3b917067da9c11c14b69d9773a4d684bb70043b0dca69acdc552101eddb87fa865103340f2ab3a7ef5cddb3bb21207,,01/15/2016 10:30:00 AM,30,NO CONTROLS,NO CONTROLS,CLEAR,DAYLIGHT,OTHER NONCOLLISION,DIVIDED - W/MEDIAN (NOT RAISED),4,STRAIGHT AND LEVEL,WET,"RUT, HOLES",NOT ON SCENE (DESK REPORT),NO INJURY / DRIVE AWAY,,,,"$501 - $1,500",01/18/2016 11:30:00 AM,NOT APPLICABLE,NOT APPLICABLE,2845,W,FULLERTON AVE,1414,Y,,,N,,,1,NO INDICATION OF INJURY,0,0,0,0,0,0,1,10,6,1,41.9246819313,-87.6991524878,POINT (-87.699152487771 41.924681931268)
52d1b1bf3f1e64c2b80dedb0331f319eaaaebb7b82e8e3972d0a3bc5592e1747b8d0fc103e8524b3d4ba95fb82264b6bd145f2160b70064edc68a2a4c9c7a673,Y,01/04/2016 12:00:00 AM,30,NO CONTROLS,NO CONTROLS,CLEAR,"DARKNESS, LIGHTED ROAD",PARKED MOTOR VEHICLE,DIVIDED - W/MEDIAN (NOT RAISED),2,STRAIGHT AND LEVEL,DRY,NO DEFECTS,NOT ON SCENE (DESK REPORT),NO INJURY / DRIVE AWAY,,,Y,"OVER $1,500",01/04/2016 04:50:00 PM,UNABLE TO DETERMINE,NOT APPLICABLE,2346,W,FULLERTON AVE,1432,,,,,,,2,NO INDICATION OF INJURY,0,0,0,0,0,0,1,0,2,1,41.9250163322,-87.6870332998,POINT (-87.687033299841 41.925016332198)
0c7b786e661c2d0b6f5f5c288d5f15bcfb7004b4c6694261b457404cf8039bc61856b7469d398ea4ee38b521e1afcf7c5f83d0337f5254db0a0c5b167460910a,,12/25/2015 06:30:00 PM,30,NO CONTROLS,NO CONTROLS,CLEAR,"DARKNESS, LIGHTED ROAD",PARKED MOTOR VEHICLE,NOT DIVIDED,2,STRAIGHT AND LEVEL,DRY,NO DEFECTS,NOT ON SCENE (DESK REPORT),NO INJURY / DRIVE AWAY,,,,"$501 - $1,500",12/26/2015 09:45:00 AM,IMPROPER BACKING,NOT APPLICABLE,321,S,HAMLIN BLVD,1133,,,,,,,2,NO INDICATION OF INJURY,0,0,0,0,0,0,1,18,6,12,41.8764997877,-87.720329843,POINT (-87.72032984297 41.876499787726)
5874aa3c2a348c680f1f932f7f97dc40ea2bb145944b700c11aabe5b01213adbe7a1753fe0f578229966d2391f8353b80b70ca826a14931730500687bdb69c80,,12/15/2015 09:15:00 AM,30,TRAFFIC SIGNAL,FUNCTIONING PROPERLY,UNKNOWN,DAYLIGHT,TURNING,DIVIDED - W/MEDIAN BARRIER,4,STRAIGHT AND LEVEL,DRY,NO DEFECTS,NOT ON SCENE (DESK REPORT),NO INJURY / DRIVE AWAY,,,,"OVER $1,500",12/15/2015 11:00:00 AM,UNABLE TO DETERMINE,UNABLE TO DETERMINE,10700,S,HALSTED ST,2233,,,,,,,2,NO INDICATION OF INJURY,0,0,0,0,0,0,2,9,3,12,41.6995474147,-87.6427519151,POINT (-87.64275191512 41.699547414667)
455cbe18c78328b43025f21744235e40de130b0832b8c0f3f1605b70075972c676c093dae8889ddae4287729553578a477a62a4ceb11e16148196fa976ae1ca1,Y,12/07/2015 02:40:00 PM,15,NO CONTROLS,NO CONTROLS,CLOUDY/OVERCAST,DAYLIGHT,PARKED MOTOR VEHICLE,PARKING LOT,1,STRAIGHT AND LEVEL,DRY,NO DEFECTS,NOT ON SCENE (DESK REPORT),NO INJURY / DRIVE AWAY,,,Y,"$501 - $1,500",12/07/2015 06:05:00 PM,UNABLE TO DETERMINE,UNABLE TO DETERMINE,5674,S,ARCHER AVE,814,,,,,,,2,NO INDICATION OF INJURY,0,0,0,0,0,0,1,14,2,12,41.7972610049,-87.7530703269,POINT (-87.753070326938 41.797261004923)
fc208eaa59e63e30dfd0fd67b267aaa0c640f4b606851150b1b3c10092434b66ea641fe299020455899b70086e428ca9df53bc1a6988c07f91c76b76086c3bbe,,12/04/2015 04:15:00 PM,30,TRAFFIC SIGNAL,FUNCTIONING PROPERLY,CLEAR,DAYLIGHT,SIDESWIPE SAME DIRECTION,DIVIDED - W/MEDIAN (NOT RAISED),2,STRAIGHT AND LEVEL,DRY,NO DEFECTS,NOT ON SCENE (DESK REPORT),NO INJURY / DRIVE AWAY,,,,"$501 - $1,500",12/06/2015 02:00:00 PM,IMPROPER OVERTAKING/PASSING,NOT APPLICABLE,4800,N,KIMBALL AVE,1712,,,,,,,2,NO INDICATION OF INJURY,0,0,0,0,0,0,2,16,6,12,41.9684888778,-87.713513494,POINT (-87.713513494027 41.968488877833)
2e370ccc4fb700dc9343eea07ee41dcd25e30ffd208aa709bd0950353f5c0c4d1d05fd35d12ec5f8d0b42ec8ca7b36053f9be1ebb27871a0ab4a728695328d74,Y,11/21/2015 12:30:00 PM,35,STOP SIGN/FLASHER,FUNCTIONING IMPROPERLY,SNOW,DAYLIGHT,REAR END,NOT DIVIDED,2,STRAIGHT ON GRADE,SNOW OR SLUSH,UNKNOWN,NOT ON SCENE (DESK REPORT),NO INJURY / DRIVE AWAY,,,,$500 OR LESS,11/21/2015 01:30:00 PM,FOLLOWING TOO CLOSELY,FOLLOWING TOO CLOSELY,150,W,18TH ST,914,,,,,,,2,NO INDICATION OF INJURY,0,0,0,0,0,0,3,12,7,11,41.8578667824,-87.6314293597,POINT (-87.631429359658 41.857866782446)
1419c4f81d1a5d596ce5a641481f486c7978e7fadfbb84b5a24dfff9c09f27501b526806b73e0a348e11b3a6d56386317b7003b0443b28480f4a66db1716faf2,,11/04/2015 05:20:00 PM,30,NO CONTROLS,NO CONTROLS,CLEAR,DAYLIGHT,REAR END,NOT DIVIDED,,STRAIGHT AND LEVEL,DRY,NO DEFECTS,NOT ON SCENE (DESK REPORT),NO INJURY / DRIVE AWAY,,,Y,"OVER $1,500",11/04/2015 05:40:00 PM,NOT APPLICABLE,NOT APPLICABLE,300,S,WESTERN AVE,1125,,,,,,,2,NO INDICATION OF INJURY,0,0,0,0,0,0,2,17,4,11,41.8774765657,-87.6864897761,POINT (-87.686489776112 41.877476565665)
949844d871d7cc646e7769354ad2b3930593b7003113f7ca112cc7dc31e84bb090a26e66713abf670af6f0c7a0b5409c34f1a479dea147cbd38d177f2469d243,,11/01/2015 11:30:00 AM,30,NO CONTROLS,NO CONTROLS,CLEAR,DAYLIGHT,REAR END,DIVIDED - W/MEDIAN (NOT RAISED),,STRAIGHT AND LEVEL,DRY,NO DEFECTS,NOT ON SCENE (DESK REPORT),NO INJURY / DRIVE AWAY,,,Y,$500 OR LESS,11/01/2015 02:50:00 PM,FOLLOWING TOO CLOSELY,NOT APPLICABLE,5451,W,CHICAGO AVE,1524,,,,,,,2,NO INDICATION OF INJURY,0,0,0,0,0,0,2,11,1,11,41.8947656378,-87.7626340658,POINT (-87.762634065775 41.894765637802)
8ec95fba7e4531be49033311e1ba0ff2df3b6f16051fb6946264b3285a9798f762049ab22795fa00efef2b2e4f011376acc90c9764fd3558dacb70060b5c525f,,10/25/2015 04:15:00 PM,40,TRAFFIC SIGNAL,FUNCTIONING PROPERLY,CLEAR,DAYLIGHT,REAR END,DIVIDED - W/MEDIAN BARRIER,,STRAIGHT AND LEVEL,DRY,NO DEFECTS,NOT ON SCENE (DESK REPORT),NO INJURY / DRIVE AWAY,Y,,,"OVER $1,500",10/25/2015 04:51:00 PM,FOLLOWING TOO CLOSELY,DRIVING SKILLS/KNOWLEDGE/EXPERIENCE,1200,S,LAKE SHORE DR E,132,,,,,,,2,NO INDICATION OF INJURY,0,0,0,0,0,0,2,16,1,10,41.8674461119,-87.6189044881,POINT (-87.618904488078 41.867446111851)
15a79b5135723b70083d425251ba8ee0eb07cfb7b5a9512504817fa7825a356fe6f377013e1128503ae6d44fe95063d1f121d770600638307675ebe2c6b96b74,,10/21/2015 06:45:00 PM,30,OTHER,OTHER,CLEAR,DAYLIGHT,PARKED MOTOR VEHICLE,DIVIDED - W/MEDIAN (NOT RAISED),2,STRAIGHT AND LEVEL,DRY,NO DEFECTS,NOT ON SCENE (DESK REPORT),NO INJURY / DRIVE AWAY,,,,$500 OR LESS,10/21/2015 08:15:00 PM,UNABLE TO DETERMINE,NOT APPLICABLE,505,N,MICHIGAN AVE,1834,,,,,,,2,NO INDICATION OF INJURY,0,0,0,0,0,0,3,18,4,10,41.891120593,-87.6239887043,POINT (-87.623988704323 41.891120593049)
36f41d78503000ed6d282308749992a0035c5508d0bc43b7003300d6473a46c4c51c5dc04a66f40fab6d39eb01675e7a91242af2310bd305ff425b896aebdc41,,10/07/2015 03:30:00 PM,30,NO CONTROLS,NO CONTROLS,CLEAR,DAYLIGHT,REAR END,NOT DIVIDED,2,STRAIGHT AND LEVEL,DRY,NO DEFECTS,NOT ON SCENE (DESK REPORT),NO INJURY / DRIVE AWAY,,,,"$501 - $1,500",10/07/2015 04:10:00 PM,FOLLOWING TOO CLOSELY,NOT APPLICABLE,6134,N,NAGLE AVE,1611,,,,,,,2,NO INDICATION OF INJURY,0,0,0,0,0,0,2,15,4,10,41.9923259175,-87.7877082906,POINT (-87.787708290559 41.992325917471)
f4aa8a3eb86e73b96d728aac2ec567dc70943b8b7004ac4d587d496a14c285b71d92a6c738e754d272a100761e3f8bd4af7c16580849f8799a68c522e7c93115,,10/04/2015 11:30:00 AM,30,NO CONTROLS,NO CONTROLS,CLEAR,DAYLIGHT,REAR END,DIVIDED - W/MEDIAN (NOT RAISED),,STRAIGHT AND LEVEL,DRY,NO DEFECTS,NOT ON SCENE (DESK REPORT),NO INJURY / DRIVE AWAY,,,,"OVER $1,500",10/04/2015 02:00:00 PM,FAILING TO REDUCE SPEED TO AVOID CRASH,FOLLOWING TOO CLOSELY,5714,S,SEELEY AVE,715,,,,,,,2,NO INDICATION OF INJURY,0,0,0,0,0,0,2,11,1,10,41.7897680954,-87.6755474778,POINT (-87.67554747779 41.789768095417)
031a861b7004423afa02ff320469977ffc787239e17a8d78d26e35400d77926c782463f536a2a159c9a373f76556cfba81544072afed6801155ec987c706268b,Y,10/02/2015 04:24:00 PM,30,TRAFFIC SIGNAL,FUNCTIONING PROPERLY,CLEAR,DAYLIGHT,REAR END,NOT DIVIDED,2,STRAIGHT AND LEVEL,DRY,NO DEFECTS,NOT ON SCENE (DESK REPORT),NO INJURY / DRIVE AWAY,Y,,,$500 OR LESS,10/02/2015 04:50:00 PM,FOLLOWING TOO CLOSELY,NOT APPLICABLE,999,W,HOLLYWOOD AVE,2022,,,,,,,2,NO INDICATION OF INJURY,0,0,0,0,0,0,3,16,6,10,41.9854506099,-87.6551344051,POINT (-87.655134405071 41.985450609912)
21f7f94ba3a5c2e044b137c9e0a7d42e28698df0bbc00dd1c5aa36e8b70052bedc4a5bead6af4a102a4d9806dfcb398d874b834c78ff5845fa312e88f4c71a43,,09/22/2015 03:07:00 PM,30,NO CONTROLS,NO CONTROLS,CLEAR,DAYLIGHT,PARKED MOTOR VEHICLE,ONE-WAY,1,STRAIGHT AND LEVEL,DRY,NO DEFECTS,NOT ON SCENE (DESK REPORT),NO INJURY / DRIVE AWAY,,,,"$501 - $1,500",09/23/2015 10:15:00 AM,UNABLE TO DETERMINE,UNABLE TO DETERMINE,3307,W,FRANKLIN SD,1123,,,,,,,2,NO INDICATION OF INJURY,0,0,0,0,0,0,2,15,3,9,,,
048a26e82e260d8d71a5b67e209027a6324e6ce8b70074fa5c3958a791bf7e79c3c09f015e5719f14db9e39d2bea39ae0a7edc02dca860860077fa4a5315d9ea,,08/31/2015 04:00:00 PM,35,TRAFFIC SIGNAL,FUNCTIONING PROPERLY,CLEAR,DAYLIGHT,REAR END,DIVIDED - W/MEDIAN BARRIER,6,STRAIGHT AND LEVEL,DRY,NO DEFECTS,NOT ON SCENE (DESK REPORT),NO INJURY / DRIVE AWAY,,,,"$501 - $1,500",09/22/2015 11:08:00 AM,FOLLOWING TOO CLOSELY,UNABLE TO DETERMINE,7901,S,CICERO AVE,834,,,,,,,2,NO INDICATION OF INJURY,0,0,0,0,0,0,5,16,2,8,41.7490650565,-87.741203904,POINT (-87.741203904025 41.749065056465)
7d32d80bb700ef9b9474d40b764a8397b11e46033a173994132d98560804eeba0303b7526b0f4c770d62c5004aa32e2cf209cd0cc65cc33dc99cf5d5c8846733,,08/20/2014 04:50:00 PM,0,NO CONTROLS,NO CONTROLS,CLEAR,DAYLIGHT,REAR END,NOT DIVIDED,2,STRAIGHT AND LEVEL,DRY,NO DEFECTS,NOT ON SCENE (DESK REPORT),NO INJURY / DRIVE AWAY,,,,"OVER $1,500",08/20/2016 08:32:00 PM,UNABLE TO DETERMINE,UNABLE TO DETERMINE,713,E,79TH ST,624,,,,,,,2,NO INDICATION OF INJURY,0,0,0,0,0,0,2,16,4,8,41.7511432175,-87.6070906279,POINT (-87.607090627909 41.751143217534)